CVE,Rank,Score,Old CWE
CVE-2002-2227,"['CWE-787', 'CWE-416', 'CWE-125', 'CWE-120', 'CWE-190', 'CWE-415', 'CWE-129', 'CWE-134', 'CWE-824', 'CWE-1284']","[-3.013903  -3.1277385 -3.1425002 -3.3526738 -3.6434865 -3.9728808
 -3.9960506 -4.184835  -4.5182104 -5.516761 ]",CWE-119
CVE-2003-0545,"['CWE-787', 'CWE-125', 'CWE-416', 'CWE-190', 'CWE-120', 'CWE-415', 'CWE-134', 'CWE-824', 'CWE-129', 'CWE-470']","[-3.7323608 -3.8410258 -3.876295  -3.9074602 -3.9504006 -4.4808297
 -4.574159  -4.70578   -4.767739  -5.7806315]",CWE-119
CVE-2003-0899,"['CWE-787', 'CWE-416', 'CWE-125', 'CWE-120', 'CWE-190', 'CWE-415', 'CWE-129', 'CWE-134', 'CWE-824', 'CWE-1284']","[-2.9854274 -3.0939794 -3.138255  -3.3687503 -3.599178  -4.0407104
 -4.066648  -4.246164  -4.525599  -5.5614343]",CWE-119
CVE-2003-1048,"['CWE-125', 'CWE-787', 'CWE-416', 'CWE-190', 'CWE-120', 'CWE-415', 'CWE-134', 'CWE-129', 'CWE-824', 'CWE-470']","[-3.7497144 -3.9631965 -4.077538  -4.3246694 -4.385177  -4.7752004
 -4.893812  -5.113844  -5.392308  -6.2234063]",CWE-119
CVE-2003-1387,"['CWE-787', 'CWE-125', 'CWE-416', 'CWE-120', 'CWE-190', 'CWE-415', 'CWE-129', 'CWE-134', 'CWE-824', 'CWE-1284']","[-2.9800985 -3.050819  -3.0623808 -3.2489042 -3.5617352 -3.866094
 -3.9101348 -4.151127  -4.3527603 -5.368074 ]",CWE-119
CVE-2003-1388,"['CWE-787', 'CWE-416', 'CWE-125', 'CWE-120', 'CWE-190', 'CWE-415', 'CWE-129', 'CWE-134', 'CWE-824', 'CWE-470']","[-2.9240544 -3.0306287 -3.035382  -3.2262206 -3.5076597 -3.850693
 -3.8832653 -4.110803  -4.4058857 -5.416348 ]",CWE-119
CVE-2003-1396,"['CWE-787', 'CWE-416', 'CWE-125', 'CWE-120', 'CWE-190', 'CWE-415', 'CWE-129', 'CWE-134', 'CWE-824', 'CWE-1284']","[-2.9654047 -3.0596879 -3.097995  -3.3136969 -3.5519607 -3.960089
 -3.97982   -4.158431  -4.419715  -5.4787936]",CWE-119
CVE-2004-0772,"['CWE-787', 'CWE-190', 'CWE-125', 'CWE-416', 'CWE-120', 'CWE-415', 'CWE-134', 'CWE-824', 'CWE-129', 'CWE-470']","[-4.083491  -4.1710343 -4.207159  -4.361506  -4.4393363 -4.887014
 -5.0463314 -5.1663165 -5.1989565 -6.0918345]",CWE-119
CVE-2004-0940,"['CWE-125', 'CWE-190', 'CWE-787', 'CWE-416', 'CWE-120', 'CWE-415', 'CWE-134', 'CWE-824', 'CWE-129', 'CWE-470']","[-4.821083  -4.881085  -4.9944434 -5.23244   -5.69076   -5.8136425
 -5.969091  -6.2398367 -6.371418  -7.0536504]",CWE-119
CVE-2004-1363,"['CWE-125', 'CWE-787', 'CWE-190', 'CWE-416', 'CWE-120', 'CWE-415', 'CWE-134', 'CWE-824', 'CWE-129', 'CWE-470']","[-4.808167  -5.010139  -5.0185137 -5.2069407 -5.8191624 -5.9006658
 -6.0077567 -6.257011  -6.4030876 -7.2066216]",CWE-119
CVE-2005-0891,"['CWE-787', 'CWE-125', 'CWE-416', 'CWE-190', 'CWE-120', 'CWE-415', 'CWE-134', 'CWE-824', 'CWE-129', 'CWE-470']","[-3.8246887 -4.026587  -4.082584  -4.1450577 -4.1568656 -4.7049346
 -4.8353148 -4.846925  -4.9454694 -6.0881577]",CWE-119
CVE-2005-1689,"['CWE-787', 'CWE-125', 'CWE-190', 'CWE-416', 'CWE-120', 'CWE-415', 'CWE-134', 'CWE-129', 'CWE-824', 'CWE-470']","[-3.783695  -3.9586563 -4.0913024 -4.093402  -4.1002545 -4.58953
 -4.7666426 -4.8852496 -4.92921   -5.9407597]",CWE-119
CVE-2006-4482,"['CWE-787', 'CWE-125', 'CWE-416', 'CWE-120', 'CWE-190', 'CWE-415', 'CWE-134', 'CWE-129', 'CWE-824', 'CWE-470']","[-3.5909595 -3.6319108 -3.798923  -4.0167165 -4.095857  -4.518257
 -4.5386634 -4.711241  -4.825392  -5.86427  ]",CWE-119
CVE-2007-0455,"['CWE-787', 'CWE-125', 'CWE-416', 'CWE-120', 'CWE-190', 'CWE-415', 'CWE-129', 'CWE-134', 'CWE-824', 'CWE-1284']","[-2.9866927 -3.0658567 -3.0918424 -3.266101  -3.5467317 -3.9019458
 -3.9184349 -4.1305327 -4.3886313 -5.400806 ]",CWE-119
CVE-2007-1285,"['CWE-787', 'CWE-125', 'CWE-416', 'CWE-120', 'CWE-190', 'CWE-134', 'CWE-415', 'CWE-129', 'CWE-824', 'CWE-470']","[-3.6081016 -3.705949  -3.8185036 -3.980625  -4.1737633 -4.560594
 -4.585435  -4.664886  -4.839636  -5.913082 ]",CWE-119
CVE-2007-2356,"['CWE-787', 'CWE-125', 'CWE-416', 'CWE-120', 'CWE-190', 'CWE-415', 'CWE-824', 'CWE-129', 'CWE-134', 'CWE-470']","[-3.4480145 -3.6913223 -3.7274008 -3.777776  -4.0495405 -4.432789
 -4.6200867 -4.6246495 -4.6672845 -5.870868 ]",CWE-119
CVE-2007-3929,"['CWE-787', 'CWE-125', 'CWE-416', 'CWE-120', 'CWE-190', 'CWE-415', 'CWE-129', 'CWE-134', 'CWE-824', 'CWE-1284']","[-3.0024676 -3.0691168 -3.0903113 -3.3465087 -3.634616  -3.9515076
 -3.9578133 -4.18713   -4.434672  -5.4499607]",CWE-119
CVE-2007-4278,"['CWE-787', 'CWE-125', 'CWE-416', 'CWE-120', 'CWE-190', 'CWE-415', 'CWE-134', 'CWE-824', 'CWE-129', 'CWE-470']","[-3.4877183 -3.5495248 -3.6234915 -3.6968684 -3.7905552 -4.2630663
 -4.422796  -4.497011  -4.5569897 -5.565019 ]",CWE-119
CVE-2007-4580,"['CWE-787', 'CWE-416', 'CWE-125', 'CWE-120', 'CWE-190', 'CWE-129', 'CWE-415', 'CWE-134', 'CWE-824', 'CWE-470']","[-2.9603355 -3.0635846 -3.066547  -3.310912  -3.517295  -3.9460824
 -3.9698474 -4.1604605 -4.459037  -5.5081563]",CWE-119
CVE-2007-4682,"['CWE-787', 'CWE-416', 'CWE-125', 'CWE-120', 'CWE-190', 'CWE-415', 'CWE-129', 'CWE-134', 'CWE-824', 'CWE-470']","[-3.6031168 -3.6102386 -3.6784568 -3.756974  -4.230879  -4.3968687
 -4.5439224 -4.6327443 -4.751756  -5.9450874]",CWE-119
CVE-2007-4988,"['CWE-787', 'CWE-416', 'CWE-125', 'CWE-190', 'CWE-120', 'CWE-415', 'CWE-129', 'CWE-134', 'CWE-824', 'CWE-470']","[-2.9610646 -3.130656  -3.1602144 -3.3189785 -3.7001047 -4.079297
 -4.3220577 -4.3552465 -4.531554  -5.434156 ]",CWE-119
CVE-2007-5659,"['CWE-125', 'CWE-416', 'CWE-787', 'CWE-120', 'CWE-190', 'CWE-415', 'CWE-129', 'CWE-824', 'CWE-134', 'CWE-470']","[-3.4766922 -3.6481295 -3.6768384 -3.9432054 -4.2755055 -4.50818
 -4.663271  -4.770906  -4.810561  -5.930146 ]",CWE-119
CVE-2007-5756,"['CWE-787', 'CWE-125', 'CWE-416', 'CWE-120', 'CWE-190', 'CWE-415', 'CWE-824', 'CWE-134', 'CWE-129', 'CWE-470']","[-3.531397  -3.779647  -3.834127  -3.8899686 -3.8900108 -4.489609
 -4.6603727 -4.6678405 -4.6979713 -5.8138433]",CWE-119
CVE-2008-0063,"['CWE-787', 'CWE-125', 'CWE-416', 'CWE-120', 'CWE-190', 'CWE-415', 'CWE-129', 'CWE-134', 'CWE-824', 'CWE-1284']","[-2.9766917 -3.0733035 -3.0960631 -3.2823956 -3.5448337 -3.9024122
 -3.9073744 -4.119968  -4.4124584 -5.434838 ]",CWE-119
CVE-2008-0379,"['CWE-787', 'CWE-190', 'CWE-125', 'CWE-416', 'CWE-120', 'CWE-415', 'CWE-134', 'CWE-824', 'CWE-129', 'CWE-470']","[-3.998967  -4.1292973 -4.1870856 -4.240621  -4.2900276 -4.847773
 -4.947238  -5.055719  -5.1133957 -6.045168 ]",CWE-119
CVE-2008-1677,"['CWE-787', 'CWE-125', 'CWE-416', 'CWE-120', 'CWE-190', 'CWE-415', 'CWE-134', 'CWE-824', 'CWE-129', 'CWE-470']","[-3.572027  -3.6237388 -3.6942263 -3.7535574 -3.8905013 -4.297933
 -4.4492946 -4.564573  -4.5717545 -5.6898704]",CWE-119
CVE-2008-1887,"['CWE-787', 'CWE-125', 'CWE-416', 'CWE-120', 'CWE-190', 'CWE-129', 'CWE-415', 'CWE-134', 'CWE-824', 'CWE-1284']","[-2.9890711 -3.088622  -3.114343  -3.3566642 -3.54893   -3.9819713
 -3.9832401 -4.1571684 -4.4872427 -5.4807363]",CWE-119
CVE-2008-2371,"['CWE-787', 'CWE-125', 'CWE-416', 'CWE-120', 'CWE-190', 'CWE-415', 'CWE-134', 'CWE-129', 'CWE-824', 'CWE-470']","[-3.4110327 -3.5718296 -3.578206  -3.6695933 -4.009966  -4.2649975
 -4.4960847 -4.5026436 -4.704814  -5.766196 ]",CWE-119
CVE-2008-2992,"['CWE-125', 'CWE-416', 'CWE-787', 'CWE-120', 'CWE-190', 'CWE-415', 'CWE-129', 'CWE-824', 'CWE-134', 'CWE-470']","[-3.430707  -3.5755458 -3.6525075 -3.8986497 -4.267753  -4.4675207
 -4.603599  -4.746141  -4.787447  -5.911921 ]",CWE-119
CVE-2008-3142,"['CWE-787', 'CWE-416', 'CWE-125', 'CWE-120', 'CWE-190', 'CWE-415', 'CWE-129', 'CWE-134', 'CWE-824', 'CWE-1284']","[-2.9516633 -3.0599794 -3.0739331 -3.3021243 -3.5561206 -3.9327593
 -3.9374554 -4.1798997 -4.4457216 -5.4701624]",CWE-119
CVE-2009-0182,"['CWE-787', 'CWE-416', 'CWE-125', 'CWE-120', 'CWE-190', 'CWE-415', 'CWE-129', 'CWE-134', 'CWE-824', 'CWE-1284']","[-2.9689832 -3.1009965 -3.1150572 -3.3295627 -3.6089482 -3.945445
 -3.9682848 -4.1932178 -4.4312806 -5.4428806]",CWE-119
CVE-2009-0231,"['CWE-190', 'CWE-125', 'CWE-787', 'CWE-416', 'CWE-120', 'CWE-134', 'CWE-415', 'CWE-824', 'CWE-129', 'CWE-470']","[-5.135923  -5.3401    -5.3927445 -5.605582  -5.9754515 -6.0749125
 -6.169677  -6.53021   -6.6675982 -7.2639823]",CWE-119
CVE-2009-0490,"['CWE-787', 'CWE-125', 'CWE-416', 'CWE-120', 'CWE-190', 'CWE-415', 'CWE-134', 'CWE-129', 'CWE-824', 'CWE-470']","[-3.4993315 -3.636286  -3.6551862 -3.7829003 -3.8076177 -4.4476233
 -4.522777  -4.616846  -4.688718  -5.726638 ]",CWE-119
CVE-2009-0563,"['CWE-125', 'CWE-190', 'CWE-787', 'CWE-416', 'CWE-120', 'CWE-415', 'CWE-134', 'CWE-824', 'CWE-129', 'CWE-470']","[-4.466084  -4.605207  -4.663839  -4.7106733 -4.937572  -5.335964
 -5.3907294 -5.5260906 -5.694126  -6.601929 ]",CWE-119
CVE-2009-0733,"['CWE-787', 'CWE-416', 'CWE-125', 'CWE-120', 'CWE-190', 'CWE-129', 'CWE-415', 'CWE-134', 'CWE-824', 'CWE-470']","[-2.9608722 -3.0480194 -3.0821776 -3.2965233 -3.5584056 -3.9441566
 -3.955593  -4.192107  -4.4527135 -5.522918 ]",CWE-119
CVE-2009-1186,"['CWE-787', 'CWE-416', 'CWE-125', 'CWE-120', 'CWE-190', 'CWE-415', 'CWE-129', 'CWE-134', 'CWE-824', 'CWE-1284']","[-2.9771245 -3.0744264 -3.118353  -3.2565362 -3.5995064 -3.8825288
 -3.8923934 -4.1665897 -4.333377  -5.3619933]",CWE-119
CVE-2009-2403,"['CWE-787', 'CWE-125', 'CWE-416', 'CWE-120', 'CWE-190', 'CWE-129', 'CWE-415', 'CWE-134', 'CWE-824', 'CWE-1284']","[-3.017281  -3.1025524 -3.1153264 -3.3556387 -3.5636537 -3.973285
 -3.9796147 -4.146644  -4.5061965 -5.489667 ]",CWE-119
CVE-2009-2523,"['CWE-787', 'CWE-125', 'CWE-190', 'CWE-416', 'CWE-120', 'CWE-134', 'CWE-415', 'CWE-129', 'CWE-824', 'CWE-470']","[-4.1143994 -4.1599865 -4.3281326 -4.4092016 -4.559596  -4.779349
 -4.99946   -5.211575  -5.3156614 -6.2430024]",CWE-119
CVE-2009-2550,"['CWE-787', 'CWE-125', 'CWE-416', 'CWE-120', 'CWE-190', 'CWE-415', 'CWE-129', 'CWE-134', 'CWE-824', 'CWE-1284']","[-2.9992754 -3.091984  -3.1270676 -3.342534  -3.618091  -3.958788
 -3.9826353 -4.194672  -4.4666    -5.4688053]",CWE-119
CVE-2009-2692,"['CWE-787', 'CWE-416', 'CWE-125', 'CWE-190', 'CWE-120', 'CWE-415', 'CWE-134', 'CWE-129', 'CWE-824', 'CWE-470']","[-3.16776   -3.3860023 -3.3985577 -3.633689  -3.6641073 -4.1549788
 -4.375362  -4.411718  -4.597465  -5.6972456]",CWE-119
CVE-2009-2950,"['CWE-787', 'CWE-416', 'CWE-125', 'CWE-120', 'CWE-190', 'CWE-415', 'CWE-134', 'CWE-824', 'CWE-129', 'CWE-470']","[-3.5180023 -3.634917  -3.6397598 -3.705049  -3.8287761 -4.3700323
 -4.548806  -4.588531  -4.5985575 -5.7667985]",CWE-119
CVE-2009-3953,"['CWE-787', 'CWE-125', 'CWE-416', 'CWE-120', 'CWE-190', 'CWE-415', 'CWE-129', 'CWE-134', 'CWE-824', 'CWE-470']","[-3.009818  -3.1057413 -3.1148515 -3.2873855 -3.571054  -3.9240944
 -3.9307811 -4.148212  -4.4302487 -5.447526 ]",CWE-119
CVE-2010-0127,"['CWE-787', 'CWE-416', 'CWE-125', 'CWE-120', 'CWE-190', 'CWE-129', 'CWE-415', 'CWE-134', 'CWE-824', 'CWE-470']","[-3.0176532 -3.0809178 -3.137834  -3.3410728 -3.5605268 -3.9515407
 -3.9954078 -4.1891747 -4.5293646 -5.528937 ]",CWE-119
CVE-2010-0986,"['CWE-787', 'CWE-125', 'CWE-416', 'CWE-120', 'CWE-190', 'CWE-415', 'CWE-129', 'CWE-134', 'CWE-824', 'CWE-1284']","[-2.9566426 -3.0928795 -3.1053684 -3.3355846 -3.5523086 -3.9581804
 -3.968574  -4.1650386 -4.4726796 -5.4660745]",CWE-119
CVE-2010-0987,"['CWE-787', 'CWE-125', 'CWE-416', 'CWE-120', 'CWE-190', 'CWE-415', 'CWE-129', 'CWE-134', 'CWE-824', 'CWE-1284']","[-2.9804626 -3.084872  -3.1240573 -3.3404067 -3.5885186 -3.9559307
 -3.9832046 -4.165209  -4.419427  -5.426208 ]",CWE-119
CVE-2010-1280,"['CWE-787', 'CWE-125', 'CWE-416', 'CWE-120', 'CWE-190', 'CWE-415', 'CWE-129', 'CWE-134', 'CWE-824', 'CWE-1284']","[-2.9668787 -3.0427418 -3.0797405 -3.2852712 -3.5355241 -3.8971748
 -3.9279313 -4.183739  -4.3653417 -5.4283247]",CWE-119
CVE-2010-1281,"['CWE-787', 'CWE-416', 'CWE-125', 'CWE-120', 'CWE-190', 'CWE-129', 'CWE-415', 'CWE-134', 'CWE-824', 'CWE-1284']","[-2.987673  -3.1282203 -3.1585817 -3.3920043 -3.6274195 -3.9986005
 -4.0192266 -4.2348437 -4.5028224 -5.5288815]",CWE-119
CVE-2010-1283,"['CWE-787', 'CWE-416', 'CWE-125', 'CWE-120', 'CWE-190', 'CWE-129', 'CWE-415', 'CWE-134', 'CWE-824', 'CWE-470']","[-2.9719424 -3.084366  -3.111017  -3.3267236 -3.598134  -3.934721
 -3.974895  -4.1588755 -4.5164347 -5.50522  ]",CWE-119
CVE-2010-2089,"['CWE-787', 'CWE-125', 'CWE-416', 'CWE-120', 'CWE-190', 'CWE-415', 'CWE-134', 'CWE-129', 'CWE-824', 'CWE-470']","[-3.591266  -3.7116995 -3.728495  -3.8484247 -3.9666462 -4.3646235
 -4.524486  -4.5800924 -4.587313  -5.7325406]",CWE-119
CVE-2010-2572,"['CWE-787', 'CWE-125', 'CWE-416', 'CWE-190', 'CWE-120', 'CWE-415', 'CWE-134', 'CWE-824', 'CWE-129', 'CWE-470']","[-3.7511802 -3.7939093 -3.886173  -3.9158645 -3.9890609 -4.4263577
 -4.567437  -4.726204  -4.7365174 -5.82593  ]",CWE-119
CVE-2010-2883,"['CWE-787', 'CWE-125', 'CWE-416', 'CWE-120', 'CWE-190', 'CWE-415', 'CWE-129', 'CWE-134', 'CWE-824', 'CWE-1284']","[-3.0043337 -3.0985415 -3.114106  -3.338876  -3.5778053 -3.9454067
 -3.9589965 -4.1483693 -4.421923  -5.373444 ]",CWE-119
CVE-2010-3333,"['CWE-125', 'CWE-787', 'CWE-416', 'CWE-190', 'CWE-120', 'CWE-415', 'CWE-134', 'CWE-824', 'CWE-129', 'CWE-470']","[-4.244346  -4.3347125 -4.350655  -4.4088783 -4.614639  -5.0286365
 -5.100908  -5.178056  -5.343041  -6.3490176]",CWE-119
CVE-2010-3453,"['CWE-787', 'CWE-416', 'CWE-125', 'CWE-120', 'CWE-190', 'CWE-415', 'CWE-824', 'CWE-134', 'CWE-129', 'CWE-470']","[-3.4986534 -3.6173542 -3.667039  -3.7187319 -3.9082634 -4.428322
 -4.529707  -4.5765634 -4.607741  -5.7588363]",CWE-119
CVE-2010-4253,"['CWE-787', 'CWE-416', 'CWE-125', 'CWE-120', 'CWE-190', 'CWE-415', 'CWE-824', 'CWE-134', 'CWE-129', 'CWE-470']","[-3.533646  -3.6739082 -3.7093434 -3.787909  -3.875732  -4.4219174
 -4.522912  -4.536837  -4.668783  -5.6876717]",CWE-119
CVE-2010-4344,"['CWE-787', 'CWE-125', 'CWE-416', 'CWE-120', 'CWE-190', 'CWE-415', 'CWE-129', 'CWE-134', 'CWE-824', 'CWE-470']","[-3.3070269 -3.413161  -3.5384755 -3.5440135 -3.8926454 -4.1555824
 -4.258913  -4.308302  -4.5650644 -5.5781336]",CWE-119
CVE-2010-4398,"['CWE-190', 'CWE-125', 'CWE-787', 'CWE-416', 'CWE-120', 'CWE-134', 'CWE-415', 'CWE-824', 'CWE-129', 'CWE-470']","[-5.16691   -5.263169  -5.3602567 -5.574052  -5.9590793 -6.052838
 -6.169107  -6.47357   -6.630866  -7.2432227]",CWE-119
CVE-2010-4540,"['CWE-787', 'CWE-125', 'CWE-416', 'CWE-120', 'CWE-190', 'CWE-415', 'CWE-129', 'CWE-824', 'CWE-134', 'CWE-470']","[-3.3612423 -3.5607042 -3.6156957 -3.6659014 -3.928105  -4.342685
 -4.5175443 -4.5726643 -4.5731907 -5.7722993]",CWE-119
CVE-2010-4541,"['CWE-787', 'CWE-125', 'CWE-416', 'CWE-120', 'CWE-190', 'CWE-415', 'CWE-134', 'CWE-129', 'CWE-824', 'CWE-470']","[-3.3947139 -3.5910227 -3.6896527 -3.703496  -3.8824558 -4.3371043
 -4.545808  -4.5493045 -4.6159534 -5.7666645]",CWE-119
CVE-2010-4542,"['CWE-787', 'CWE-125', 'CWE-416', 'CWE-120', 'CWE-190', 'CWE-415', 'CWE-134', 'CWE-129', 'CWE-824', 'CWE-470']","[-3.3915296 -3.618914  -3.6972172 -3.7566848 -3.986795  -4.387847
 -4.6334357 -4.6350064 -4.68085   -5.7855473]",CWE-119
CVE-2010-4543,"['CWE-787', 'CWE-125', 'CWE-416', 'CWE-120', 'CWE-190', 'CWE-415', 'CWE-824', 'CWE-134', 'CWE-129', 'CWE-470']","[-3.3865962 -3.6105802 -3.6691654 -3.7533698 -3.9329402 -4.3653517
 -4.5686226 -4.591614  -4.5955267 -5.806181 ]",CWE-119
CVE-2010-4604,"['CWE-787', 'CWE-125', 'CWE-416', 'CWE-120', 'CWE-190', 'CWE-415', 'CWE-129', 'CWE-134', 'CWE-824', 'CWE-470']","[-2.98078   -3.090975  -3.0944493 -3.3223462 -3.5262613 -3.9548576
 -3.9838965 -4.163306  -4.4550667 -5.469973 ]",CWE-119
CVE-2010-4643,"['CWE-787', 'CWE-416', 'CWE-125', 'CWE-120', 'CWE-190', 'CWE-415', 'CWE-134', 'CWE-824', 'CWE-129', 'CWE-470']","[-3.5744514 -3.7148025 -3.7373514 -3.7868974 -3.904314  -4.4690185
 -4.605863  -4.606315  -4.677271  -5.7932534]",CWE-119
CVE-2011-0611,"['CWE-787', 'CWE-125', 'CWE-416', 'CWE-120', 'CWE-190', 'CWE-415', 'CWE-129', 'CWE-134', 'CWE-824', 'CWE-470']","[-3.5491812 -3.6552894 -3.6673434 -3.7172146 -4.05612   -4.393858
 -4.538591  -4.5614085 -4.720226  -5.7631893]",CWE-119
CVE-2011-1250,"['CWE-787', 'CWE-416', 'CWE-125', 'CWE-120', 'CWE-190', 'CWE-415', 'CWE-129', 'CWE-134', 'CWE-824', 'CWE-470']","[-2.9478118 -3.0616603 -3.063357  -3.320821  -3.5379071 -3.9531577
 -3.9714508 -4.1975775 -4.4421973 -5.4975653]",CWE-119
CVE-2011-1251,"['CWE-787', 'CWE-125', 'CWE-416', 'CWE-120', 'CWE-190', 'CWE-415', 'CWE-129', 'CWE-134', 'CWE-824', 'CWE-470']","[-2.9427636 -3.0261824 -3.0399888 -3.262271  -3.5353134 -3.873164
 -3.9153647 -4.161114  -4.3927617 -5.442755 ]",CWE-119
CVE-2011-1254,"['CWE-787', 'CWE-125', 'CWE-416', 'CWE-120', 'CWE-190', 'CWE-415', 'CWE-129', 'CWE-134', 'CWE-824', 'CWE-470']","[-2.9396477 -3.032507  -3.0733688 -3.2988987 -3.557746  -3.914157
 -3.919032  -4.1319704 -4.435738  -5.4468474]",CWE-119
CVE-2011-1255,"['CWE-787', 'CWE-416', 'CWE-125', 'CWE-120', 'CWE-190', 'CWE-415', 'CWE-129', 'CWE-134', 'CWE-824', 'CWE-470']","[-2.9789922 -3.1138594 -3.1306365 -3.361102  -3.5817864 -3.9658477
 -3.9965715 -4.195756  -4.465381  -5.4863434]",CWE-119
CVE-2011-1256,"['CWE-787', 'CWE-125', 'CWE-416', 'CWE-120', 'CWE-190', 'CWE-415', 'CWE-129', 'CWE-134', 'CWE-824', 'CWE-470']","[-2.9911056 -3.0872033 -3.0972743 -3.3394675 -3.557841  -3.9765022
 -3.9781737 -4.1733165 -4.4899364 -5.523878 ]",CWE-119
CVE-2011-1261,"['CWE-787', 'CWE-416', 'CWE-125', 'CWE-120', 'CWE-190', 'CWE-415', 'CWE-129', 'CWE-134', 'CWE-824', 'CWE-470']","[-3.028689  -3.1904595 -3.202133  -3.390131  -3.6199322 -4.035853
 -4.05628   -4.217175  -4.530287  -5.544042 ]",CWE-119
CVE-2011-1262,"['CWE-787', 'CWE-125', 'CWE-416', 'CWE-120', 'CWE-190', 'CWE-415', 'CWE-129', 'CWE-134', 'CWE-824', 'CWE-470']","[-2.9170604 -3.0263572 -3.0685291 -3.263646  -3.5098147 -3.862798
 -3.8928332 -4.1201487 -4.364319  -5.409462 ]",CWE-119
CVE-2011-1266,"['CWE-787', 'CWE-416', 'CWE-125', 'CWE-120', 'CWE-190', 'CWE-415', 'CWE-129', 'CWE-134', 'CWE-824', 'CWE-470']","[-2.9088807 -3.0341637 -3.0439472 -3.2650845 -3.5154188 -3.854809
 -3.8961928 -4.1409154 -4.3645196 -5.4106317]",CWE-119
CVE-2011-1782,"['CWE-787', 'CWE-125', 'CWE-416', 'CWE-120', 'CWE-190', 'CWE-415', 'CWE-824', 'CWE-134', 'CWE-129', 'CWE-470']","[-3.4200544 -3.704313  -3.7391233 -3.8071072 -4.0230775 -4.422127
 -4.634101  -4.6457605 -4.6522236 -5.828295 ]",CWE-119
CVE-2011-1963,"['CWE-787', 'CWE-125', 'CWE-416', 'CWE-120', 'CWE-190', 'CWE-415', 'CWE-129', 'CWE-134', 'CWE-824', 'CWE-1284']","[-2.962009  -3.0935562 -3.0963018 -3.31748   -3.5706654 -3.934152
 -3.9458659 -4.199321  -4.4190145 -5.461942 ]",CWE-119
CVE-2011-1964,"['CWE-787', 'CWE-416', 'CWE-125', 'CWE-120', 'CWE-190', 'CWE-415', 'CWE-129', 'CWE-134', 'CWE-824', 'CWE-470']","[-2.9836109 -3.1192791 -3.130488  -3.3885772 -3.6329305 -3.9835458
 -3.9874647 -4.197019  -4.4837356 -5.5228   ]",CWE-119
CVE-2011-2896,"['CWE-125', 'CWE-787', 'CWE-416', 'CWE-190', 'CWE-120', 'CWE-415', 'CWE-134', 'CWE-824', 'CWE-129', 'CWE-470']","[-3.8169963 -3.8595555 -4.157841  -4.1965737 -4.380176  -4.8305607
 -5.053595  -5.253995  -5.2769113 -6.049751 ]",CWE-119
CVE-2011-4516,"['CWE-787', 'CWE-125', 'CWE-416', 'CWE-120', 'CWE-190', 'CWE-415', 'CWE-134', 'CWE-129', 'CWE-824', 'CWE-470']","[-3.4006    -3.550119  -3.665736  -3.7476451 -3.840733  -4.1837497
 -4.4477296 -4.4935546 -4.5072494 -5.59189  ]",CWE-119
CVE-2011-4517,"['CWE-787', 'CWE-125', 'CWE-416', 'CWE-120', 'CWE-190', 'CWE-415', 'CWE-134', 'CWE-129', 'CWE-824', 'CWE-470']","[-3.376056  -3.5233119 -3.6412761 -3.736232  -3.8281722 -4.1563654
 -4.4320593 -4.48449   -4.565645  -5.6433377]",CWE-119
CVE-2012-0254,"['CWE-787', 'CWE-125', 'CWE-416', 'CWE-120', 'CWE-190', 'CWE-129', 'CWE-415', 'CWE-134', 'CWE-824', 'CWE-470']","[-2.9685357 -3.0582201 -3.0768733 -3.3162885 -3.5642004 -3.900361
 -3.9369988 -4.1196766 -4.4660587 -5.472858 ]",CWE-119
CVE-2012-0752,"['CWE-787', 'CWE-416', 'CWE-125', 'CWE-120', 'CWE-190', 'CWE-415', 'CWE-129', 'CWE-134', 'CWE-824', 'CWE-470']","[-2.95101   -3.0598266 -3.0614755 -3.365186  -3.5799289 -3.960178
 -3.9841092 -4.229207  -4.469812  -5.515773 ]",CWE-119
CVE-2012-0753,"['CWE-787', 'CWE-416', 'CWE-125', 'CWE-120', 'CWE-190', 'CWE-129', 'CWE-415', 'CWE-134', 'CWE-824', 'CWE-470']","[-2.9906747 -3.0867774 -3.1189964 -3.304931  -3.5351672 -3.9719718
 -3.9832444 -4.167422  -4.4833665 -5.4934573]",CWE-119
CVE-2012-0754,"['CWE-787', 'CWE-125', 'CWE-416', 'CWE-120', 'CWE-190', 'CWE-415', 'CWE-129', 'CWE-134', 'CWE-824', 'CWE-1284']","[-2.997243  -3.0943153 -3.0974083 -3.3166585 -3.5999095 -3.925326
 -3.9528577 -4.169612  -4.435922  -5.420015 ]",CWE-119
CVE-2012-0773,"['CWE-787', 'CWE-416', 'CWE-125', 'CWE-120', 'CWE-190', 'CWE-415', 'CWE-129', 'CWE-134', 'CWE-824', 'CWE-470']","[-3.537637  -3.6703925 -3.6953268 -3.7374432 -4.0930643 -4.432801
 -4.5420604 -4.6100287 -4.683409  -5.8109045]",CWE-119
CVE-2012-1889,"['CWE-787', 'CWE-125', 'CWE-416', 'CWE-120', 'CWE-190', 'CWE-415', 'CWE-129', 'CWE-134', 'CWE-824', 'CWE-1284']","[-3.0208497 -3.0986943 -3.1293764 -3.2971902 -3.571259  -3.9413881
 -3.9540234 -4.131252  -4.4112444 -5.4191556]",CWE-119
CVE-2012-2665,"['CWE-787', 'CWE-416', 'CWE-125', 'CWE-190', 'CWE-120', 'CWE-415', 'CWE-824', 'CWE-134', 'CWE-129', 'CWE-470']","[-3.7592804 -3.8986528 -3.916855  -4.025979  -4.0967355 -4.644811
 -4.729706  -4.780294  -4.934743  -5.8592577]",CWE-119
CVE-2012-2763,"['CWE-787', 'CWE-125', 'CWE-416', 'CWE-120', 'CWE-190', 'CWE-415', 'CWE-824', 'CWE-129', 'CWE-134', 'CWE-470']","[-3.3917968 -3.6432803 -3.689906  -3.7698843 -3.9724593 -4.426085
 -4.603686  -4.639018  -4.64575   -5.828368 ]",CWE-119
CVE-2012-2806,"['CWE-787', 'CWE-125', 'CWE-120', 'CWE-416', 'CWE-190', 'CWE-415', 'CWE-134', 'CWE-129', 'CWE-824', 'CWE-470']","[-3.4281747 -3.6439636 -3.712949  -3.714736  -3.7546878 -4.3235
 -4.526475  -4.5379224 -4.6128216 -5.66896  ]",CWE-119
CVE-2012-3236,"['CWE-787', 'CWE-125', 'CWE-416', 'CWE-120', 'CWE-190', 'CWE-415', 'CWE-134', 'CWE-129', 'CWE-824', 'CWE-470']","[-3.5341895 -3.7638655 -3.874774  -3.9205065 -4.071966  -4.4752474
 -4.6806235 -4.7922153 -4.8120146 -5.8324966]",CWE-119
CVE-2012-3400,"['CWE-787', 'CWE-416', 'CWE-125', 'CWE-190', 'CWE-120', 'CWE-415', 'CWE-134', 'CWE-129', 'CWE-824', 'CWE-470']","[-3.139214  -3.3547523 -3.3676255 -3.6181533 -3.6574862 -4.1324406
 -4.3560424 -4.37208   -4.5677795 -5.6672587]",CWE-119
CVE-2012-3402,"['CWE-787', 'CWE-125', 'CWE-416', 'CWE-120', 'CWE-190', 'CWE-415', 'CWE-129', 'CWE-824', 'CWE-134', 'CWE-470']","[-3.3583667 -3.5999851 -3.664124  -3.7394016 -3.9631898 -4.394341
 -4.611808  -4.620504  -4.6532006 -5.8371577]",CWE-119
CVE-2012-3403,"['CWE-787', 'CWE-125', 'CWE-416', 'CWE-120', 'CWE-190', 'CWE-415', 'CWE-129', 'CWE-134', 'CWE-824', 'CWE-470']","[-3.3544648 -3.607274  -3.648104  -3.6909308 -3.9739206 -4.3219066
 -4.551508  -4.5999317 -4.6357865 -5.8160133]",CWE-119
CVE-2012-5576,"['CWE-787', 'CWE-125', 'CWE-416', 'CWE-120', 'CWE-190', 'CWE-415', 'CWE-134', 'CWE-129', 'CWE-824', 'CWE-470']","[-3.3909025 -3.6146317 -3.677759  -3.734347  -3.9333441 -4.389979
 -4.612496  -4.6159782 -4.6363077 -5.8466406]",CWE-119
CVE-2012-5612,"['CWE-787', 'CWE-416', 'CWE-125', 'CWE-120', 'CWE-190', 'CWE-415', 'CWE-129', 'CWE-134', 'CWE-824', 'CWE-1284']","[-2.9923053 -3.051344  -3.0794084 -3.2906523 -3.5742264 -3.946453
 -3.957531  -4.171128  -4.3977785 -5.4258704]",CWE-119
CVE-2013-0662,"['CWE-190', 'CWE-125', 'CWE-787', 'CWE-416', 'CWE-120', 'CWE-824', 'CWE-415', 'CWE-134', 'CWE-129', 'CWE-470']","[-4.782564  -4.8449783 -5.0408587 -5.1732    -5.663724  -5.9861093
 -6.0229278 -6.191233  -6.5279036 -6.8587394]",CWE-119
CVE-2013-0879,"['CWE-416', 'CWE-125', 'CWE-787', 'CWE-120', 'CWE-190', 'CWE-415', 'CWE-129', 'CWE-134', 'CWE-824', 'CWE-470']","[-3.524968  -3.5496442 -3.551758  -3.7406533 -4.14799   -4.348874
 -4.5037203 -4.6209807 -4.70524   -5.846834 ]",CWE-119
CVE-2013-0882,"['CWE-787', 'CWE-416', 'CWE-125', 'CWE-190', 'CWE-120', 'CWE-415', 'CWE-824', 'CWE-134', 'CWE-129', 'CWE-470']","[-3.406159  -3.4790306 -3.7082849 -3.7092764 -4.0295634 -4.481576
 -4.710552  -4.7357945 -4.8561125 -5.9276557]",CWE-119
CVE-2013-0888,"['CWE-787', 'CWE-416', 'CWE-190', 'CWE-125', 'CWE-120', 'CWE-415', 'CWE-824', 'CWE-134', 'CWE-129', 'CWE-470']","[-3.442432  -3.4855216 -3.711173  -3.7860215 -4.010643  -4.4948926
 -4.656673  -4.7099247 -4.8410487 -5.8966928]",CWE-119
CVE-2013-0890,"['CWE-787', 'CWE-416', 'CWE-125', 'CWE-190', 'CWE-120', 'CWE-415', 'CWE-824', 'CWE-134', 'CWE-129', 'CWE-470']","[-3.4563203 -3.5026193 -3.7443688 -3.762136  -4.036141  -4.534461
 -4.758077  -4.7615423 -4.866552  -5.9428005]",CWE-119
CVE-2013-1331,"['CWE-787', 'CWE-125', 'CWE-416', 'CWE-190', 'CWE-120', 'CWE-415', 'CWE-134', 'CWE-824', 'CWE-129', 'CWE-470']","[-3.805794  -3.806852  -3.8937716 -3.952309  -4.0735087 -4.5187125
 -4.6360197 -4.762901  -4.8398643 -5.915459 ]",CWE-119
CVE-2013-1675,"['CWE-190', 'CWE-416', 'CWE-125', 'CWE-787', 'CWE-120', 'CWE-415', 'CWE-824', 'CWE-134', 'CWE-129', 'CWE-470']","[-4.126948  -4.236449  -4.3878646 -4.4377046 -5.006344  -5.293209
 -5.379877  -5.5850935 -5.872908  -6.3835554]",CWE-119
CVE-2013-1978,"['CWE-787', 'CWE-416', 'CWE-125', 'CWE-190', 'CWE-120', 'CWE-415', 'CWE-824', 'CWE-134', 'CWE-129', 'CWE-470']","[-3.3925614 -3.550468  -3.684013  -3.7457688 -3.997399  -4.400022
 -4.713061  -4.722302  -4.765874  -5.9313555]",CWE-119
CVE-2013-2189,"['CWE-787', 'CWE-125', 'CWE-190', 'CWE-416', 'CWE-120', 'CWE-415', 'CWE-134', 'CWE-824', 'CWE-129', 'CWE-470']","[-4.049876  -4.073138  -4.1235595 -4.2033224 -4.352585  -4.9184585
 -4.988339  -5.0000043 -5.2704964 -6.0279956]",CWE-119
CVE-2013-2763,"['CWE-787', 'CWE-125', 'CWE-416', 'CWE-190', 'CWE-120', 'CWE-415', 'CWE-134', 'CWE-824', 'CWE-129', 'CWE-470']","[-3.7075465 -3.9318457 -3.9326715 -3.9476361 -3.9876432 -4.58022
 -4.700065  -4.746472  -4.7874775 -5.877286 ]",CWE-119
CVE-2013-3346,"['CWE-125', 'CWE-416', 'CWE-787', 'CWE-120', 'CWE-190', 'CWE-415', 'CWE-129', 'CWE-824', 'CWE-134', 'CWE-470']","[-3.4218702 -3.6099274 -3.7126207 -3.9231606 -4.224723  -4.5302353
 -4.648214  -4.678015  -4.8058887 -5.850451 ]",CWE-119
CVE-2013-4113,"['CWE-787', 'CWE-125', 'CWE-416', 'CWE-120', 'CWE-190', 'CWE-134', 'CWE-415', 'CWE-129', 'CWE-824', 'CWE-470']","[-3.6173325 -3.7011409 -3.7885053 -3.9968753 -4.0833015 -4.4862227
 -4.522177  -4.7202373 -4.7734    -5.816133 ]",CWE-119
CVE-2013-4156,"['CWE-787', 'CWE-416', 'CWE-125', 'CWE-190', 'CWE-120', 'CWE-415', 'CWE-824', 'CWE-134', 'CWE-129', 'CWE-470']","[-3.9845386 -4.0756426 -4.1043935 -4.125452  -4.3349457 -4.8718777
 -4.967552  -5.0355487 -5.2547617 -6.0662794]",CWE-119
CVE-2014-0160,"['CWE-416', 'CWE-190', 'CWE-125', 'CWE-787', 'CWE-415', 'CWE-120', 'CWE-824', 'CWE-134', 'CWE-129', 'CWE-470']","[-4.304035  -4.316649  -4.6102695 -4.638578  -5.572898  -5.656433
 -5.955359  -6.296644  -6.403578  -6.9216967]",CWE-119
CVE-2014-0195,"['CWE-190', 'CWE-787', 'CWE-125', 'CWE-416', 'CWE-120', 'CWE-415', 'CWE-824', 'CWE-134', 'CWE-129', 'CWE-470']","[-3.8355122 -3.894317  -3.9688687 -3.9690402 -4.588293  -4.8078775
 -5.116811  -5.223661  -5.3900933 -6.11005  ]",CWE-119
CVE-2014-1705,"['CWE-190', 'CWE-416', 'CWE-787', 'CWE-125', 'CWE-120', 'CWE-415', 'CWE-824', 'CWE-134', 'CWE-129', 'CWE-470']","[-3.7623396 -3.8757417 -3.8988628 -3.9755678 -4.667734  -4.93684
 -5.0937424 -5.2700973 -5.5031595 -6.1071   ]",CWE-119
CVE-2014-1761,"['CWE-125', 'CWE-190', 'CWE-416', 'CWE-787', 'CWE-120', 'CWE-415', 'CWE-134', 'CWE-824', 'CWE-129', 'CWE-470']","[-4.89509   -5.0636144 -5.193954  -5.230118  -5.7275467 -5.898526
 -6.176156  -6.29987   -6.4651256 -7.2839556]",CWE-119
CVE-2014-2073,"['CWE-787', 'CWE-125', 'CWE-416', 'CWE-120', 'CWE-190', 'CWE-415', 'CWE-129', 'CWE-134', 'CWE-824', 'CWE-470']","[-2.9498541 -3.0656214 -3.1041174 -3.3050387 -3.549043  -3.941716
 -3.944011  -4.1250257 -4.4588118 -5.4987674]",CWE-119
CVE-2014-3554,"['CWE-787', 'CWE-416', 'CWE-190', 'CWE-125', 'CWE-120', 'CWE-415', 'CWE-824', 'CWE-134', 'CWE-129', 'CWE-470']","[-3.6311812 -3.7789295 -3.839749  -3.877019  -3.9705937 -4.575337
 -4.702083  -4.750574  -4.7969875 -5.899489 ]",CWE-119
CVE-2014-4404,"['CWE-125', 'CWE-416', 'CWE-787', 'CWE-120', 'CWE-190', 'CWE-415', 'CWE-129', 'CWE-134', 'CWE-824', 'CWE-470']","[-3.7471704 -3.9553878 -4.0198655 -4.3009496 -4.524188  -4.817024
 -5.0420094 -5.1822734 -5.2808256 -6.243755 ]",CWE-119
CVE-2014-4616,"['CWE-787', 'CWE-416', 'CWE-125', 'CWE-190', 'CWE-120', 'CWE-415', 'CWE-824', 'CWE-134', 'CWE-129', 'CWE-470']","[-3.9002898 -3.953985  -3.9925866 -4.0296597 -4.555618  -4.8922386
 -5.0617085 -5.158209  -5.4104266 -5.992415 ]",CWE-119
CVE-2014-8184,"['CWE-787', 'CWE-416', 'CWE-125', 'CWE-120', 'CWE-190', 'CWE-415', 'CWE-824', 'CWE-134', 'CWE-129', 'CWE-470']","[-3.5328243 -3.6546357 -3.7135675 -3.8342304 -3.9329755 -4.4221263
 -4.6090803 -4.6875496 -4.697287  -5.899515 ]",CWE-119
CVE-2015-0982,"['CWE-787', 'CWE-416', 'CWE-125', 'CWE-120', 'CWE-190', 'CWE-415', 'CWE-129', 'CWE-134', 'CWE-824', 'CWE-470']","[-2.934459  -3.079113  -3.0925734 -3.2965217 -3.5378537 -3.9338002
 -3.934857  -4.159181  -4.4499826 -5.4810414]",CWE-119
CVE-2015-1642,"['CWE-787', 'CWE-125', 'CWE-416', 'CWE-190', 'CWE-120', 'CWE-415', 'CWE-134', 'CWE-824', 'CWE-129', 'CWE-470']","[-3.8290524 -3.8309221 -3.943661  -3.9832625 -4.091035  -4.5508895
 -4.6266823 -4.7759166 -4.867612  -5.908373 ]",CWE-119
CVE-2015-1774,"['CWE-190', 'CWE-416', 'CWE-787', 'CWE-125', 'CWE-120', 'CWE-415', 'CWE-824', 'CWE-134', 'CWE-129', 'CWE-470']","[-3.9071038 -3.9255211 -4.0492835 -4.130512  -5.0275726 -5.1252413
 -5.4405246 -5.7839136 -5.839799  -6.488347 ]",CWE-119
CVE-2015-2419,"['CWE-787', 'CWE-125', 'CWE-416', 'CWE-120', 'CWE-190', 'CWE-134', 'CWE-129', 'CWE-415', 'CWE-824', 'CWE-470']","[-3.6383667 -3.7083771 -3.7834322 -3.9011805 -4.275417  -4.531802
 -4.575177  -4.581933  -4.9123187 -5.9600744]",CWE-119
CVE-2015-2424,"['CWE-125', 'CWE-190', 'CWE-787', 'CWE-416', 'CWE-120', 'CWE-415', 'CWE-134', 'CWE-824', 'CWE-129', 'CWE-470']","[-4.571418  -4.696508  -4.757923  -4.796407  -5.118536  -5.446868
 -5.5859694 -5.667748  -5.886964  -6.7343717]",CWE-119
CVE-2015-2425,"['CWE-787', 'CWE-125', 'CWE-416', 'CWE-120', 'CWE-190', 'CWE-134', 'CWE-415', 'CWE-129', 'CWE-824', 'CWE-470']","[-3.5758693 -3.6695216 -3.7384844 -3.8668702 -4.220926  -4.512931
 -4.536085  -4.569624  -4.894755  -5.9350057]",CWE-119
CVE-2015-2502,"['CWE-787', 'CWE-125', 'CWE-416', 'CWE-120', 'CWE-190', 'CWE-134', 'CWE-129', 'CWE-415', 'CWE-824', 'CWE-470']","[-3.6291487 -3.6909611 -3.7793376 -3.8745155 -4.2827425 -4.5370097
 -4.552913  -4.600478  -4.9143834 -5.9477973]",CWE-119
CVE-2015-3113,"['CWE-787', 'CWE-416', 'CWE-125', 'CWE-120', 'CWE-190', 'CWE-129', 'CWE-415', 'CWE-134', 'CWE-824', 'CWE-1284']","[-3.0254233 -3.111412  -3.1420422 -3.360708  -3.5929604 -4.0105667
 -4.0110936 -4.1962314 -4.5228543 -5.5087514]",CWE-119
CVE-2015-3210,"['CWE-787', 'CWE-125', 'CWE-416', 'CWE-120', 'CWE-190', 'CWE-415', 'CWE-134', 'CWE-129', 'CWE-824', 'CWE-470']","[-3.607214  -3.6937091 -3.873118  -3.9684036 -4.199892  -4.4851437
 -4.7399235 -4.812659  -4.9615865 -5.9243274]",CWE-119
CVE-2015-3416,"['CWE-125', 'CWE-787', 'CWE-416', 'CWE-190', 'CWE-120', 'CWE-415', 'CWE-134', 'CWE-129', 'CWE-824', 'CWE-470']","[-3.7105298 -3.8031247 -3.875037  -4.1513305 -4.5105457 -4.673387
 -5.2441607 -5.247135  -5.2649894 -6.277188 ]",CWE-119
CVE-2015-5119,"['CWE-787', 'CWE-125', 'CWE-416', 'CWE-120', 'CWE-190', 'CWE-415', 'CWE-129', 'CWE-134', 'CWE-824', 'CWE-470']","[-2.9281292 -3.0369556 -3.0742657 -3.259451  -3.5118904 -3.8571763
 -3.8840537 -4.094754  -4.400754  -5.4049687]",CWE-119
CVE-2015-6048,"['CWE-787', 'CWE-125', 'CWE-416', 'CWE-120', 'CWE-190', 'CWE-134', 'CWE-415', 'CWE-129', 'CWE-824', 'CWE-470']","[-3.6334562 -3.7385938 -3.7505808 -3.9035492 -4.286421  -4.5324073
 -4.5615444 -4.582656  -4.920499  -5.969079 ]",CWE-119
CVE-2015-8390,"['CWE-787', 'CWE-125', 'CWE-416', 'CWE-190', 'CWE-120', 'CWE-415', 'CWE-134', 'CWE-129', 'CWE-824', 'CWE-470']","[-3.451088  -3.65816   -3.8201306 -3.8405519 -4.0311303 -4.52373
 -4.7369304 -4.8538427 -4.872749  -5.91291  ]",CWE-119
CVE-2015-8652,"['CWE-787', 'CWE-416', 'CWE-125', 'CWE-120', 'CWE-190', 'CWE-415', 'CWE-129', 'CWE-134', 'CWE-824', 'CWE-1284']","[-2.9109592 -3.03157   -3.0561447 -3.2678201 -3.5370803 -3.9099114
 -3.9457152 -4.167826  -4.398449  -5.458858 ]",CWE-119
CVE-2015-8654,"['CWE-787', 'CWE-125', 'CWE-416', 'CWE-120', 'CWE-190', 'CWE-415', 'CWE-129', 'CWE-134', 'CWE-824', 'CWE-470']","[-2.949848  -3.1035995 -3.1124282 -3.276842  -3.5782118 -3.915077
 -3.9308944 -4.147171  -4.407548  -5.430789 ]",CWE-119
CVE-2015-8656,"['CWE-787', 'CWE-125', 'CWE-416', 'CWE-120', 'CWE-190', 'CWE-415', 'CWE-129', 'CWE-134', 'CWE-824', 'CWE-1284']","[-2.9680593 -3.0500095 -3.0862327 -3.2870996 -3.5465617 -3.889177
 -3.9038024 -4.117701  -4.4195747 -5.414034 ]",CWE-119
CVE-2015-8657,"['CWE-787', 'CWE-125', 'CWE-416', 'CWE-120', 'CWE-190', 'CWE-415', 'CWE-129', 'CWE-134', 'CWE-824', 'CWE-470']","[-2.9764686 -3.111559  -3.1483622 -3.4112558 -3.59587   -4.025736
 -4.040681  -4.2590337 -4.5094175 -5.524196 ]",CWE-119
CVE-2015-8658,"['CWE-787', 'CWE-125', 'CWE-416', 'CWE-120', 'CWE-190', 'CWE-415', 'CWE-129', 'CWE-134', 'CWE-824', 'CWE-1284']","[-2.9371312 -3.0956802 -3.12807   -3.3200827 -3.5296576 -3.9608264
 -4.0007777 -4.198803  -4.4276543 -5.461556 ]",CWE-119
CVE-2015-8668,"['CWE-787', 'CWE-125', 'CWE-416', 'CWE-120', 'CWE-190', 'CWE-415', 'CWE-129', 'CWE-134', 'CWE-824', 'CWE-470']","[-3.0244348 -3.1745424 -3.2564728 -3.5629973 -3.807775  -4.0948544
 -4.220139  -4.446149  -4.5189953 -5.650998 ]",CWE-119
CVE-2015-8820,"['CWE-787', 'CWE-416', 'CWE-125', 'CWE-120', 'CWE-190', 'CWE-129', 'CWE-415', 'CWE-134', 'CWE-824', 'CWE-470']","[-2.9774947 -3.1203327 -3.1358566 -3.3520133 -3.582253  -4.012043
 -4.012531  -4.217537  -4.4768453 -5.540814 ]",CWE-119
CVE-2015-8841,"['CWE-787', 'CWE-125', 'CWE-190', 'CWE-416', 'CWE-120', 'CWE-415', 'CWE-824', 'CWE-129', 'CWE-134', 'CWE-470']","[-3.6353674 -3.8112307 -3.8208292 -3.8735933 -3.906149  -4.5070934
 -4.702061  -4.7376776 -4.743664  -5.9019747]",CWE-119
CVE-2016-0189,"['CWE-787', 'CWE-416', 'CWE-125', 'CWE-120', 'CWE-190', 'CWE-129', 'CWE-415', 'CWE-134', 'CWE-824', 'CWE-470']","[-2.9473479 -3.0579112 -3.0755303 -3.2860053 -3.5369318 -3.9062903
 -3.9281087 -4.1304626 -4.4837756 -5.483523 ]",CWE-119
CVE-2016-0964,"['CWE-787', 'CWE-416', 'CWE-125', 'CWE-120', 'CWE-190', 'CWE-415', 'CWE-129', 'CWE-134', 'CWE-824', 'CWE-470']","[-3.026455  -3.163346  -3.1994612 -3.3890824 -3.6609511 -4.023295
 -4.047996  -4.2283406 -4.5369363 -5.54181  ]",CWE-119
CVE-2016-0965,"['CWE-787', 'CWE-125', 'CWE-416', 'CWE-120', 'CWE-190', 'CWE-129', 'CWE-415', 'CWE-134', 'CWE-824', 'CWE-470']","[-2.9346843 -3.0673618 -3.0722613 -3.3141253 -3.5417325 -3.949584
 -3.960521  -4.1838956 -4.4345174 -5.485636 ]",CWE-119
CVE-2016-0966,"['CWE-787', 'CWE-416', 'CWE-125', 'CWE-120', 'CWE-190', 'CWE-415', 'CWE-129', 'CWE-134', 'CWE-824', 'CWE-470']","[-2.9392872 -3.0534644 -3.0839813 -3.3325112 -3.5452673 -3.9709942
 -3.9789057 -4.1908145 -4.4483085 -5.525367 ]",CWE-119
CVE-2016-0967,"['CWE-787', 'CWE-416', 'CWE-125', 'CWE-120', 'CWE-190', 'CWE-415', 'CWE-129', 'CWE-134', 'CWE-824', 'CWE-1284']","[-2.9913716 -3.136949  -3.1757996 -3.3826122 -3.613072  -4.01316
 -4.0271115 -4.2013903 -4.4705644 -5.4890113]",CWE-119
CVE-2016-0968,"['CWE-787', 'CWE-125', 'CWE-416', 'CWE-120', 'CWE-190', 'CWE-415', 'CWE-129', 'CWE-134', 'CWE-824', 'CWE-1284']","[-3.0071578 -3.0801454 -3.1026723 -3.3616812 -3.618655  -3.982846
 -3.997989  -4.226044  -4.4750586 -5.508805 ]",CWE-119
CVE-2016-0969,"['CWE-787', 'CWE-416', 'CWE-125', 'CWE-120', 'CWE-190', 'CWE-415', 'CWE-129', 'CWE-134', 'CWE-824', 'CWE-1284']","[-3.0400288 -3.1152678 -3.1493473 -3.311668  -3.5877929 -3.9638836
 -3.9893637 -4.169602  -4.441864  -5.4369235]",CWE-119
CVE-2016-0970,"['CWE-787', 'CWE-125', 'CWE-416', 'CWE-120', 'CWE-190', 'CWE-415', 'CWE-129', 'CWE-134', 'CWE-824', 'CWE-470']","[-2.9934387 -3.1022325 -3.1202734 -3.312226  -3.590852  -3.9164152
 -3.9560616 -4.1633344 -4.450677  -5.4424734]",CWE-119
CVE-2016-0971,"['CWE-787', 'CWE-125', 'CWE-416', 'CWE-120', 'CWE-190', 'CWE-415', 'CWE-129', 'CWE-134', 'CWE-824', 'CWE-1284']","[-3.0283487 -3.0754423 -3.1092374 -3.3004398 -3.5934875 -3.9265633
 -3.9402628 -4.139793  -4.4428425 -5.438128 ]",CWE-119
CVE-2016-0972,"['CWE-787', 'CWE-125', 'CWE-416', 'CWE-120', 'CWE-190', 'CWE-129', 'CWE-415', 'CWE-134', 'CWE-824', 'CWE-470']","[-2.970781  -3.063335  -3.1105702 -3.3066428 -3.5229003 -3.9310591
 -3.9399734 -4.1299543 -4.4650035 -5.4695234]",CWE-119
CVE-2016-0976,"['CWE-787', 'CWE-125', 'CWE-416', 'CWE-120', 'CWE-190', 'CWE-129', 'CWE-415', 'CWE-134', 'CWE-824', 'CWE-1284']","[-2.9387395 -3.0523372 -3.0771964 -3.3604515 -3.536182  -3.9813457
 -3.9980502 -4.172363  -4.47792   -5.5275784]",CWE-119
CVE-2016-0977,"['CWE-787', 'CWE-416', 'CWE-125', 'CWE-120', 'CWE-190', 'CWE-415', 'CWE-129', 'CWE-134', 'CWE-824', 'CWE-1284']","[-2.954669  -3.0717168 -3.101959  -3.3013651 -3.538645  -3.9153423
 -3.9267764 -4.157806  -4.414072  -5.4481983]",CWE-119
CVE-2016-0978,"['CWE-787', 'CWE-416', 'CWE-125', 'CWE-120', 'CWE-190', 'CWE-129', 'CWE-415', 'CWE-134', 'CWE-824', 'CWE-1284']","[-2.967478  -3.0998003 -3.1093287 -3.2852137 -3.5401146 -3.9167898
 -3.925123  -4.1244755 -4.380193  -5.424043 ]",CWE-119
CVE-2016-0979,"['CWE-787', 'CWE-416', 'CWE-125', 'CWE-120', 'CWE-190', 'CWE-129', 'CWE-415', 'CWE-134', 'CWE-824', 'CWE-1284']","[-2.977927  -3.144047  -3.1464922 -3.3762834 -3.586841  -3.9863923
 -4.0405955 -4.223899  -4.485006  -5.501913 ]",CWE-119
CVE-2016-0980,"['CWE-787', 'CWE-125', 'CWE-416', 'CWE-120', 'CWE-190', 'CWE-415', 'CWE-129', 'CWE-134', 'CWE-824', 'CWE-1284']","[-3.0175323 -3.0934541 -3.1199856 -3.3212192 -3.5837383 -3.9218647
 -3.9342492 -4.158669  -4.404842  -5.4074044]",CWE-119
CVE-2016-0981,"['CWE-787', 'CWE-416', 'CWE-125', 'CWE-120', 'CWE-190', 'CWE-129', 'CWE-415', 'CWE-134', 'CWE-824', 'CWE-470']","[-2.933128  -3.0685546 -3.0717745 -3.3057709 -3.5717719 -3.9102855
 -3.9145873 -4.1551137 -4.4240136 -5.4643064]",CWE-119
CVE-2016-1001,"['CWE-787', 'CWE-125', 'CWE-416', 'CWE-120', 'CWE-190', 'CWE-415', 'CWE-129', 'CWE-134', 'CWE-824', 'CWE-1284']","[-2.9500408 -3.0978713 -3.1137087 -3.3210864 -3.545709  -3.9457808
 -3.9945314 -4.202277  -4.4328084 -5.4751987]",CWE-119
CVE-2016-1005,"['CWE-787', 'CWE-125', 'CWE-416', 'CWE-120', 'CWE-190', 'CWE-415', 'CWE-129', 'CWE-134', 'CWE-824', 'CWE-1284']","[-3.0290158 -3.1257699 -3.141658  -3.360352  -3.6179097 -3.9969463
 -4.008591  -4.2180433 -4.490334  -5.5166874]",CWE-119
CVE-2016-1012,"['CWE-787', 'CWE-125', 'CWE-416', 'CWE-120', 'CWE-190', 'CWE-415', 'CWE-129', 'CWE-134', 'CWE-824', 'CWE-470']","[-2.9613576 -3.0966177 -3.0970306 -3.3403933 -3.5852625 -3.9502492
 -3.9639285 -4.147544  -4.481662  -5.491646 ]",CWE-119
CVE-2016-10160,"['CWE-787', 'CWE-125', 'CWE-416', 'CWE-120', 'CWE-190', 'CWE-134', 'CWE-415', 'CWE-129', 'CWE-824', 'CWE-470']","[-3.5474663 -3.6791806 -3.7153716 -3.9359071 -4.1020265 -4.4887257
 -4.517503  -4.6366825 -4.773765  -5.867727 ]",CWE-119
CVE-2016-10174,"['CWE-787', 'CWE-125', 'CWE-416', 'CWE-120', 'CWE-190', 'CWE-415', 'CWE-129', 'CWE-134', 'CWE-824', 'CWE-470']","[-3.0368762 -3.1304898 -3.1497662 -3.3088796 -3.5864763 -3.9077296
 -3.9152596 -4.117613  -4.4421024 -5.4239583]",CWE-119
CVE-2016-1018,"['CWE-787', 'CWE-416', 'CWE-125', 'CWE-120', 'CWE-190', 'CWE-129', 'CWE-415', 'CWE-134', 'CWE-824', 'CWE-1284']","[-2.9947069 -3.0875354 -3.1357765 -3.3607771 -3.5788698 -4.021791
 -4.0370955 -4.2511616 -4.448205  -5.5177927]",CWE-119
CVE-2016-10196,"['CWE-787', 'CWE-190', 'CWE-125', 'CWE-416', 'CWE-120', 'CWE-415', 'CWE-824', 'CWE-134', 'CWE-129', 'CWE-470']","[-3.5510802 -3.7121081 -3.7266638 -3.7955072 -4.1612597 -4.627753
 -4.811443  -4.818578  -5.0379467 -5.9389005]",CWE-119
CVE-2016-1020,"['CWE-787', 'CWE-416', 'CWE-125', 'CWE-120', 'CWE-190', 'CWE-415', 'CWE-129', 'CWE-134', 'CWE-824', 'CWE-1284']","[-2.9527543 -3.0613124 -3.0866902 -3.330273  -3.5585055 -3.963803
 -3.9937627 -4.225013  -4.4353895 -5.489203 ]",CWE-119
CVE-2016-1021,"['CWE-787', 'CWE-416', 'CWE-125', 'CWE-120', 'CWE-190', 'CWE-415', 'CWE-129', 'CWE-134', 'CWE-824', 'CWE-470']","[-2.936228  -3.0458934 -3.0687127 -3.3046114 -3.4983554 -3.937367
 -3.9398854 -4.1535435 -4.4276795 -5.4910645]",CWE-119
CVE-2016-1022,"['CWE-787', 'CWE-416', 'CWE-125', 'CWE-120', 'CWE-190', 'CWE-129', 'CWE-415', 'CWE-134', 'CWE-824', 'CWE-470']","[-2.9887242 -3.0844753 -3.091457  -3.3338456 -3.587522  -3.9613206
 -3.9687326 -4.202796  -4.4458656 -5.4993205]",CWE-119
CVE-2016-1023,"['CWE-787', 'CWE-416', 'CWE-125', 'CWE-120', 'CWE-190', 'CWE-415', 'CWE-129', 'CWE-134', 'CWE-824', 'CWE-1284']","[-2.9656334 -3.0806296 -3.086721  -3.319324  -3.5487747 -3.9486415
 -3.9516509 -4.1922183 -4.416443  -5.4537363]",CWE-119
CVE-2016-1024,"['CWE-787', 'CWE-125', 'CWE-416', 'CWE-120', 'CWE-190', 'CWE-129', 'CWE-415', 'CWE-134', 'CWE-824', 'CWE-470']","[-2.963544  -3.051985  -3.0673196 -3.3506274 -3.581884  -3.9516137
 -3.968198  -4.145881  -4.46924   -5.5032167]",CWE-119
CVE-2016-1025,"['CWE-787', 'CWE-416', 'CWE-125', 'CWE-120', 'CWE-190', 'CWE-415', 'CWE-129', 'CWE-134', 'CWE-824', 'CWE-470']","[-2.9079094 -3.0233822 -3.0979252 -3.254044  -3.519401  -3.9200823
 -3.9352262 -4.178177  -4.382387  -5.4771605]",CWE-119
CVE-2016-1026,"['CWE-787', 'CWE-416', 'CWE-125', 'CWE-120', 'CWE-190', 'CWE-415', 'CWE-129', 'CWE-134', 'CWE-824', 'CWE-1284']","[-2.902532  -3.0357866 -3.0984812 -3.3324955 -3.5715506 -3.9542315
 -3.9821346 -4.206425  -4.4290314 -5.4909334]",CWE-119
CVE-2016-1027,"['CWE-787', 'CWE-125', 'CWE-416', 'CWE-120', 'CWE-190', 'CWE-129', 'CWE-415', 'CWE-134', 'CWE-824', 'CWE-470']","[-2.9788969 -3.1471941 -3.1731577 -3.391489  -3.6041176 -4.006401
 -4.020506  -4.2256083 -4.5085096 -5.5288806]",CWE-119
CVE-2016-10273,"['CWE-787', 'CWE-416', 'CWE-125', 'CWE-120', 'CWE-190', 'CWE-415', 'CWE-129', 'CWE-134', 'CWE-824', 'CWE-470']","[-3.006213  -3.096124  -3.097322  -3.296411  -3.5289304 -3.9385145
 -3.9506881 -4.1129093 -4.462441  -5.463624 ]",CWE-119
CVE-2016-1028,"['CWE-787', 'CWE-416', 'CWE-125', 'CWE-120', 'CWE-190', 'CWE-415', 'CWE-129', 'CWE-134', 'CWE-824', 'CWE-1284']","[-2.9437995 -3.0807748 -3.1335604 -3.337177  -3.5727172 -3.9594944
 -3.9856868 -4.1948366 -4.4181433 -5.4583426]",CWE-119
CVE-2016-1029,"['CWE-787', 'CWE-416', 'CWE-125', 'CWE-120', 'CWE-190', 'CWE-415', 'CWE-129', 'CWE-134', 'CWE-824', 'CWE-470']","[-3.0108094 -3.1133878 -3.1375706 -3.3684905 -3.5937643 -3.9937975
 -4.0109286 -4.193937  -4.4965434 -5.528795 ]",CWE-119
CVE-2016-1032,"['CWE-787', 'CWE-416', 'CWE-125', 'CWE-120', 'CWE-190', 'CWE-415', 'CWE-129', 'CWE-134', 'CWE-824', 'CWE-470']","[-2.936195  -3.0859363 -3.1193352 -3.3289757 -3.5681577 -3.9587429
 -3.981711  -4.2065144 -4.471254  -5.503791 ]",CWE-119
CVE-2016-1033,"['CWE-787', 'CWE-416', 'CWE-125', 'CWE-120', 'CWE-190', 'CWE-415', 'CWE-129', 'CWE-134', 'CWE-824', 'CWE-1284']","[-2.965612  -3.0742104 -3.1191282 -3.375997  -3.5732956 -3.9823086
 -3.9966266 -4.1715813 -4.474396  -5.511152 ]",CWE-119
CVE-2016-1646,"['CWE-416', 'CWE-190', 'CWE-787', 'CWE-125', 'CWE-120', 'CWE-415', 'CWE-824', 'CWE-134', 'CWE-129', 'CWE-470']","[-3.5812483 -3.653916  -3.720852  -3.7948198 -4.625319  -4.8081656
 -5.0655007 -5.30622   -5.453997  -6.152777 ]",CWE-119
CVE-2016-2123,"['CWE-787', 'CWE-416', 'CWE-125', 'CWE-190', 'CWE-120', 'CWE-415', 'CWE-824', 'CWE-134', 'CWE-129', 'CWE-470']","[-3.660928  -3.7266343 -3.8073528 -3.877499  -3.9221904 -4.464811
 -4.6234426 -4.6491303 -4.7354126 -5.8186193]",CWE-119
CVE-2016-2290,"['CWE-787', 'CWE-416', 'CWE-125', 'CWE-120', 'CWE-190', 'CWE-415', 'CWE-129', 'CWE-134', 'CWE-824', 'CWE-470']","[-2.967786  -3.0862093 -3.1099615 -3.337436  -3.5598855 -3.9730828
 -3.9773014 -4.213926  -4.4490857 -5.4979215]",CWE-119
CVE-2016-2291,"['CWE-787', 'CWE-125', 'CWE-416', 'CWE-120', 'CWE-190', 'CWE-415', 'CWE-129', 'CWE-134', 'CWE-824', 'CWE-1284']","[-2.960748  -3.0648136 -3.1170936 -3.3264468 -3.5433505 -3.9299984
 -3.965383  -4.196844  -4.425352  -5.4419284]",CWE-119
CVE-2016-2292,"['CWE-787', 'CWE-416', 'CWE-125', 'CWE-120', 'CWE-190', 'CWE-415', 'CWE-129', 'CWE-134', 'CWE-824', 'CWE-1284']","[-3.0083141 -3.0984244 -3.1511598 -3.363643  -3.6423495 -3.9691763
 -4.0012207 -4.2415867 -4.4648776 -5.4997215]",CWE-119
CVE-2016-4074,"['CWE-787', 'CWE-125', 'CWE-190', 'CWE-416', 'CWE-120', 'CWE-415', 'CWE-824', 'CWE-134', 'CWE-129', 'CWE-470']","[-3.4647233 -3.6875427 -3.72132   -3.7865095 -3.797065  -4.384138
 -4.577515  -4.704933  -4.7051697 -5.7295747]",CWE-119
CVE-2016-4172,"['CWE-787', 'CWE-125', 'CWE-416', 'CWE-120', 'CWE-190', 'CWE-415', 'CWE-129', 'CWE-134', 'CWE-824', 'CWE-1284']","[-2.8796487 -3.0560188 -3.0634172 -3.296458  -3.5187237 -3.910523
 -3.943219  -4.1874304 -4.41662   -5.449007 ]",CWE-119
CVE-2016-4175,"['CWE-787', 'CWE-125', 'CWE-416', 'CWE-120', 'CWE-190', 'CWE-415', 'CWE-129', 'CWE-134', 'CWE-824', 'CWE-1284']","[-2.9886312 -3.0401154 -3.057837  -3.2992687 -3.55908   -3.9524531
 -3.9602637 -4.143283  -4.430957  -5.427127 ]",CWE-119
CVE-2016-4176,"['CWE-787', 'CWE-125', 'CWE-416', 'CWE-120', 'CWE-190', 'CWE-415', 'CWE-129', 'CWE-134', 'CWE-824', 'CWE-470']","[-2.9883058 -3.0994792 -3.1234848 -3.2592974 -3.5894225 -3.8587065
 -3.8809948 -4.117544  -4.405525  -5.3751287]",CWE-119
CVE-2016-4177,"['CWE-787', 'CWE-125', 'CWE-416', 'CWE-120', 'CWE-190', 'CWE-415', 'CWE-129', 'CWE-134', 'CWE-824', 'CWE-470']","[-3.01973   -3.0517952 -3.0843909 -3.2269676 -3.513438  -3.8784282
 -3.9073932 -4.1267757 -4.384913  -5.4041753]",CWE-119
CVE-2016-4179,"['CWE-787', 'CWE-416', 'CWE-125', 'CWE-120', 'CWE-190', 'CWE-415', 'CWE-129', 'CWE-134', 'CWE-824', 'CWE-470']","[-3.0538635 -3.1356401 -3.1477363 -3.4076777 -3.6381836 -4.0686626
 -4.0724745 -4.2555385 -4.549433  -5.577162 ]",CWE-119
CVE-2016-4180,"['CWE-787', 'CWE-416', 'CWE-125', 'CWE-120', 'CWE-190', 'CWE-129', 'CWE-415', 'CWE-134', 'CWE-824', 'CWE-470']","[-2.9350972 -3.0617442 -3.1079702 -3.3031137 -3.5519936 -3.9651296
 -3.9677925 -4.2150145 -4.44694   -5.5045943]",CWE-119
CVE-2016-4181,"['CWE-787', 'CWE-125', 'CWE-416', 'CWE-120', 'CWE-190', 'CWE-415', 'CWE-129', 'CWE-134', 'CWE-824', 'CWE-470']","[-2.978435  -3.1115391 -3.114274  -3.342046  -3.6014788 -3.9523346
 -3.9628248 -4.187245  -4.421095  -5.4666457]",CWE-119
CVE-2016-4182,"['CWE-787', 'CWE-125', 'CWE-416', 'CWE-120', 'CWE-190', 'CWE-415', 'CWE-129', 'CWE-134', 'CWE-824', 'CWE-1284']","[-2.9558086 -3.0528674 -3.0779321 -3.3280976 -3.5210838 -3.9697497
 -3.9873328 -4.1854796 -4.4454966 -5.5054784]",CWE-119
CVE-2016-4183,"['CWE-787', 'CWE-125', 'CWE-416', 'CWE-120', 'CWE-190', 'CWE-415', 'CWE-129', 'CWE-134', 'CWE-824', 'CWE-470']","[-2.9982207 -3.1197217 -3.1533675 -3.3516366 -3.6226068 -3.982872
 -3.990551  -4.1745467 -4.551105  -5.537123 ]",CWE-119
CVE-2016-4184,"['CWE-787', 'CWE-125', 'CWE-416', 'CWE-120', 'CWE-190', 'CWE-129', 'CWE-415', 'CWE-134', 'CWE-824', 'CWE-470']","[-3.0322237 -3.112946  -3.156428  -3.3311198 -3.578061  -3.9553864
 -3.968711  -4.152938  -4.4921536 -5.4969215]",CWE-119
CVE-2016-4185,"['CWE-787', 'CWE-416', 'CWE-125', 'CWE-120', 'CWE-190', 'CWE-415', 'CWE-129', 'CWE-134', 'CWE-824', 'CWE-1284']","[-2.981645  -3.1020794 -3.125805  -3.3570733 -3.599787  -3.976164
 -3.9934084 -4.1879764 -4.4953895 -5.506177 ]",CWE-119
CVE-2016-4186,"['CWE-787', 'CWE-125', 'CWE-416', 'CWE-120', 'CWE-190', 'CWE-415', 'CWE-129', 'CWE-134', 'CWE-824', 'CWE-1284']","[-2.9704242 -3.0699577 -3.100403  -3.3246765 -3.5782256 -3.9333844
 -3.9594104 -4.172877  -4.434427  -5.466912 ]",CWE-119
CVE-2016-4187,"['CWE-787', 'CWE-416', 'CWE-125', 'CWE-120', 'CWE-190', 'CWE-129', 'CWE-415', 'CWE-134', 'CWE-824', 'CWE-1284']","[-2.9528434 -3.067173  -3.080858  -3.3199735 -3.5663192 -3.9443648
 -3.9734552 -4.1718006 -4.4708014 -5.482439 ]",CWE-119
CVE-2016-4188,"['CWE-787', 'CWE-416', 'CWE-125', 'CWE-120', 'CWE-190', 'CWE-415', 'CWE-129', 'CWE-134', 'CWE-824', 'CWE-1284']","[-3.0330727 -3.0970147 -3.1011264 -3.3764381 -3.6023777 -4.0117173
 -4.0457587 -4.228472  -4.488408  -5.5180845]",CWE-119
CVE-2016-4189,"['CWE-787', 'CWE-416', 'CWE-125', 'CWE-120', 'CWE-190', 'CWE-415', 'CWE-129', 'CWE-134', 'CWE-824', 'CWE-470']","[-2.9785974 -3.06518   -3.0652966 -3.2689075 -3.565538  -3.887137
 -3.9047265 -4.129731  -4.350115  -5.4112687]",CWE-119
CVE-2016-4190,"['CWE-787', 'CWE-125', 'CWE-416', 'CWE-120', 'CWE-190', 'CWE-415', 'CWE-129', 'CWE-134', 'CWE-824', 'CWE-470']","[-2.8915796 -3.0146196 -3.027926  -3.271859  -3.5249207 -3.8730927
 -3.9077325 -4.108738  -4.415338  -5.4426494]",CWE-119
CVE-2016-4217,"['CWE-787', 'CWE-416', 'CWE-125', 'CWE-120', 'CWE-190', 'CWE-415', 'CWE-129', 'CWE-134', 'CWE-824', 'CWE-470']","[-2.936905  -3.0461402 -3.081075  -3.3555586 -3.5451632 -3.9689941
 -3.9875112 -4.217392  -4.500357  -5.53232  ]",CWE-119
CVE-2016-4218,"['CWE-787', 'CWE-416', 'CWE-125', 'CWE-120', 'CWE-190', 'CWE-415', 'CWE-129', 'CWE-134', 'CWE-824', 'CWE-470']","[-2.9276915 -3.0795956 -3.093509  -3.31934   -3.573489  -3.9318137
 -3.944689  -4.1861577 -4.4754148 -5.4867306]",CWE-119
CVE-2016-4219,"['CWE-787', 'CWE-416', 'CWE-125', 'CWE-120', 'CWE-190', 'CWE-415', 'CWE-129', 'CWE-134', 'CWE-824', 'CWE-1284']","[-2.9991329 -3.075238  -3.153673  -3.3285074 -3.5999095 -3.9657907
 -3.9962633 -4.224392  -4.4349236 -5.4816384]",CWE-119
CVE-2016-4220,"['CWE-787', 'CWE-125', 'CWE-416', 'CWE-120', 'CWE-190', 'CWE-129', 'CWE-415', 'CWE-134', 'CWE-824', 'CWE-470']","[-2.964197  -3.037065  -3.1069868 -3.3444598 -3.5297916 -3.9469593
 -3.9561505 -4.1501164 -4.4777327 -5.4961867]",CWE-119
CVE-2016-4221,"['CWE-787', 'CWE-416', 'CWE-125', 'CWE-120', 'CWE-190', 'CWE-415', 'CWE-129', 'CWE-134', 'CWE-824', 'CWE-1284']","[-2.9594738 -3.0857382 -3.091982  -3.3405516 -3.5430748 -3.9653635
 -3.965652  -4.1706433 -4.472728  -5.44649  ]",CWE-119
CVE-2016-4233,"['CWE-787', 'CWE-416', 'CWE-125', 'CWE-120', 'CWE-190', 'CWE-415', 'CWE-129', 'CWE-134', 'CWE-824', 'CWE-1284']","[-2.9290535 -3.0184896 -3.0392015 -3.252888  -3.51192   -3.876152
 -3.9226906 -4.146825  -4.3554873 -5.413829 ]",CWE-119
CVE-2016-4234,"['CWE-787', 'CWE-125', 'CWE-416', 'CWE-120', 'CWE-190', 'CWE-415', 'CWE-129', 'CWE-134', 'CWE-824', 'CWE-1284']","[-2.964117  -3.0758185 -3.0953999 -3.2906132 -3.5646067 -3.9029083
 -3.937626  -4.1772857 -4.394308  -5.4118257]",CWE-119
CVE-2016-4235,"['CWE-787', 'CWE-416', 'CWE-125', 'CWE-120', 'CWE-190', 'CWE-415', 'CWE-129', 'CWE-134', 'CWE-824', 'CWE-1284']","[-2.9789503 -3.102487  -3.110834  -3.3164992 -3.5976822 -3.9418094
 -3.9506857 -4.166273  -4.4245667 -5.4465966]",CWE-119
CVE-2016-4236,"['CWE-787', 'CWE-416', 'CWE-125', 'CWE-120', 'CWE-190', 'CWE-415', 'CWE-129', 'CWE-134', 'CWE-824', 'CWE-470']","[-2.992961  -3.091391  -3.1168168 -3.3155398 -3.576652  -3.961882
 -3.9711573 -4.1562505 -4.4144764 -5.4602017]",CWE-119
CVE-2016-4237,"['CWE-787', 'CWE-416', 'CWE-125', 'CWE-120', 'CWE-190', 'CWE-415', 'CWE-129', 'CWE-134', 'CWE-824', 'CWE-470']","[-2.973928  -3.0711048 -3.0995905 -3.325758  -3.5668292 -3.959532
 -3.9701948 -4.185148  -4.470704  -5.496455 ]",CWE-119
CVE-2016-4238,"['CWE-787', 'CWE-125', 'CWE-416', 'CWE-120', 'CWE-190', 'CWE-415', 'CWE-129', 'CWE-134', 'CWE-824', 'CWE-1284']","[-2.9979634 -3.0904105 -3.0934923 -3.3046489 -3.5862381 -3.9496858
 -3.959742  -4.1614995 -4.467243  -5.4605083]",CWE-119
CVE-2016-4239,"['CWE-787', 'CWE-125', 'CWE-416', 'CWE-120', 'CWE-190', 'CWE-129', 'CWE-415', 'CWE-134', 'CWE-824', 'CWE-470']","[-3.0040143 -3.0793738 -3.0975418 -3.3311672 -3.5826712 -3.9692664
 -3.9971018 -4.178154  -4.4839253 -5.520064 ]",CWE-119
CVE-2016-4240,"['CWE-787', 'CWE-125', 'CWE-416', 'CWE-120', 'CWE-190', 'CWE-415', 'CWE-129', 'CWE-134', 'CWE-824', 'CWE-470']","[-2.9923685 -3.0767653 -3.1450315 -3.3431382 -3.563257  -3.9102592
 -3.95784   -4.1689954 -4.495761  -5.45271  ]",CWE-119
CVE-2016-4241,"['CWE-787', 'CWE-416', 'CWE-125', 'CWE-120', 'CWE-190', 'CWE-415', 'CWE-129', 'CWE-134', 'CWE-824', 'CWE-1284']","[-2.9463885 -3.0927393 -3.1297922 -3.3399863 -3.5696456 -3.964929
 -3.989501  -4.2062383 -4.4525485 -5.4720087]",CWE-119
CVE-2016-4242,"['CWE-787', 'CWE-125', 'CWE-416', 'CWE-120', 'CWE-190', 'CWE-129', 'CWE-415', 'CWE-134', 'CWE-824', 'CWE-1284']","[-2.9294734 -3.0664692 -3.069128  -3.2938595 -3.5549948 -3.9109743
 -3.9118617 -4.1564846 -4.397946  -5.4606285]",CWE-119
CVE-2016-4243,"['CWE-787', 'CWE-416', 'CWE-125', 'CWE-120', 'CWE-190', 'CWE-129', 'CWE-415', 'CWE-134', 'CWE-824', 'CWE-470']","[-2.944813  -3.046749  -3.0641584 -3.2426844 -3.5243847 -3.866275
 -3.8849106 -4.1021323 -4.3681016 -5.4074697]",CWE-119
CVE-2016-4244,"['CWE-787', 'CWE-416', 'CWE-125', 'CWE-120', 'CWE-190', 'CWE-415', 'CWE-129', 'CWE-134', 'CWE-824', 'CWE-1284']","[-2.9658399 -3.0738149 -3.1003618 -3.3393238 -3.5948925 -3.9511824
 -3.9611113 -4.196479  -4.48026   -5.4696445]",CWE-119
CVE-2016-4245,"['CWE-787', 'CWE-125', 'CWE-416', 'CWE-120', 'CWE-190', 'CWE-415', 'CWE-129', 'CWE-134', 'CWE-824', 'CWE-1284']","[-2.9744906 -3.0625513 -3.1002688 -3.3193455 -3.5652716 -3.9143233
 -3.9483783 -4.1650453 -4.4269805 -5.453909 ]",CWE-119
CVE-2016-4246,"['CWE-787', 'CWE-125', 'CWE-416', 'CWE-120', 'CWE-190', 'CWE-415', 'CWE-129', 'CWE-134', 'CWE-824', 'CWE-470']","[-2.955529  -3.050812  -3.0891857 -3.2969291 -3.5436409 -3.9199233
 -3.9403093 -4.182664  -4.4152293 -5.458863 ]",CWE-119
CVE-2016-4249,"['CWE-787', 'CWE-125', 'CWE-416', 'CWE-120', 'CWE-190', 'CWE-129', 'CWE-415', 'CWE-134', 'CWE-824', 'CWE-470']","[-3.017161  -3.0838592 -3.1080704 -3.3355591 -3.580507  -3.9486334
 -3.9766352 -4.143195  -4.4601316 -5.465243 ]",CWE-119
CVE-2016-4273,"['CWE-416', 'CWE-787', 'CWE-190', 'CWE-125', 'CWE-120', 'CWE-415', 'CWE-824', 'CWE-134', 'CWE-129', 'CWE-470']","[-4.0392222 -4.155704  -4.1820383 -4.26635   -4.9253607 -5.240203
 -5.378158  -5.6556664 -5.739683  -6.549707 ]",CWE-119
CVE-2016-4274,"['CWE-787', 'CWE-416', 'CWE-125', 'CWE-120', 'CWE-190', 'CWE-415', 'CWE-129', 'CWE-134', 'CWE-824', 'CWE-1284']","[-2.8911014 -3.040293  -3.0607877 -3.2998705 -3.532874  -3.9227858
 -3.9335382 -4.1561427 -4.4211845 -5.454763 ]",CWE-119
CVE-2016-4275,"['CWE-787', 'CWE-125', 'CWE-416', 'CWE-120', 'CWE-190', 'CWE-415', 'CWE-129', 'CWE-134', 'CWE-824', 'CWE-470']","[-2.9231083 -3.0597997 -3.0832527 -3.2909849 -3.5652843 -3.8861327
 -3.8938189 -4.147986  -4.4237676 -5.4302545]",CWE-119
CVE-2016-4276,"['CWE-787', 'CWE-125', 'CWE-416', 'CWE-120', 'CWE-190', 'CWE-415', 'CWE-129', 'CWE-134', 'CWE-824', 'CWE-470']","[-2.9361057 -3.0586145 -3.0599878 -3.3135571 -3.5623431 -3.9429429
 -3.9454253 -4.1528893 -4.4453583 -5.4978104]",CWE-119
CVE-2016-4280,"['CWE-787', 'CWE-416', 'CWE-125', 'CWE-120', 'CWE-190', 'CWE-415', 'CWE-129', 'CWE-134', 'CWE-824', 'CWE-470']","[-2.9824018 -3.0901377 -3.0916092 -3.3037226 -3.5559483 -3.9439852
 -3.9470494 -4.1521964 -4.4384437 -5.4774446]",CWE-119
CVE-2016-4281,"['CWE-787', 'CWE-125', 'CWE-416', 'CWE-120', 'CWE-190', 'CWE-415', 'CWE-129', 'CWE-134', 'CWE-824', 'CWE-1284']","[-3.0003486 -3.114402  -3.1469364 -3.320821  -3.5846179 -3.9568703
 -3.9907901 -4.197508  -4.4677577 -5.4735456]",CWE-119
CVE-2016-4282,"['CWE-787', 'CWE-416', 'CWE-125', 'CWE-120', 'CWE-190', 'CWE-415', 'CWE-129', 'CWE-134', 'CWE-824', 'CWE-1284']","[-3.02891   -3.0959327 -3.12134   -3.4006076 -3.6135304 -4.01682
 -4.017754  -4.1807356 -4.509448  -5.559199 ]",CWE-119
CVE-2016-4283,"['CWE-787', 'CWE-125', 'CWE-416', 'CWE-120', 'CWE-190', 'CWE-415', 'CWE-129', 'CWE-134', 'CWE-824', 'CWE-470']","[-2.9692974 -3.0624623 -3.1152444 -3.3222377 -3.558288  -3.9056227
 -3.9267492 -4.120541  -4.4499125 -5.4419146]",CWE-119
CVE-2016-4284,"['CWE-787', 'CWE-125', 'CWE-416', 'CWE-120', 'CWE-190', 'CWE-415', 'CWE-129', 'CWE-134', 'CWE-824', 'CWE-1284']","[-2.9562476 -3.1069093 -3.1213193 -3.322535  -3.5949368 -3.9039757
 -3.9472406 -4.1795616 -4.3987827 -5.412293 ]",CWE-119
CVE-2016-4285,"['CWE-787', 'CWE-416', 'CWE-125', 'CWE-120', 'CWE-190', 'CWE-415', 'CWE-129', 'CWE-134', 'CWE-824', 'CWE-1284']","[-2.8952088 -3.0127876 -3.0348117 -3.2647505 -3.4966187 -3.9009323
 -3.913302  -4.158375  -4.353975  -5.432272 ]",CWE-119
CVE-2016-4303,"['CWE-787', 'CWE-416', 'CWE-190', 'CWE-125', 'CWE-120', 'CWE-415', 'CWE-824', 'CWE-134', 'CWE-129', 'CWE-470']","[-3.8697987 -3.8698025 -3.8731225 -3.9800398 -4.706308  -4.990045
 -5.08598   -5.3637133 -5.5840964 -6.172259 ]",CWE-119
CVE-2016-4523,"['CWE-787', 'CWE-125', 'CWE-120', 'CWE-416', 'CWE-190', 'CWE-415', 'CWE-134', 'CWE-129', 'CWE-824', 'CWE-470']","[-3.4897754 -3.615835  -3.6888378 -3.736889  -3.901707  -4.353426
 -4.446949  -4.55678   -4.578245  -5.64392  ]",CWE-119
CVE-2016-4657,"['CWE-787', 'CWE-125', 'CWE-416', 'CWE-120', 'CWE-190', 'CWE-415', 'CWE-129', 'CWE-134', 'CWE-824', 'CWE-470']","[-3.5342493 -3.579813  -3.5959656 -3.709846  -4.127106  -4.3467426
 -4.5207224 -4.599021  -4.749087  -5.8766303]",CWE-119
CVE-2016-5310,"['CWE-190', 'CWE-125', 'CWE-787', 'CWE-416', 'CWE-120', 'CWE-415', 'CWE-824', 'CWE-134', 'CWE-129', 'CWE-470']","[-5.290109  -5.501295  -5.615976  -5.836017  -6.17068   -6.439392
 -6.483347  -6.7032275 -7.111446  -7.29131  ]",CWE-119
CVE-2016-6366,"['CWE-125', 'CWE-787', 'CWE-190', 'CWE-416', 'CWE-120', 'CWE-415', 'CWE-134', 'CWE-824', 'CWE-129', 'CWE-470']","[-4.0929747 -4.13802   -4.3664775 -4.419699  -4.6664014 -5.0570207
 -5.1908636 -5.3344016 -5.4444523 -6.181384 ]",CWE-119
CVE-2016-6922,"['CWE-787', 'CWE-416', 'CWE-125', 'CWE-120', 'CWE-190', 'CWE-415', 'CWE-129', 'CWE-134', 'CWE-824', 'CWE-1284']","[-2.9573922 -3.0769598 -3.105531  -3.3158824 -3.565429  -3.9383092
 -3.9565415 -4.198724  -4.442374  -5.4784408]",CWE-119
CVE-2016-6924,"['CWE-787', 'CWE-416', 'CWE-125', 'CWE-120', 'CWE-190', 'CWE-415', 'CWE-129', 'CWE-134', 'CWE-824', 'CWE-1284']","[-2.961323  -3.088584  -3.1084514 -3.3204172 -3.595225  -3.9380226
 -3.9511752 -4.1941195 -4.386123  -5.445946 ]",CWE-119
CVE-2016-6982,"['CWE-787', 'CWE-416', 'CWE-125', 'CWE-120', 'CWE-190', 'CWE-415', 'CWE-129', 'CWE-134', 'CWE-824', 'CWE-470']","[-2.9870272 -3.0841053 -3.1031947 -3.3088348 -3.5236645 -3.9491017
 -3.9802175 -4.169476  -4.4789214 -5.5018697]",CWE-119
CVE-2016-6983,"['CWE-787', 'CWE-416', 'CWE-125', 'CWE-120', 'CWE-190', 'CWE-415', 'CWE-129', 'CWE-134', 'CWE-824', 'CWE-1284']","[-2.9852219 -3.0967793 -3.1200552 -3.4032748 -3.5805144 -4.0237365
 -4.0424166 -4.2134585 -4.5039363 -5.5697556]",CWE-119
CVE-2016-6984,"['CWE-787', 'CWE-416', 'CWE-125', 'CWE-120', 'CWE-190', 'CWE-129', 'CWE-415', 'CWE-134', 'CWE-824', 'CWE-1284']","[-2.9591074 -3.059479  -3.104884  -3.3173745 -3.5400755 -3.9707966
 -3.9798908 -4.162545  -4.4668474 -5.497041 ]",CWE-119
CVE-2016-6985,"['CWE-787', 'CWE-416', 'CWE-125', 'CWE-120', 'CWE-190', 'CWE-415', 'CWE-129', 'CWE-134', 'CWE-824', 'CWE-470']","[-2.9736917 -3.0823574 -3.095242  -3.3349807 -3.5615015 -3.9547508
 -3.9734476 -4.136462  -4.502753  -5.491504 ]",CWE-119
CVE-2016-6986,"['CWE-787', 'CWE-416', 'CWE-125', 'CWE-120', 'CWE-190', 'CWE-415', 'CWE-129', 'CWE-134', 'CWE-824', 'CWE-470']","[-2.9283566 -3.0402555 -3.0523596 -3.2399151 -3.4966617 -3.8734345
 -3.9162326 -4.136216  -4.3981905 -5.428912 ]",CWE-119
CVE-2016-6989,"['CWE-787', 'CWE-125', 'CWE-416', 'CWE-120', 'CWE-190', 'CWE-415', 'CWE-129', 'CWE-134', 'CWE-824', 'CWE-470']","[-2.942988  -3.0708137 -3.1166368 -3.313868  -3.5914195 -3.8997362
 -3.921093  -4.1588426 -4.410057  -5.4135375]",CWE-119
CVE-2016-6990,"['CWE-787', 'CWE-416', 'CWE-125', 'CWE-120', 'CWE-190', 'CWE-415', 'CWE-129', 'CWE-134', 'CWE-824', 'CWE-1284']","[-2.9914753 -3.0862634 -3.0866513 -3.3491879 -3.6074052 -3.975523
 -3.9975004 -4.1741743 -4.4129925 -5.4426208]",CWE-119
CVE-2016-7200,"['CWE-787', 'CWE-125', 'CWE-416', 'CWE-120', 'CWE-190', 'CWE-415', 'CWE-129', 'CWE-134', 'CWE-824', 'CWE-470']","[-3.5538056 -3.644037  -3.7368088 -3.8161993 -4.2263985 -4.5506845
 -4.56584   -4.5739117 -4.8605266 -5.9611154]",CWE-119
CVE-2016-7201,"['CWE-787', 'CWE-125', 'CWE-416', 'CWE-120', 'CWE-190', 'CWE-415', 'CWE-129', 'CWE-134', 'CWE-824', 'CWE-470']","[-3.4766464 -3.5852385 -3.6675284 -3.7764082 -4.176736  -4.45828
 -4.489489  -4.510681  -4.814321  -5.9246697]",CWE-119
CVE-2016-7867,"['CWE-787', 'CWE-125', 'CWE-416', 'CWE-120', 'CWE-190', 'CWE-415', 'CWE-129', 'CWE-134', 'CWE-824', 'CWE-470']","[-2.9713662 -3.066996  -3.097925  -3.3465657 -3.5925298 -3.9459405
 -4.0052247 -4.2398224 -4.44997   -5.4974074]",CWE-119
CVE-2016-7868,"['CWE-787', 'CWE-125', 'CWE-416', 'CWE-120', 'CWE-190', 'CWE-415', 'CWE-129', 'CWE-134', 'CWE-824', 'CWE-470']","[-2.9882212 -3.0318787 -3.0832882 -3.2698228 -3.5330122 -3.8953514
 -3.924323  -4.1254454 -4.410083  -5.4272065]",CWE-119
CVE-2016-7869,"['CWE-787', 'CWE-125', 'CWE-416', 'CWE-120', 'CWE-190', 'CWE-415', 'CWE-129', 'CWE-134', 'CWE-824', 'CWE-470']","[-2.954549  -3.0461705 -3.0955796 -3.3309853 -3.5492573 -3.9374444
 -3.9398186 -4.1779604 -4.461489  -5.4783196]",CWE-119
CVE-2016-7870,"['CWE-787', 'CWE-416', 'CWE-125', 'CWE-120', 'CWE-190', 'CWE-415', 'CWE-129', 'CWE-134', 'CWE-824', 'CWE-470']","[-2.998538  -3.1231463 -3.160267  -3.343287  -3.5709407 -3.9987254
 -4.005128  -4.1896515 -4.5234194 -5.532024 ]",CWE-119
CVE-2016-7871,"['CWE-787', 'CWE-416', 'CWE-125', 'CWE-120', 'CWE-190', 'CWE-415', 'CWE-129', 'CWE-134', 'CWE-824', 'CWE-470']","[-3.0470705 -3.1550407 -3.1809168 -3.4545798 -3.6665075 -4.0715346
 -4.083074  -4.241809  -4.5912666 -5.61244  ]",CWE-119
CVE-2016-7873,"['CWE-787', 'CWE-125', 'CWE-416', 'CWE-120', 'CWE-190', 'CWE-415', 'CWE-129', 'CWE-134', 'CWE-824', 'CWE-1284']","[-2.9775362 -3.073924  -3.0904832 -3.3553286 -3.5576973 -3.9776232
 -3.997353  -4.1702366 -4.4787097 -5.4927335]",CWE-119
CVE-2016-7874,"['CWE-787', 'CWE-125', 'CWE-416', 'CWE-120', 'CWE-190', 'CWE-415', 'CWE-129', 'CWE-134', 'CWE-824', 'CWE-1284']","[-2.963887  -3.075199  -3.079501  -3.2457733 -3.5462935 -3.8477123
 -3.9129448 -4.139961  -4.3386464 -5.3648243]",CWE-119
CVE-2016-7876,"['CWE-787', 'CWE-416', 'CWE-125', 'CWE-120', 'CWE-190', 'CWE-129', 'CWE-415', 'CWE-134', 'CWE-824', 'CWE-470']","[-2.9397552 -3.0931578 -3.100688  -3.3428078 -3.5571225 -3.9444504
 -3.9672406 -4.1541266 -4.4959073 -5.5312634]",CWE-119
CVE-2016-8339,"['CWE-787', 'CWE-125', 'CWE-416', 'CWE-190', 'CWE-120', 'CWE-415', 'CWE-824', 'CWE-134', 'CWE-129', 'CWE-470']","[-3.4981217 -3.6885233 -3.700246  -3.7972937 -3.8582702 -4.4099784
 -4.5654526 -4.655208  -4.6773877 -5.8229613]",CWE-119
CVE-2016-8385,"['CWE-787', 'CWE-125', 'CWE-416', 'CWE-120', 'CWE-190', 'CWE-415', 'CWE-129', 'CWE-824', 'CWE-134', 'CWE-470']","[-3.2157445 -3.4374084 -3.5179546 -3.645466  -3.8018918 -4.244246
 -4.404402  -4.4156427 -4.506888  -5.733271 ]",CWE-119
CVE-2016-8386,"['CWE-787', 'CWE-125', 'CWE-416', 'CWE-120', 'CWE-190', 'CWE-415', 'CWE-824', 'CWE-129', 'CWE-134', 'CWE-470']","[-3.219462  -3.419391  -3.535027  -3.7014809 -3.7720354 -4.2781467
 -4.462341  -4.474577  -4.547538  -5.717421 ]",CWE-119
CVE-2016-8387,"['CWE-787', 'CWE-125', 'CWE-416', 'CWE-120', 'CWE-190', 'CWE-415', 'CWE-129', 'CWE-824', 'CWE-134', 'CWE-470']","[-3.2537358 -3.4726474 -3.5628312 -3.688718  -3.8270884 -4.2726364
 -4.4572124 -4.4644084 -4.5153556 -5.722442 ]",CWE-119
CVE-2016-8709,"['CWE-787', 'CWE-416', 'CWE-125', 'CWE-120', 'CWE-190', 'CWE-129', 'CWE-415', 'CWE-134', 'CWE-824', 'CWE-470']","[-2.970198  -3.0605993 -3.0920022 -3.2933006 -3.5758958 -3.9495482
 -3.9604816 -4.1572323 -4.4547377 -5.4915237]",CWE-119
CVE-2016-8714,"['CWE-787', 'CWE-125', 'CWE-190', 'CWE-416', 'CWE-120', 'CWE-415', 'CWE-134', 'CWE-824', 'CWE-129', 'CWE-470']","[-3.4557345 -3.6040232 -3.7291753 -3.7371876 -3.7910614 -4.357167
 -4.605503  -4.6297235 -4.6662607 -5.740925 ]",CWE-119
CVE-2016-9032,"['CWE-787', 'CWE-125', 'CWE-120', 'CWE-416', 'CWE-190', 'CWE-415', 'CWE-134', 'CWE-129', 'CWE-824', 'CWE-470']","[-3.5404727 -3.766478  -3.8090715 -3.8194766 -3.9521043 -4.40233
 -4.582504  -4.651919  -4.779769  -5.7645288]",CWE-119
CVE-2016-9033,"['CWE-787', 'CWE-416', 'CWE-125', 'CWE-120', 'CWE-190', 'CWE-415', 'CWE-134', 'CWE-129', 'CWE-824', 'CWE-470']","[-3.4441426 -3.7297955 -3.7345078 -3.7785816 -3.949104  -4.3826995
 -4.5331388 -4.61215   -4.644648  -5.6908045]",CWE-119
CVE-2016-9034,"['CWE-787', 'CWE-125', 'CWE-416', 'CWE-120', 'CWE-190', 'CWE-415', 'CWE-134', 'CWE-129', 'CWE-824', 'CWE-470']","[-3.5133538 -3.7659178 -3.8102288 -3.8148394 -3.9483566 -4.3891034
 -4.526109  -4.6240315 -4.7371235 -5.698431 ]",CWE-119
CVE-2016-9035,"['CWE-787', 'CWE-125', 'CWE-416', 'CWE-120', 'CWE-190', 'CWE-415', 'CWE-134', 'CWE-129', 'CWE-824', 'CWE-470']","[-3.4898293 -3.74145   -3.8257227 -3.8302732 -3.9421673 -4.401346
 -4.536113  -4.6418366 -4.6973543 -5.715312 ]",CWE-119
CVE-2016-9052,"['CWE-787', 'CWE-125', 'CWE-416', 'CWE-120', 'CWE-190', 'CWE-415', 'CWE-134', 'CWE-129', 'CWE-824', 'CWE-470']","[-3.4113376 -3.5574963 -3.6492708 -3.6596544 -3.822972  -4.3078837
 -4.4830427 -4.489228  -4.549332  -5.650502 ]",CWE-119
CVE-2016-9054,"['CWE-787', 'CWE-125', 'CWE-416', 'CWE-120', 'CWE-190', 'CWE-415', 'CWE-134', 'CWE-824', 'CWE-129', 'CWE-470']","[-3.4327657 -3.616536  -3.6740468 -3.6982734 -3.8094552 -4.322499
 -4.4654875 -4.5093794 -4.543941  -5.691081 ]",CWE-119
CVE-2016-9275,"['CWE-125', 'CWE-787', 'CWE-416', 'CWE-190', 'CWE-120', 'CWE-415', 'CWE-129', 'CWE-134', 'CWE-824', 'CWE-470']","[-1.9758583 -2.6740046 -3.0717516 -3.163971  -3.2673006 -3.6379728
 -3.8000686 -4.013572  -4.408337  -5.231788 ]",CWE-119
CVE-2016-9343,"['CWE-787', 'CWE-125', 'CWE-416', 'CWE-120', 'CWE-190', 'CWE-415', 'CWE-129', 'CWE-134', 'CWE-824', 'CWE-470']","[-2.9477983 -3.0664682 -3.091734  -3.341077  -3.5519483 -3.9375408
 -3.9539826 -4.1520915 -4.4288774 -5.462852 ]",CWE-119
CVE-2016-9558,"['CWE-787', 'CWE-125', 'CWE-416', 'CWE-120', 'CWE-190', 'CWE-415', 'CWE-129', 'CWE-134', 'CWE-824', 'CWE-470']","[-3.1040962 -3.175151  -3.5403373 -3.6308784 -3.874121  -4.0894327
 -4.262505  -4.305991  -4.547447  -5.4773283]",CWE-119
CVE-2016-9581,"['CWE-787', 'CWE-125', 'CWE-416', 'CWE-120', 'CWE-190', 'CWE-415', 'CWE-129', 'CWE-824', 'CWE-134', 'CWE-470']","[-3.1597373 -3.3181882 -3.4181752 -3.6934028 -3.7985454 -4.282077
 -4.4588757 -4.5270424 -4.558167  -5.7562475]",CWE-119
CVE-2016-9597,"['CWE-416', 'CWE-190', 'CWE-787', 'CWE-125', 'CWE-120', 'CWE-415', 'CWE-824', 'CWE-134', 'CWE-129', 'CWE-470']","[-3.9364033 -4.002121  -4.0231667 -4.1198425 -4.9669285 -5.0862365
 -5.389004  -5.7040095 -5.79129   -6.393217 ]",CWE-119
CVE-2016-9675,"['CWE-787', 'CWE-125', 'CWE-416', 'CWE-120', 'CWE-190', 'CWE-415', 'CWE-129', 'CWE-824', 'CWE-134', 'CWE-470']","[-3.1618872 -3.3331892 -3.4017422 -3.6735115 -3.8191423 -4.25755
 -4.4323397 -4.4531546 -4.555579  -5.7407823]",CWE-119
CVE-2017-0149,"['CWE-787', 'CWE-125', 'CWE-416', 'CWE-120', 'CWE-190', 'CWE-134', 'CWE-415', 'CWE-129', 'CWE-824', 'CWE-470']","[-3.6041758 -3.6758125 -3.732442  -3.8737562 -4.2871265 -4.550791
 -4.571939  -4.574972  -4.959615  -5.9819427]",CWE-119
CVE-2017-0222,"['CWE-787', 'CWE-125', 'CWE-416', 'CWE-120', 'CWE-190', 'CWE-134', 'CWE-415', 'CWE-129', 'CWE-824', 'CWE-470']","[-3.5810032 -3.648811  -3.6894941 -3.8312125 -4.192797  -4.4861064
 -4.5093374 -4.539501  -4.9080443 -5.9464836]",CWE-119
CVE-2017-10671,"['CWE-787', 'CWE-125', 'CWE-416', 'CWE-120', 'CWE-190', 'CWE-415', 'CWE-134', 'CWE-129', 'CWE-824', 'CWE-470']","[-3.4149275 -3.6018658 -3.6227438 -3.6498792 -3.766302  -4.2683244
 -4.4604187 -4.468075  -4.5488815 -5.668071 ]",CWE-119
CVE-2017-12122,"['CWE-787', 'CWE-125', 'CWE-416', 'CWE-190', 'CWE-120', 'CWE-415', 'CWE-824', 'CWE-134', 'CWE-129', 'CWE-470']","[-3.4846487 -3.6586459 -3.684161  -3.7066617 -4.157601  -4.5591297
 -4.7794585 -4.8309236 -4.9527454 -5.940731 ]",CWE-119
CVE-2017-12166,"['CWE-787', 'CWE-416', 'CWE-125', 'CWE-120', 'CWE-190', 'CWE-415', 'CWE-134', 'CWE-129', 'CWE-824', 'CWE-470']","[-3.6865036 -3.737604  -3.7469044 -3.7741592 -3.953852  -4.338786
 -4.4714994 -4.541824  -4.5851417 -5.665423 ]",CWE-119
CVE-2017-12601,"['CWE-787', 'CWE-125', 'CWE-190', 'CWE-416', 'CWE-120', 'CWE-415', 'CWE-134', 'CWE-824', 'CWE-129', 'CWE-470']","[-3.3840115 -3.5615554 -3.7469034 -3.7521386 -4.10726   -4.471524
 -4.7989316 -4.8053145 -4.903806  -5.9409432]",CWE-119
CVE-2017-12862,"['CWE-787', 'CWE-125', 'CWE-190', 'CWE-416', 'CWE-120', 'CWE-415', 'CWE-824', 'CWE-134', 'CWE-129', 'CWE-470']","[-3.3827944 -3.5423226 -3.7160678 -3.7565753 -4.173017  -4.4529147
 -4.8265724 -4.8540144 -4.964586  -5.959473 ]",CWE-119
CVE-2017-13755,"['CWE-787', 'CWE-125', 'CWE-416', 'CWE-120', 'CWE-190', 'CWE-415', 'CWE-129', 'CWE-134', 'CWE-824', 'CWE-470']","[-3.2490184 -3.2963827 -3.4690037 -3.5803409 -3.8950527 -4.1928067
 -4.338422  -4.4400454 -4.470444  -5.679707 ]",CWE-119
CVE-2017-14107,"['CWE-787', 'CWE-125', 'CWE-416', 'CWE-190', 'CWE-120', 'CWE-415', 'CWE-824', 'CWE-134', 'CWE-129', 'CWE-470']","[-3.4750047 -3.6776602 -3.7205603 -3.798994  -3.8245728 -4.4505754
 -4.6183505 -4.6629233 -4.6916223 -5.809817 ]",CWE-119
CVE-2017-14440,"['CWE-787', 'CWE-125', 'CWE-190', 'CWE-416', 'CWE-120', 'CWE-415', 'CWE-134', 'CWE-824', 'CWE-129', 'CWE-470']","[-3.4475482 -3.6354964 -3.7185183 -3.722981  -4.1081767 -4.543613
 -4.7748766 -4.810486  -4.9338274 -5.967475 ]",CWE-119
CVE-2017-14445,"['CWE-787', 'CWE-416', 'CWE-125', 'CWE-120', 'CWE-190', 'CWE-415', 'CWE-129', 'CWE-134', 'CWE-824', 'CWE-470']","[-2.9602919 -3.0943556 -3.1360111 -3.3493848 -3.5761364 -3.9562192
 -3.9721413 -4.181944  -4.4667344 -5.4891534]",CWE-119
CVE-2017-14446,"['CWE-787', 'CWE-125', 'CWE-416', 'CWE-120', 'CWE-190', 'CWE-415', 'CWE-129', 'CWE-134', 'CWE-824', 'CWE-1284']","[-2.9885654 -3.0934978 -3.1255639 -3.3784742 -3.60677   -3.970332
 -3.9940267 -4.2091    -4.472687  -5.479191 ]",CWE-119
CVE-2017-14448,"['CWE-787', 'CWE-125', 'CWE-416', 'CWE-190', 'CWE-120', 'CWE-415', 'CWE-824', 'CWE-134', 'CWE-129', 'CWE-470']","[-3.450559  -3.652466  -3.6631632 -3.7054033 -4.1579485 -4.536635
 -4.772922  -4.8251266 -4.962331  -5.934024 ]",CWE-119
CVE-2017-14491,"['CWE-416', 'CWE-190', 'CWE-787', 'CWE-125', 'CWE-120', 'CWE-415', 'CWE-824', 'CWE-134', 'CWE-129', 'CWE-470']","[-3.9132562 -4.019803  -4.131851  -4.275514  -5.066084  -5.2440567
 -5.4468465 -5.8661857 -5.917174  -6.51018  ]",CWE-119
CVE-2017-16252,"['CWE-787', 'CWE-416', 'CWE-125', 'CWE-120', 'CWE-190', 'CWE-415', 'CWE-129', 'CWE-134', 'CWE-824', 'CWE-1284']","[-2.961238  -3.1071138 -3.1098409 -3.313733  -3.5726726 -3.944021
 -3.990774  -4.202932  -4.436631  -5.4471245]",CWE-119
CVE-2017-16253,"['CWE-787', 'CWE-125', 'CWE-416', 'CWE-120', 'CWE-190', 'CWE-415', 'CWE-129', 'CWE-134', 'CWE-824', 'CWE-470']","[-2.975253  -3.094824  -3.1202683 -3.3258529 -3.562846  -3.9581208
 -3.973249  -4.187277  -4.5077033 -5.5184093]",CWE-119
CVE-2017-16254,"['CWE-787', 'CWE-416', 'CWE-125', 'CWE-120', 'CWE-190', 'CWE-129', 'CWE-415', 'CWE-134', 'CWE-824', 'CWE-1284']","[-2.9989443 -3.1279254 -3.1645513 -3.3794541 -3.643393  -3.979667
 -4.0148916 -4.170175  -4.4893227 -5.4919014]",CWE-119
CVE-2017-16255,"['CWE-787', 'CWE-125', 'CWE-416', 'CWE-120', 'CWE-190', 'CWE-415', 'CWE-129', 'CWE-134', 'CWE-824', 'CWE-470']","[-2.9521189 -3.0618896 -3.0738494 -3.3538804 -3.6037369 -3.9401386
 -3.9565978 -4.1655545 -4.427724  -5.4592266]",CWE-119
CVE-2017-16337,"['CWE-787', 'CWE-416', 'CWE-125', 'CWE-120', 'CWE-190', 'CWE-415', 'CWE-129', 'CWE-134', 'CWE-824', 'CWE-1284']","[-2.9888895 -3.0645711 -3.07132   -3.3092532 -3.57693   -3.9385402
 -3.967899  -4.1971846 -4.3659577 -5.397739 ]",CWE-119
CVE-2017-16338,"['CWE-787', 'CWE-125', 'CWE-416', 'CWE-120', 'CWE-190', 'CWE-415', 'CWE-129', 'CWE-134', 'CWE-824', 'CWE-470']","[-2.967717  -3.0542817 -3.146388  -3.2961614 -3.5381703 -3.9081337
 -3.9578865 -4.1869793 -4.393854  -5.415012 ]",CWE-119
CVE-2017-16339,"['CWE-787', 'CWE-416', 'CWE-125', 'CWE-120', 'CWE-190', 'CWE-415', 'CWE-129', 'CWE-134', 'CWE-824', 'CWE-470']","[-2.9317927 -3.122148  -3.1405149 -3.4197402 -3.5955052 -4.012394
 -4.022768  -4.2437453 -4.5029616 -5.5283294]",CWE-119
CVE-2017-16340,"['CWE-787', 'CWE-125', 'CWE-416', 'CWE-120', 'CWE-190', 'CWE-129', 'CWE-415', 'CWE-134', 'CWE-824', 'CWE-470']","[-3.012609  -3.1239078 -3.1358209 -3.3498952 -3.578909  -3.969411
 -3.976575  -4.1603475 -4.4941025 -5.5132475]",CWE-119
CVE-2017-16341,"['CWE-787', 'CWE-416', 'CWE-125', 'CWE-120', 'CWE-190', 'CWE-415', 'CWE-129', 'CWE-134', 'CWE-824', 'CWE-1284']","[-2.9680312 -3.0862832 -3.10877   -3.3478212 -3.588689  -3.9780703
 -3.9861753 -4.198572  -4.445508  -5.4811707]",CWE-119
CVE-2017-16342,"['CWE-787', 'CWE-125', 'CWE-416', 'CWE-120', 'CWE-190', 'CWE-415', 'CWE-129', 'CWE-134', 'CWE-824', 'CWE-1284']","[-3.0197885 -3.1169264 -3.1314673 -3.3330967 -3.593716  -3.9667823
 -3.9958484 -4.18447   -4.4815283 -5.439582 ]",CWE-119
CVE-2017-16343,"['CWE-787', 'CWE-125', 'CWE-416', 'CWE-120', 'CWE-190', 'CWE-415', 'CWE-129', 'CWE-134', 'CWE-824', 'CWE-1284']","[-2.9771788 -3.0730495 -3.0848358 -3.3475118 -3.575083  -3.9547296
 -3.9765563 -4.1740975 -4.4789014 -5.4907227]",CWE-119
CVE-2017-16344,"['CWE-787', 'CWE-125', 'CWE-416', 'CWE-120', 'CWE-190', 'CWE-415', 'CWE-129', 'CWE-134', 'CWE-824', 'CWE-470']","[-2.98705   -3.0895734 -3.1152663 -3.3497922 -3.5727952 -3.9505143
 -3.9614453 -4.1752715 -4.4688773 -5.482044 ]",CWE-119
CVE-2017-16345,"['CWE-787', 'CWE-125', 'CWE-416', 'CWE-120', 'CWE-190', 'CWE-415', 'CWE-129', 'CWE-134', 'CWE-824', 'CWE-470']","[-3.0034444 -3.0667226 -3.0784178 -3.296895  -3.5502834 -3.9568837
 -3.9583445 -4.1681957 -4.443493  -5.50509  ]",CWE-119
CVE-2017-16346,"['CWE-787', 'CWE-416', 'CWE-125', 'CWE-120', 'CWE-190', 'CWE-415', 'CWE-129', 'CWE-134', 'CWE-824', 'CWE-470']","[-2.94193   -3.029709  -3.0623665 -3.2783694 -3.5463555 -3.9100323
 -3.9159834 -4.18297   -4.392957  -5.4475675]",CWE-119
CVE-2017-16347,"['CWE-787', 'CWE-416', 'CWE-125', 'CWE-120', 'CWE-190', 'CWE-415', 'CWE-129', 'CWE-134', 'CWE-824', 'CWE-470']","[-2.9388273 -3.0704587 -3.0709865 -3.308919  -3.5578341 -3.9464626
 -3.959467  -4.196098  -4.4199853 -5.467097 ]",CWE-119
CVE-2017-17785,"['CWE-787', 'CWE-125', 'CWE-190', 'CWE-416', 'CWE-120', 'CWE-415', 'CWE-824', 'CWE-134', 'CWE-129', 'CWE-470']","[-3.629074  -3.748304  -3.8865452 -3.890772  -4.4009233 -4.704767
 -5.100895  -5.140224  -5.1893706 -6.182626 ]",CWE-119
CVE-2017-17789,"['CWE-787', 'CWE-125', 'CWE-416', 'CWE-190', 'CWE-120', 'CWE-415', 'CWE-824', 'CWE-134', 'CWE-129', 'CWE-470']","[-3.6685545 -3.7855349 -3.8197587 -3.8292356 -4.4515295 -4.728958
 -5.0884438 -5.144081  -5.2371254 -6.1590195]",CWE-119
CVE-2017-2630,"['CWE-787', 'CWE-416', 'CWE-125', 'CWE-190', 'CWE-120', 'CWE-415', 'CWE-824', 'CWE-134', 'CWE-129', 'CWE-470']","[-3.3739207 -3.6147053 -3.6299043 -3.7601645 -3.8374622 -4.2918315
 -4.5918016 -4.618993  -4.6605296 -5.806109 ]",CWE-119
CVE-2017-2634,"['CWE-190', 'CWE-416', 'CWE-125', 'CWE-787', 'CWE-120', 'CWE-415', 'CWE-824', 'CWE-134', 'CWE-129', 'CWE-470']","[-4.0592237 -4.061993  -4.118209  -4.1976523 -5.02456   -5.1740713
 -5.643556  -5.706854  -5.828184  -6.5903172]",CWE-119
CVE-2017-2780,"['CWE-787', 'CWE-125', 'CWE-416', 'CWE-120', 'CWE-190', 'CWE-415', 'CWE-129', 'CWE-134', 'CWE-824', 'CWE-470']","[-3.174346  -3.3028073 -3.426146  -3.5174634 -3.7965481 -4.163297
 -4.208341  -4.374395  -4.4346185 -5.5364285]",CWE-119
CVE-2017-2781,"['CWE-787', 'CWE-125', 'CWE-416', 'CWE-120', 'CWE-190', 'CWE-415', 'CWE-129', 'CWE-134', 'CWE-824', 'CWE-470']","[-3.1684625 -3.295829  -3.3628728 -3.472983  -3.8288708 -4.1440325
 -4.1851745 -4.3635488 -4.399168  -5.5363674]",CWE-119
CVE-2017-2830,"['CWE-787', 'CWE-416', 'CWE-125', 'CWE-120', 'CWE-190', 'CWE-129', 'CWE-415', 'CWE-134', 'CWE-824', 'CWE-470']","[-2.9522698 -3.0612378 -3.1020443 -3.3111129 -3.5491722 -3.9637434
 -3.970439  -4.173907  -4.462396  -5.5090036]",CWE-119
CVE-2017-2831,"['CWE-787', 'CWE-416', 'CWE-125', 'CWE-120', 'CWE-190', 'CWE-415', 'CWE-129', 'CWE-134', 'CWE-824', 'CWE-470']","[-2.9451869 -3.0731692 -3.102659  -3.3352854 -3.5311108 -3.968391
 -3.9983885 -4.23311   -4.4333525 -5.5179234]",CWE-119
CVE-2017-2840,"['CWE-787', 'CWE-125', 'CWE-416', 'CWE-120', 'CWE-190', 'CWE-415', 'CWE-134', 'CWE-129', 'CWE-824', 'CWE-470']","[-3.4898384 -3.6803377 -3.6952722 -3.7146273 -3.8260174 -4.3652654
 -4.4865937 -4.5807915 -4.626797  -5.688802 ]",CWE-119
CVE-2017-2851,"['CWE-787', 'CWE-125', 'CWE-416', 'CWE-120', 'CWE-190', 'CWE-129', 'CWE-415', 'CWE-134', 'CWE-824', 'CWE-1284']","[-2.9464376 -3.051207  -3.0620878 -3.2833567 -3.553084  -3.9410934
 -3.946963  -4.1438727 -4.4662433 -5.4937687]",CWE-119
CVE-2017-2853,"['CWE-787', 'CWE-125', 'CWE-416', 'CWE-120', 'CWE-190', 'CWE-129', 'CWE-415', 'CWE-134', 'CWE-824', 'CWE-470']","[-2.9583526 -3.0816295 -3.0942135 -3.351003  -3.5735373 -3.9451272
 -3.9648817 -4.184527  -4.477881  -5.5145783]",CWE-119
CVE-2017-2854,"['CWE-787', 'CWE-416', 'CWE-125', 'CWE-120', 'CWE-190', 'CWE-129', 'CWE-415', 'CWE-134', 'CWE-824', 'CWE-470']","[-2.9776723 -3.0686965 -3.1232827 -3.3092577 -3.5871465 -3.9283326
 -3.9569128 -4.1721206 -4.419688  -5.493306 ]",CWE-119
CVE-2017-2855,"['CWE-787', 'CWE-416', 'CWE-125', 'CWE-120', 'CWE-190', 'CWE-415', 'CWE-129', 'CWE-134', 'CWE-824', 'CWE-470']","[-2.9669516 -3.048806  -3.0837102 -3.289334  -3.5205507 -3.9277349
 -3.9437091 -4.1505723 -4.423928  -5.4721007]",CWE-119
CVE-2017-2856,"['CWE-787', 'CWE-125', 'CWE-416', 'CWE-120', 'CWE-190', 'CWE-129', 'CWE-415', 'CWE-134', 'CWE-824', 'CWE-470']","[-2.908921  -3.0440023 -3.0790892 -3.322844  -3.5273578 -3.9294343
 -3.952438  -4.1148577 -4.457021  -5.5124383]",CWE-119
CVE-2017-2857,"['CWE-787', 'CWE-416', 'CWE-125', 'CWE-120', 'CWE-190', 'CWE-415', 'CWE-129', 'CWE-134', 'CWE-824', 'CWE-1284']","[-2.936125  -3.0430999 -3.0837924 -3.3159232 -3.5691597 -3.9436228
 -3.9548519 -4.180783  -4.4586143 -5.475809 ]",CWE-119
CVE-2017-2862,"['CWE-787', 'CWE-416', 'CWE-125', 'CWE-190', 'CWE-120', 'CWE-415', 'CWE-824', 'CWE-134', 'CWE-129', 'CWE-470']","[-3.5961535 -3.7148423 -3.8057303 -3.8793025 -3.931622  -4.4756174
 -4.6342926 -4.6732693 -4.780401  -5.842598 ]",CWE-119
CVE-2017-2867,"['CWE-787', 'CWE-125', 'CWE-416', 'CWE-120', 'CWE-190', 'CWE-415', 'CWE-129', 'CWE-134', 'CWE-824', 'CWE-1284']","[-3.023929  -3.1068225 -3.1430855 -3.3514326 -3.636498  -3.9597983
 -3.9756558 -4.1921782 -4.4681983 -5.4608984]",CWE-119
CVE-2017-2868,"['CWE-787', 'CWE-416', 'CWE-125', 'CWE-120', 'CWE-190', 'CWE-415', 'CWE-129', 'CWE-134', 'CWE-824', 'CWE-470']","[-2.920904  -3.031207  -3.0361917 -3.2362492 -3.4945998 -3.8723874
 -3.9131808 -4.1243596 -4.3532085 -5.395644 ]",CWE-119
CVE-2017-2869,"['CWE-787', 'CWE-416', 'CWE-125', 'CWE-120', 'CWE-190', 'CWE-129', 'CWE-415', 'CWE-134', 'CWE-824', 'CWE-470']","[-3.032835  -3.1086674 -3.135536  -3.3912942 -3.6143377 -4.0192695
 -4.0375586 -4.232156  -4.5007863 -5.5667152]",CWE-119
CVE-2017-2875,"['CWE-787', 'CWE-125', 'CWE-416', 'CWE-120', 'CWE-190', 'CWE-415', 'CWE-129', 'CWE-134', 'CWE-824', 'CWE-1284']","[-3.0042365 -3.1390667 -3.142538  -3.3562422 -3.6102767 -3.9754267
 -4.0070157 -4.202237  -4.458724  -5.4424562]",CWE-119
CVE-2017-2876,"['CWE-787', 'CWE-125', 'CWE-416', 'CWE-120', 'CWE-190', 'CWE-415', 'CWE-129', 'CWE-134', 'CWE-824', 'CWE-1284']","[-2.9983196 -3.0751255 -3.0999541 -3.3109198 -3.5511572 -3.936942
 -3.9479086 -4.1092987 -4.4602737 -5.449156 ]",CWE-119
CVE-2017-2878,"['CWE-787', 'CWE-125', 'CWE-416', 'CWE-120', 'CWE-190', 'CWE-415', 'CWE-129', 'CWE-134', 'CWE-824', 'CWE-1284']","[-2.95515   -3.0805187 -3.0852718 -3.3634017 -3.569843  -3.972358
 -3.9862363 -4.169601  -4.467014  -5.5105023]",CWE-119
CVE-2017-2879,"['CWE-787', 'CWE-416', 'CWE-125', 'CWE-120', 'CWE-190', 'CWE-415', 'CWE-129', 'CWE-134', 'CWE-824', 'CWE-1284']","[-2.9326527 -3.0440602 -3.0514743 -3.3327863 -3.5486662 -3.9514484
 -3.9960675 -4.19891   -4.435503  -5.501046 ]",CWE-119
CVE-2017-2885,"['CWE-416', 'CWE-190', 'CWE-125', 'CWE-787', 'CWE-120', 'CWE-415', 'CWE-824', 'CWE-134', 'CWE-129', 'CWE-470']","[-4.298     -4.3752027 -4.4935055 -4.561333  -5.5207925 -5.6187263
 -5.884684  -6.274368  -6.3360143 -6.9242215]",CWE-119
CVE-2017-2894,"['CWE-787', 'CWE-125', 'CWE-416', 'CWE-120', 'CWE-190', 'CWE-415', 'CWE-824', 'CWE-129', 'CWE-134', 'CWE-470']","[-3.1164029 -3.2610862 -3.374818  -3.6435323 -3.813716  -4.225373
 -4.31788   -4.3205285 -4.546823  -5.6874003]",CWE-119
CVE-2017-2919,"['CWE-787', 'CWE-125', 'CWE-416', 'CWE-120', 'CWE-190', 'CWE-415', 'CWE-129', 'CWE-824', 'CWE-134', 'CWE-470']","[-3.2180111 -3.4784465 -3.5279458 -3.5860662 -3.7660675 -4.2097
 -4.356451  -4.4104586 -4.4442725 -5.70309  ]",CWE-119
CVE-2017-2923,"['CWE-787', 'CWE-125', 'CWE-416', 'CWE-190', 'CWE-120', 'CWE-415', 'CWE-824', 'CWE-134', 'CWE-129', 'CWE-470']","[-3.564547  -3.6809528 -3.7962067 -3.8121946 -4.148929  -4.6230206
 -4.818092  -4.852549  -5.0022316 -6.0067096]",CWE-119
CVE-2017-2924,"['CWE-787', 'CWE-125', 'CWE-190', 'CWE-416', 'CWE-120', 'CWE-415', 'CWE-824', 'CWE-134', 'CWE-129', 'CWE-470']","[-3.5368054 -3.6971076 -3.8113966 -3.8127308 -4.1648026 -4.6232104
 -4.8108706 -4.8563466 -5.0044074 -5.972203 ]",CWE-119
CVE-2017-2925,"['CWE-787', 'CWE-416', 'CWE-125', 'CWE-120', 'CWE-190', 'CWE-415', 'CWE-129', 'CWE-134', 'CWE-824', 'CWE-1284']","[-2.9789503 -3.0877829 -3.096793  -3.3531077 -3.5590308 -3.989269
 -4.007244  -4.194099  -4.450347  -5.489968 ]",CWE-119
CVE-2017-2926,"['CWE-787', 'CWE-416', 'CWE-125', 'CWE-120', 'CWE-190', 'CWE-415', 'CWE-129', 'CWE-134', 'CWE-824', 'CWE-1284']","[-2.9943144 -3.057406  -3.075927  -3.310965  -3.5626976 -3.9596198
 -3.9658556 -4.1904    -4.433002  -5.4687614]",CWE-119
CVE-2017-2927,"['CWE-787', 'CWE-125', 'CWE-416', 'CWE-120', 'CWE-190', 'CWE-415', 'CWE-129', 'CWE-134', 'CWE-824', 'CWE-1284']","[-3.00978   -3.1313746 -3.1785033 -3.363259  -3.6114447 -3.9734347
 -4.011243  -4.196555  -4.471973  -5.5164924]",CWE-119
CVE-2017-2928,"['CWE-787', 'CWE-125', 'CWE-416', 'CWE-120', 'CWE-190', 'CWE-129', 'CWE-415', 'CWE-134', 'CWE-824', 'CWE-470']","[-3.002769  -3.127463  -3.1329093 -3.3847234 -3.597609  -3.9809294
 -3.9841554 -4.132124  -4.554895  -5.497992 ]",CWE-119
CVE-2017-2930,"['CWE-787', 'CWE-125', 'CWE-416', 'CWE-120', 'CWE-190', 'CWE-415', 'CWE-129', 'CWE-134', 'CWE-824', 'CWE-470']","[-2.939262  -3.0546274 -3.0630157 -3.347567  -3.5671735 -3.9115255
 -3.9423876 -4.1579814 -4.4852185 -5.469895 ]",CWE-119
CVE-2017-2931,"['CWE-787', 'CWE-125', 'CWE-416', 'CWE-120', 'CWE-190', 'CWE-415', 'CWE-129', 'CWE-134', 'CWE-824', 'CWE-1284']","[-2.9688182 -3.06701   -3.0752234 -3.3666363 -3.589251  -3.976407
 -4.004342  -4.213789  -4.473664  -5.5098033]",CWE-119
CVE-2017-2933,"['CWE-787', 'CWE-125', 'CWE-416', 'CWE-120', 'CWE-190', 'CWE-415', 'CWE-129', 'CWE-134', 'CWE-824', 'CWE-470']","[-2.9569297 -3.0709019 -3.076563  -3.3276355 -3.515256  -3.9649076
 -3.9670165 -4.1401906 -4.5061936 -5.5148873]",CWE-119
CVE-2017-2934,"['CWE-787', 'CWE-416', 'CWE-125', 'CWE-120', 'CWE-190', 'CWE-415', 'CWE-129', 'CWE-134', 'CWE-824', 'CWE-1284']","[-2.9761593 -3.0857751 -3.1593056 -3.316565  -3.6108735 -3.9834924
 -3.9929566 -4.2236743 -4.4361167 -5.5094156]",CWE-119
CVE-2017-2935,"['CWE-787', 'CWE-416', 'CWE-125', 'CWE-120', 'CWE-190', 'CWE-129', 'CWE-415', 'CWE-134', 'CWE-824', 'CWE-1284']","[-2.9125226 -3.0477188 -3.064328  -3.2994773 -3.532462  -3.9454165
 -3.9482145 -4.183593  -4.4257765 -5.4937263]",CWE-119
CVE-2017-2984,"['CWE-787', 'CWE-416', 'CWE-125', 'CWE-120', 'CWE-190', 'CWE-129', 'CWE-415', 'CWE-134', 'CWE-824', 'CWE-470']","[-2.9615204 -3.1286087 -3.1293068 -3.3739939 -3.5917318 -3.9852154
 -3.9980574 -4.192523  -4.531263  -5.5398884]",CWE-119
CVE-2017-2986,"['CWE-787', 'CWE-416', 'CWE-125', 'CWE-120', 'CWE-190', 'CWE-129', 'CWE-415', 'CWE-134', 'CWE-824', 'CWE-470']","[-2.9278796 -3.0496724 -3.092484  -3.3374567 -3.5676055 -3.9770107
 -3.981526  -4.2093883 -4.448228  -5.5275917]",CWE-119
CVE-2017-2988,"['CWE-787', 'CWE-125', 'CWE-416', 'CWE-120', 'CWE-190', 'CWE-415', 'CWE-129', 'CWE-134', 'CWE-824', 'CWE-1284']","[-2.9706106 -3.0845847 -3.0919688 -3.3059096 -3.5754395 -3.9289684
 -3.9456105 -4.188821  -4.435099  -5.4381433]",CWE-119
CVE-2017-2990,"['CWE-787', 'CWE-416', 'CWE-125', 'CWE-120', 'CWE-190', 'CWE-415', 'CWE-129', 'CWE-134', 'CWE-824', 'CWE-470']","[-2.9359393 -3.0696027 -3.1328578 -3.2371755 -3.5253189 -3.8767211
 -3.89775   -4.1155863 -4.3819814 -5.4426293]",CWE-119
CVE-2017-2991,"['CWE-787', 'CWE-125', 'CWE-416', 'CWE-120', 'CWE-190', 'CWE-415', 'CWE-129', 'CWE-134', 'CWE-824', 'CWE-1284']","[-3.0403926 -3.0783548 -3.1364105 -3.3829963 -3.5684142 -3.9865909
 -3.9993136 -4.176958  -4.5026703 -5.4973817]",CWE-119
CVE-2017-2992,"['CWE-787', 'CWE-125', 'CWE-416', 'CWE-120', 'CWE-190', 'CWE-415', 'CWE-129', 'CWE-134', 'CWE-824', 'CWE-1284']","[-2.9394243 -3.021122  -3.0292187 -3.2395678 -3.5215023 -3.902284
 -3.9064617 -4.1129436 -4.4034166 -5.460443 ]",CWE-119
CVE-2017-2996,"['CWE-787', 'CWE-125', 'CWE-416', 'CWE-120', 'CWE-190', 'CWE-129', 'CWE-415', 'CWE-134', 'CWE-824', 'CWE-470']","[-2.9992864 -3.0766716 -3.106189  -3.3262932 -3.5901258 -3.9407768
 -3.9614475 -4.1667485 -4.420347  -5.477449 ]",CWE-119
CVE-2017-2998,"['CWE-787', 'CWE-125', 'CWE-416', 'CWE-120', 'CWE-190', 'CWE-415', 'CWE-129', 'CWE-134', 'CWE-824', 'CWE-1284']","[-2.9420922 -3.0745924 -3.1037025 -3.279617  -3.5342185 -3.8960836
 -3.9467082 -4.1574984 -4.380933  -5.3862844]",CWE-119
CVE-2017-2999,"['CWE-787', 'CWE-125', 'CWE-416', 'CWE-120', 'CWE-190', 'CWE-129', 'CWE-415', 'CWE-134', 'CWE-824', 'CWE-1284']","[-2.9716628 -3.0710423 -3.0977032 -3.3069081 -3.5806146 -3.9017437
 -3.9044075 -4.1459823 -4.4198775 -5.411621 ]",CWE-119
CVE-2017-3068,"['CWE-787', 'CWE-125', 'CWE-416', 'CWE-120', 'CWE-190', 'CWE-129', 'CWE-415', 'CWE-134', 'CWE-824', 'CWE-470']","[-2.946267  -3.0422504 -3.0495174 -3.2625525 -3.5012753 -3.9202893
 -3.9229755 -4.1382284 -4.434781  -5.474738 ]",CWE-119
CVE-2017-3069,"['CWE-787', 'CWE-125', 'CWE-416', 'CWE-120', 'CWE-190', 'CWE-415', 'CWE-129', 'CWE-134', 'CWE-824', 'CWE-470']","[-2.9597085 -3.0707111 -3.073709  -3.273656  -3.5858994 -3.8725479
 -3.9004574 -4.1427813 -4.4179826 -5.443819 ]",CWE-119
CVE-2017-3070,"['CWE-787', 'CWE-125', 'CWE-416', 'CWE-120', 'CWE-190', 'CWE-415', 'CWE-129', 'CWE-134', 'CWE-824', 'CWE-470']","[-2.9643276 -3.1024153 -3.1132593 -3.322303  -3.5612981 -3.9226403
 -3.9314704 -4.107943  -4.469034  -5.453733 ]",CWE-119
CVE-2017-3072,"['CWE-787', 'CWE-416', 'CWE-125', 'CWE-120', 'CWE-190', 'CWE-415', 'CWE-129', 'CWE-134', 'CWE-824', 'CWE-1284']","[-2.9942687 -3.125033  -3.1436794 -3.3590922 -3.594167  -3.9858243
 -4.006967  -4.206218  -4.4638777 -5.5101533]",CWE-119
CVE-2017-3074,"['CWE-787', 'CWE-125', 'CWE-416', 'CWE-120', 'CWE-190', 'CWE-415', 'CWE-129', 'CWE-134', 'CWE-824', 'CWE-1284']","[-2.9565284 -3.057585  -3.0711775 -3.2924123 -3.5351436 -3.9337184
 -3.939198  -4.1570234 -4.4320145 -5.456223 ]",CWE-119
CVE-2017-3099,"['CWE-787', 'CWE-125', 'CWE-416', 'CWE-120', 'CWE-190', 'CWE-415', 'CWE-129', 'CWE-134', 'CWE-824', 'CWE-470']","[-2.986172  -3.0929403 -3.1014752 -3.3466475 -3.577196  -3.9545596
 -3.9644606 -4.1537647 -4.4392457 -5.46635  ]",CWE-119
CVE-2017-3100,"['CWE-787', 'CWE-125', 'CWE-416', 'CWE-120', 'CWE-190', 'CWE-129', 'CWE-415', 'CWE-134', 'CWE-824', 'CWE-470']","[-2.9510345 -3.095631  -3.1134896 -3.318396  -3.5321453 -3.9635634
 -3.9829233 -4.1308527 -4.5028825 -5.526767 ]",CWE-119
CVE-2017-4933,"['CWE-125', 'CWE-787', 'CWE-190', 'CWE-120', 'CWE-416', 'CWE-415', 'CWE-824', 'CWE-134', 'CWE-129', 'CWE-470']","[-4.0650663 -4.088049  -4.3164635 -4.412445  -4.558362  -4.9400067
 -5.152204  -5.2241845 -5.2770805 -6.0728254]",CWE-119
CVE-2017-5005,"['CWE-787', 'CWE-416', 'CWE-125', 'CWE-120', 'CWE-190', 'CWE-415', 'CWE-129', 'CWE-134', 'CWE-824', 'CWE-1284']","[-2.9635148 -3.0879662 -3.1140924 -3.3280294 -3.5874243 -3.9421613
 -3.967578  -4.192966  -4.3980975 -5.437446 ]",CWE-119
CVE-2017-5030,"['CWE-787', 'CWE-416', 'CWE-125', 'CWE-120', 'CWE-190', 'CWE-129', 'CWE-415', 'CWE-134', 'CWE-824', 'CWE-1284']","[-3.0082474 -3.0916255 -3.1231394 -3.3889565 -3.6107824 -4.025489
 -4.0335455 -4.264529  -4.497603  -5.545175 ]",CWE-119
CVE-2017-5044,"['CWE-787', 'CWE-125', 'CWE-416', 'CWE-120', 'CWE-190', 'CWE-129', 'CWE-415', 'CWE-134', 'CWE-824', 'CWE-1284']","[-2.9728456 -3.0706732 -3.0821269 -3.33162   -3.588537  -3.9511678
 -3.9658482 -4.170922  -4.4698467 -5.515827 ]",CWE-119
CVE-2017-5054,"['CWE-787', 'CWE-125', 'CWE-416', 'CWE-120', 'CWE-190', 'CWE-415', 'CWE-129', 'CWE-134', 'CWE-824', 'CWE-470']","[-2.9611185 -3.0966325 -3.1300335 -3.3061295 -3.551652  -3.9254887
 -3.9587207 -4.1786056 -4.422392  -5.4391975]",CWE-119
CVE-2017-5095,"['CWE-787', 'CWE-416', 'CWE-125', 'CWE-190', 'CWE-120', 'CWE-415', 'CWE-134', 'CWE-824', 'CWE-129', 'CWE-470']","[-3.4124665 -3.5939465 -3.6671777 -3.7070715 -4.0209866 -4.5094843
 -4.7420115 -4.7851973 -4.808166  -5.9589543]",CWE-119
CVE-2017-5113,"['CWE-787', 'CWE-416', 'CWE-125', 'CWE-120', 'CWE-190', 'CWE-415', 'CWE-129', 'CWE-134', 'CWE-824', 'CWE-1284']","[-3.0497577 -3.148436  -3.1803718 -3.3386374 -3.6148052 -4.0045247
 -4.0197916 -4.22747   -4.491563  -5.523516 ]",CWE-119
CVE-2017-6060,"['CWE-787', 'CWE-125', 'CWE-416', 'CWE-120', 'CWE-190', 'CWE-415', 'CWE-129', 'CWE-824', 'CWE-134', 'CWE-470']","[-3.1436617 -3.3125188 -3.4153123 -3.7417457 -3.76849   -4.2956963
 -4.3846235 -4.53013   -4.5595694 -5.839537 ]",CWE-119
CVE-2017-6862,"['CWE-787', 'CWE-125', 'CWE-416', 'CWE-120', 'CWE-190', 'CWE-129', 'CWE-415', 'CWE-134', 'CWE-824', 'CWE-1284']","[-3.0494773 -3.1364586 -3.1446464 -3.3848128 -3.5916946 -3.992224
 -4.0349803 -4.1728725 -4.5301394 -5.541686 ]",CWE-119
CVE-2017-6891,"['CWE-787', 'CWE-125', 'CWE-416', 'CWE-120', 'CWE-190', 'CWE-415', 'CWE-129', 'CWE-134', 'CWE-824', 'CWE-470']","[-3.0288959 -3.1341465 -3.1537519 -3.3726482 -3.5916443 -4.0065246
 -4.030167  -4.2172117 -4.5130687 -5.5402613]",CWE-119
CVE-2017-7269,"['CWE-787', 'CWE-416', 'CWE-125', 'CWE-120', 'CWE-190', 'CWE-415', 'CWE-129', 'CWE-134', 'CWE-824', 'CWE-1284']","[-2.940858  -3.0356243 -3.0417116 -3.301003  -3.5232046 -3.9143164
 -3.922753  -4.1303754 -4.421848  -5.4432454]",CWE-119
CVE-2017-7308,"['CWE-787', 'CWE-125', 'CWE-416', 'CWE-190', 'CWE-120', 'CWE-415', 'CWE-134', 'CWE-129', 'CWE-824', 'CWE-470']","[-3.1576848 -3.35568   -3.3652735 -3.6127245 -3.6662984 -4.141543
 -4.394286  -4.3974147 -4.605787  -5.6765995]",CWE-119
CVE-2017-8067,"['CWE-787', 'CWE-125', 'CWE-416', 'CWE-190', 'CWE-120', 'CWE-415', 'CWE-134', 'CWE-129', 'CWE-824', 'CWE-470']","[-3.1123428 -3.3442745 -3.3764281 -3.5898252 -3.6645513 -4.1451693
 -4.361081  -4.3970237 -4.5954247 -5.644091 ]",CWE-119
CVE-2017-8540,"['CWE-787', 'CWE-125', 'CWE-416', 'CWE-120', 'CWE-190', 'CWE-129', 'CWE-415', 'CWE-134', 'CWE-824', 'CWE-470']","[-2.9672487 -3.0808208 -3.1067758 -3.3139436 -3.501904  -3.9550965
 -3.9588652 -4.1321263 -4.4313416 -5.469591 ]",CWE-119
CVE-2017-8774,"['CWE-787', 'CWE-416', 'CWE-125', 'CWE-120', 'CWE-190', 'CWE-129', 'CWE-415', 'CWE-134', 'CWE-824', 'CWE-470']","[-2.938713  -3.0813022 -3.1130204 -3.3429568 -3.5323412 -3.9632206
 -3.9780424 -4.1984606 -4.4995127 -5.5089436]",CWE-119
CVE-2017-8775,"['CWE-787', 'CWE-416', 'CWE-125', 'CWE-120', 'CWE-190', 'CWE-415', 'CWE-129', 'CWE-134', 'CWE-824', 'CWE-470']","[-3.006927  -3.110932  -3.111004  -3.3602638 -3.5834396 -3.9970608
 -4.018265  -4.2201567 -4.50734   -5.536741 ]",CWE-119
CVE-2018-1000117,"['CWE-787', 'CWE-125', 'CWE-416', 'CWE-120', 'CWE-190', 'CWE-129', 'CWE-415', 'CWE-134', 'CWE-824', 'CWE-1284']","[-2.959769  -3.0653057 -3.1023617 -3.3660526 -3.5377276 -3.9763794
 -3.9795334 -4.1566563 -4.4943805 -5.5262213]",CWE-119
CVE-2018-10872,"['CWE-416', 'CWE-190', 'CWE-125', 'CWE-787', 'CWE-120', 'CWE-415', 'CWE-824', 'CWE-134', 'CWE-129', 'CWE-470']","[-4.1744623 -4.224842  -4.2531266 -4.3321133 -5.1564403 -5.352036
 -5.579662  -5.863805  -5.9822807 -6.6538773]",CWE-119
CVE-2018-10881,"['CWE-190', 'CWE-416', 'CWE-125', 'CWE-787', 'CWE-120', 'CWE-415', 'CWE-824', 'CWE-134', 'CWE-129', 'CWE-470']","[-4.0038333 -4.016422  -4.154993  -4.186309  -5.077009  -5.2017074
 -5.5036283 -5.81469   -5.927525  -6.5151296]",CWE-119
CVE-2018-10932,"['CWE-787', 'CWE-125', 'CWE-416', 'CWE-190', 'CWE-120', 'CWE-415', 'CWE-824', 'CWE-129', 'CWE-134', 'CWE-470']","[-3.611826  -3.7273767 -3.78276   -3.874773  -3.8856368 -4.5120573
 -4.633632  -4.7131524 -4.72792   -5.903862 ]",CWE-119
CVE-2018-12584,"['CWE-787', 'CWE-125', 'CWE-416', 'CWE-190', 'CWE-120', 'CWE-415', 'CWE-134', 'CWE-824', 'CWE-129', 'CWE-470']","[-3.5470476 -3.7196293 -3.7308397 -3.7636783 -4.133418  -4.6280055
 -4.791488  -4.7934923 -4.983574  -5.8609996]",CWE-119
CVE-2018-14652,"['CWE-190', 'CWE-125', 'CWE-416', 'CWE-787', 'CWE-120', 'CWE-415', 'CWE-824', 'CWE-134', 'CWE-129', 'CWE-470']","[-3.8910697 -3.9835865 -3.990496  -4.017842  -4.7758193 -5.063813
 -5.27181   -5.439957  -5.5908694 -6.2810626]",CWE-119
CVE-2018-15688,"['CWE-416', 'CWE-190', 'CWE-787', 'CWE-125', 'CWE-120', 'CWE-415', 'CWE-824', 'CWE-134', 'CWE-129', 'CWE-470']","[-4.234363  -4.3456826 -4.492361  -4.509403  -5.4855175 -5.6024265
 -5.832726  -6.2619967 -6.30154   -6.9023833]",CWE-119
CVE-2018-20033,"['CWE-787', 'CWE-125', 'CWE-416', 'CWE-120', 'CWE-190', 'CWE-415', 'CWE-824', 'CWE-134', 'CWE-129', 'CWE-470']","[-3.4832757 -3.615557  -3.698554  -3.7672765 -3.8002756 -4.4034376
 -4.518718  -4.5487366 -4.569483  -5.7370286]",CWE-119
CVE-2018-3863,"['CWE-787', 'CWE-416', 'CWE-125', 'CWE-120', 'CWE-190', 'CWE-415', 'CWE-129', 'CWE-134', 'CWE-824', 'CWE-1284']","[-2.9579296 -3.0746136 -3.1027906 -3.327369  -3.5707371 -3.944976
 -3.9613533 -4.167079  -4.403411  -5.4452934]",CWE-119
CVE-2018-3864,"['CWE-787', 'CWE-125', 'CWE-416', 'CWE-120', 'CWE-190', 'CWE-415', 'CWE-129', 'CWE-134', 'CWE-824', 'CWE-1284']","[-2.9700472 -3.0527334 -3.0540063 -3.2498794 -3.5284185 -3.8787744
 -3.9043608 -4.135589  -4.3927255 -5.403163 ]",CWE-119
CVE-2018-3865,"['CWE-787', 'CWE-416', 'CWE-125', 'CWE-120', 'CWE-190', 'CWE-415', 'CWE-129', 'CWE-134', 'CWE-824', 'CWE-470']","[-2.9005897 -3.0709882 -3.0713456 -3.3265166 -3.5273836 -3.9596384
 -3.9636    -4.182406  -4.444122  -5.51314  ]",CWE-119
CVE-2018-3866,"['CWE-787', 'CWE-125', 'CWE-416', 'CWE-120', 'CWE-190', 'CWE-415', 'CWE-129', 'CWE-134', 'CWE-824', 'CWE-1284']","[-2.995612  -3.1041012 -3.1086462 -3.2894769 -3.5801008 -3.9136975
 -3.9565315 -4.179174  -4.416991  -5.4290276]",CWE-119
CVE-2018-3876,"['CWE-787', 'CWE-416', 'CWE-125', 'CWE-120', 'CWE-190', 'CWE-415', 'CWE-129', 'CWE-134', 'CWE-824', 'CWE-470']","[-2.9362261 -3.0839715 -3.0929143 -3.3032331 -3.53228   -3.893563
 -3.9139888 -4.1086593 -4.480656  -5.4397616]",CWE-119
CVE-2018-3892,"['CWE-787', 'CWE-125', 'CWE-416', 'CWE-120', 'CWE-190', 'CWE-415', 'CWE-129', 'CWE-134', 'CWE-824', 'CWE-470']","[-2.9712975 -3.0874677 -3.0951717 -3.3124838 -3.5627441 -3.9156897
 -3.9603186 -4.1598845 -4.467946  -5.47142  ]",CWE-119
CVE-2018-3893,"['CWE-787', 'CWE-125', 'CWE-416', 'CWE-120', 'CWE-190', 'CWE-415', 'CWE-129', 'CWE-134', 'CWE-824', 'CWE-470']","[-2.9700787 -3.063678  -3.0843146 -3.3323622 -3.5202703 -3.9410033
 -3.9690914 -4.158529  -4.4248586 -5.456987 ]",CWE-119
CVE-2018-3894,"['CWE-787', 'CWE-125', 'CWE-416', 'CWE-120', 'CWE-190', 'CWE-415', 'CWE-129', 'CWE-134', 'CWE-824', 'CWE-470']","[-2.9335976 -3.045302  -3.0624287 -3.280964  -3.4921033 -3.9134028
 -3.932204  -4.1232963 -4.480963  -5.4755726]",CWE-119
CVE-2018-3895,"['CWE-787', 'CWE-125', 'CWE-416', 'CWE-120', 'CWE-190', 'CWE-415', 'CWE-129', 'CWE-134', 'CWE-824', 'CWE-470']","[-3.0021043 -3.1180284 -3.125469  -3.3383124 -3.574631  -3.9562922
 -3.9612842 -4.190734  -4.483811  -5.491383 ]",CWE-119
CVE-2018-3896,"['CWE-787', 'CWE-416', 'CWE-125', 'CWE-120', 'CWE-190', 'CWE-415', 'CWE-129', 'CWE-134', 'CWE-824', 'CWE-470']","[-2.919569  -3.0183487 -3.057535  -3.2894046 -3.5162597 -3.9331086
 -3.9541821 -4.153866  -4.4151998 -5.487215 ]",CWE-119
CVE-2018-3897,"['CWE-787', 'CWE-125', 'CWE-416', 'CWE-120', 'CWE-190', 'CWE-415', 'CWE-129', 'CWE-134', 'CWE-824', 'CWE-1284']","[-2.958597  -3.0852687 -3.0932288 -3.305516  -3.5726523 -3.9060316
 -3.9417245 -4.1697216 -4.4182425 -5.4109235]",CWE-119
CVE-2018-3898,"['CWE-787', 'CWE-125', 'CWE-416', 'CWE-120', 'CWE-190', 'CWE-415', 'CWE-129', 'CWE-134', 'CWE-824', 'CWE-470']","[-2.929349  -3.0677748 -3.0683079 -3.278685  -3.5061913 -3.907326
 -3.9179301 -4.135662  -4.40351   -5.4501553]",CWE-119
CVE-2018-3899,"['CWE-787', 'CWE-125', 'CWE-416', 'CWE-120', 'CWE-190', 'CWE-415', 'CWE-129', 'CWE-134', 'CWE-824', 'CWE-1284']","[-2.9341974 -3.0566926 -3.0646434 -3.2649205 -3.5167663 -3.8896759
 -3.9152794 -4.1288757 -4.365388  -5.4029207]",CWE-119
CVE-2018-3902,"['CWE-787', 'CWE-125', 'CWE-416', 'CWE-120', 'CWE-190', 'CWE-129', 'CWE-415', 'CWE-134', 'CWE-824', 'CWE-470']","[-2.9790227 -3.0479655 -3.0593212 -3.309307  -3.56793   -3.9402297
 -3.9528701 -4.164584  -4.415979  -5.481182 ]",CWE-119
CVE-2018-3903,"['CWE-787', 'CWE-125', 'CWE-416', 'CWE-120', 'CWE-190', 'CWE-129', 'CWE-415', 'CWE-134', 'CWE-824', 'CWE-1284']","[-3.007317  -3.111455  -3.1475976 -3.3517022 -3.6213949 -3.9471638
 -3.9615073 -4.168551  -4.522027  -5.5008225]",CWE-119
CVE-2018-3904,"['CWE-787', 'CWE-125', 'CWE-416', 'CWE-120', 'CWE-190', 'CWE-129', 'CWE-415', 'CWE-134', 'CWE-824', 'CWE-470']","[-2.992528  -3.123816  -3.1306317 -3.3631895 -3.606937  -3.9774432
 -4.0084953 -4.1553593 -4.530161  -5.5609517]",CWE-119
CVE-2018-3912,"['CWE-787', 'CWE-125', 'CWE-416', 'CWE-120', 'CWE-190', 'CWE-415', 'CWE-129', 'CWE-134', 'CWE-824', 'CWE-1284']","[-3.0272331 -3.107824  -3.1426227 -3.3015587 -3.5799193 -3.9509513
 -3.9546413 -4.171809  -4.4537477 -5.464467 ]",CWE-119
CVE-2018-6789,"['CWE-787', 'CWE-125', 'CWE-190', 'CWE-416', 'CWE-120', 'CWE-415', 'CWE-134', 'CWE-824', 'CWE-129', 'CWE-470']","[-3.62994   -3.6589587 -3.7495396 -3.769115  -4.3797874 -4.7000155
 -4.985173  -5.0329876 -5.1835055 -6.0644417]",CWE-119
CVE-2018-7238,"['CWE-787', 'CWE-125', 'CWE-416', 'CWE-120', 'CWE-190', 'CWE-415', 'CWE-129', 'CWE-134', 'CWE-824', 'CWE-1284']","[-2.9674938 -3.1098049 -3.1153157 -3.321958  -3.5869765 -3.9218094
 -3.964643  -4.1777387 -4.4313297 -5.4363585]",CWE-119
CVE-2018-8273,"['CWE-787', 'CWE-125', 'CWE-416', 'CWE-120', 'CWE-190', 'CWE-415', 'CWE-129', 'CWE-134', 'CWE-824', 'CWE-1284']","[-2.9725595 -3.0962212 -3.0973377 -3.3071342 -3.5820336 -3.9181964
 -3.9253564 -4.15801   -4.4491816 -5.433287 ]",CWE-119
CVE-2019-10126,"['CWE-787', 'CWE-125', 'CWE-416', 'CWE-190', 'CWE-120', 'CWE-415', 'CWE-134', 'CWE-129', 'CWE-824', 'CWE-470']","[-3.1552954 -3.3524714 -3.3784404 -3.5774636 -3.64555   -4.1311326
 -4.334955  -4.394279  -4.574865  -5.6617236]",CWE-119
CVE-2019-10131,"['CWE-190', 'CWE-787', 'CWE-125', 'CWE-416', 'CWE-120', 'CWE-415', 'CWE-824', 'CWE-134', 'CWE-129', 'CWE-470']","[-3.70457   -3.7759173 -3.7772083 -3.7878866 -4.572541  -4.725999
 -5.0921726 -5.219073  -5.382942  -6.0562606]",CWE-119
CVE-2019-10192,"['CWE-190', 'CWE-416', 'CWE-787', 'CWE-125', 'CWE-120', 'CWE-415', 'CWE-824', 'CWE-134', 'CWE-129', 'CWE-470']","[-3.7710357 -3.9226303 -3.931723  -3.9342666 -4.754872  -4.9127426
 -5.1465898 -5.4594207 -5.570552  -6.184576 ]",CWE-119
CVE-2019-10193,"['CWE-190', 'CWE-416', 'CWE-125', 'CWE-787', 'CWE-120', 'CWE-415', 'CWE-824', 'CWE-134', 'CWE-129', 'CWE-470']","[-3.7444944 -3.859342  -3.9214041 -3.952208  -4.742444  -4.881707
 -5.1359243 -5.4543104 -5.579688  -6.180385 ]",CWE-119
CVE-2019-10954,"['CWE-787', 'CWE-125', 'CWE-416', 'CWE-120', 'CWE-190', 'CWE-415', 'CWE-129', 'CWE-134', 'CWE-824', 'CWE-470']","[-2.9423828 -3.0528748 -3.0990295 -3.3154552 -3.5659223 -3.9229949
 -3.9553535 -4.180983  -4.489902  -5.480877 ]",CWE-119
CVE-2019-10974,"['CWE-787', 'CWE-125', 'CWE-416', 'CWE-190', 'CWE-120', 'CWE-415', 'CWE-129', 'CWE-134', 'CWE-824', 'CWE-470']","[-3.527962  -3.7015657 -3.7331815 -3.749053  -3.7551944 -4.3961177
 -4.5969887 -4.651541  -4.6672525 -5.828912 ]",CWE-119
CVE-2019-11933,"['CWE-787', 'CWE-125', 'CWE-190', 'CWE-416', 'CWE-120', 'CWE-415', 'CWE-824', 'CWE-134', 'CWE-129', 'CWE-470']","[-3.6392565 -3.7412858 -3.869225  -3.8990185 -4.0178003 -4.5907907
 -4.723996  -4.8337054 -4.9362974 -5.780892 ]",CWE-119
CVE-2019-15166,"['CWE-125', 'CWE-787', 'CWE-190', 'CWE-416', 'CWE-120', 'CWE-415', 'CWE-824', 'CWE-134', 'CWE-129', 'CWE-470']","[-3.61761   -3.6506248 -3.7384424 -3.775568  -4.6717553 -4.713815
 -5.227015  -5.402162  -5.467261  -6.283372 ]",CWE-119
CVE-2019-15992,"['CWE-125', 'CWE-787', 'CWE-416', 'CWE-120', 'CWE-190', 'CWE-415', 'CWE-129', 'CWE-134', 'CWE-824', 'CWE-470']","[-3.5536127 -3.68996   -3.8516138 -3.8934143 -4.1177173 -4.4394126
 -4.5447154 -4.5998936 -4.7146416 -5.6155906]",CWE-119
CVE-2019-4014,"['CWE-787', 'CWE-125', 'CWE-416', 'CWE-120', 'CWE-190', 'CWE-415', 'CWE-129', 'CWE-134', 'CWE-824', 'CWE-1284']","[-2.9351897 -3.0692816 -3.071177  -3.3517227 -3.551516  -3.9657264
 -3.974026  -4.219895  -4.445863  -5.4890175]",CWE-119
CVE-2019-4015,"['CWE-787', 'CWE-416', 'CWE-125', 'CWE-120', 'CWE-190', 'CWE-415', 'CWE-129', 'CWE-134', 'CWE-824', 'CWE-1284']","[-2.9241428 -3.0680492 -3.0911453 -3.311722  -3.5240364 -3.9320018
 -3.948464  -4.131679  -4.436959  -5.45606  ]",CWE-119
CVE-2019-4016,"['CWE-787', 'CWE-416', 'CWE-125', 'CWE-120', 'CWE-190', 'CWE-415', 'CWE-129', 'CWE-134', 'CWE-824', 'CWE-1284']","[-2.9751604 -3.1173713 -3.121812  -3.3683426 -3.6331682 -4.017526
 -4.035078  -4.2469482 -4.5049    -5.559836 ]",CWE-119
CVE-2019-6454,"['CWE-416', 'CWE-190', 'CWE-787', 'CWE-125', 'CWE-120', 'CWE-415', 'CWE-824', 'CWE-134', 'CWE-129', 'CWE-470']","[-4.0769873 -4.1413703 -4.3307443 -4.343723  -5.361988  -5.369019
 -5.6966596 -6.064011  -6.1120844 -6.7429333]",CWE-119
CVE-2019-6557,"['CWE-787', 'CWE-125', 'CWE-416', 'CWE-120', 'CWE-190', 'CWE-129', 'CWE-415', 'CWE-134', 'CWE-824', 'CWE-1284']","[-3.0088127 -3.0933502 -3.1073878 -3.3615417 -3.5709708 -3.9920225
 -3.9935057 -4.1740384 -4.484708  -5.4797783]",CWE-119
CVE-2019-9135,"['CWE-787', 'CWE-125', 'CWE-416', 'CWE-120', 'CWE-190', 'CWE-415', 'CWE-129', 'CWE-134', 'CWE-824', 'CWE-1284']","[-2.9745085 -3.0838232 -3.0913932 -3.2867208 -3.5730164 -3.9011858
 -3.9310098 -4.1389146 -4.3861785 -5.372829 ]",CWE-119
CVE-2019-9136,"['CWE-787', 'CWE-125', 'CWE-416', 'CWE-120', 'CWE-190', 'CWE-415', 'CWE-129', 'CWE-134', 'CWE-824', 'CWE-1284']","[-2.9537878 -3.055486  -3.0671425 -3.2765982 -3.549409  -3.91537
 -3.9440708 -4.1324396 -4.399742  -5.4446626]",CWE-119
CVE-2020-10060,"['CWE-787', 'CWE-125', 'CWE-416', 'CWE-120', 'CWE-190', 'CWE-415', 'CWE-129', 'CWE-134', 'CWE-824', 'CWE-470']","[-3.256384  -3.3432524 -3.3920002 -3.4338224 -3.834137  -4.0769405
 -4.178641  -4.2391887 -4.500479  -5.557723 ]",CWE-119
CVE-2020-10061,"['CWE-787', 'CWE-125', 'CWE-416', 'CWE-120', 'CWE-190', 'CWE-415', 'CWE-129', 'CWE-134', 'CWE-824', 'CWE-470']","[-3.2439308 -3.3592982 -3.3683057 -3.4067826 -3.879482  -4.105603
 -4.120367  -4.257978  -4.4671884 -5.5670285]",CWE-119
CVE-2020-11284,"['CWE-787', 'CWE-125', 'CWE-416', 'CWE-120', 'CWE-190', 'CWE-415', 'CWE-129', 'CWE-134', 'CWE-824', 'CWE-1284']","[-3.0049195 -3.0819833 -3.1139207 -3.3060703 -3.527149  -3.9331243
 -3.978171  -4.1855927 -4.468909  -5.4912043]",CWE-119
CVE-2020-12031,"['CWE-787', 'CWE-125', 'CWE-416', 'CWE-120', 'CWE-190', 'CWE-415', 'CWE-134', 'CWE-129', 'CWE-824', 'CWE-470']","[-3.5943096 -3.7354522 -3.8436978 -3.9246526 -3.9489374 -4.5014434
 -4.5948563 -4.738925  -4.744053  -5.809862 ]",CWE-119
CVE-2020-12038,"['CWE-190', 'CWE-787', 'CWE-125', 'CWE-416', 'CWE-120', 'CWE-415', 'CWE-824', 'CWE-134', 'CWE-129', 'CWE-470']","[-4.3367023 -4.4783187 -4.491393  -4.774416  -4.983567  -5.3798566
 -5.4981627 -5.6098704 -5.9168296 -6.306173 ]",CWE-119
CVE-2020-15158,"['CWE-787', 'CWE-120', 'CWE-125', 'CWE-416', 'CWE-190', 'CWE-415', 'CWE-129', 'CWE-134', 'CWE-824', 'CWE-470']","[-2.6609354 -2.9212859 -2.9396744 -3.20001   -3.320061  -3.4373908
 -3.6904519 -3.7515907 -3.877634  -4.8564262]",CWE-119
CVE-2020-15173,"['CWE-787', 'CWE-125', 'CWE-416', 'CWE-190', 'CWE-120', 'CWE-415', 'CWE-134', 'CWE-129', 'CWE-824', 'CWE-470']","[-3.4155622 -3.6263423 -3.639325  -3.73115   -3.7710824 -4.406788
 -4.6195116 -4.637433  -4.659846  -5.7930202]",CWE-119
CVE-2020-15195,"['CWE-787', 'CWE-125', 'CWE-120', 'CWE-416', 'CWE-190', 'CWE-415', 'CWE-129', 'CWE-134', 'CWE-824', 'CWE-470']","[-2.4950657 -2.6131992 -2.7652657 -2.913612  -3.1788921 -3.2123966
 -3.4799223 -3.6718867 -3.6919785 -4.64482  ]",CWE-119
CVE-2020-15196,"['CWE-787', 'CWE-125', 'CWE-120', 'CWE-416', 'CWE-190', 'CWE-415', 'CWE-129', 'CWE-134', 'CWE-824', 'CWE-470']","[-2.5375543 -2.633042  -2.8417382 -3.0601358 -3.2362473 -3.340136
 -3.567336  -3.719152  -3.7639585 -4.6888576]",CWE-119
CVE-2020-15205,"['CWE-787', 'CWE-125', 'CWE-120', 'CWE-416', 'CWE-190', 'CWE-415', 'CWE-129', 'CWE-134', 'CWE-824', 'CWE-470']","[-2.4343505 -2.681604  -2.827998  -2.98191   -3.1824584 -3.2622445
 -3.5109956 -3.676889  -3.7338336 -4.685397 ]",CWE-119
CVE-2020-15207,"['CWE-787', 'CWE-125', 'CWE-416', 'CWE-120', 'CWE-190', 'CWE-415', 'CWE-129', 'CWE-134', 'CWE-824', 'CWE-470']","[-2.9170947 -3.0221958 -3.2507756 -3.3399863 -3.7027767 -3.8710124
 -4.016579  -4.23191   -4.3557844 -5.3855605]",CWE-119
CVE-2020-15254,"['CWE-787', 'CWE-125', 'CWE-190', 'CWE-120', 'CWE-416', 'CWE-415', 'CWE-134', 'CWE-129', 'CWE-824', 'CWE-470']","[-3.431629  -3.56413   -3.6311712 -3.6367385 -3.7061818 -4.261082
 -4.4775305 -4.5424104 -4.552657  -5.59732  ]",CWE-119
CVE-2020-1653,"['CWE-787', 'CWE-125', 'CWE-416', 'CWE-120', 'CWE-190', 'CWE-415', 'CWE-129', 'CWE-134', 'CWE-824', 'CWE-470']","[-3.3273976 -3.381699  -3.47257   -3.644965  -3.9253747 -4.200913
 -4.2090955 -4.257825  -4.4767714 -5.491245 ]",CWE-119
CVE-2020-19491,"['CWE-787', 'CWE-125', 'CWE-416', 'CWE-120', 'CWE-190', 'CWE-415', 'CWE-134', 'CWE-129', 'CWE-824', 'CWE-470']","[-3.3016376 -3.5303128 -3.5668924 -3.600514  -3.8293574 -4.1589646
 -4.4250693 -4.4305296 -4.5764856 -5.6004305]",CWE-119
CVE-2020-20215,"['CWE-787', 'CWE-125', 'CWE-416', 'CWE-120', 'CWE-190', 'CWE-129', 'CWE-415', 'CWE-824', 'CWE-134', 'CWE-470']","[-3.2441647 -3.3792274 -3.3835742 -3.5211604 -4.02122   -4.1944056
 -4.2289367 -4.4091263 -4.4295583 -5.7157316]",CWE-119
CVE-2020-20218,"['CWE-787', 'CWE-416', 'CWE-125', 'CWE-120', 'CWE-190', 'CWE-415', 'CWE-129', 'CWE-824', 'CWE-134', 'CWE-470']","[-3.2851932 -3.4680202 -3.4683475 -3.5564432 -4.043201  -4.2407546
 -4.258324  -4.4211345 -4.4550242 -5.7361703]",CWE-119
CVE-2020-20227,"['CWE-787', 'CWE-125', 'CWE-416', 'CWE-120', 'CWE-190', 'CWE-129', 'CWE-415', 'CWE-824', 'CWE-134', 'CWE-470']","[-3.2823756 -3.4127312 -3.4277313 -3.540235  -4.0587215 -4.187464
 -4.2227826 -4.403238  -4.441329  -5.761909 ]",CWE-119
CVE-2020-20236,"['CWE-787', 'CWE-125', 'CWE-416', 'CWE-120', 'CWE-190', 'CWE-129', 'CWE-415', 'CWE-824', 'CWE-134', 'CWE-1284']","[-3.2953422 -3.4193215 -3.4485226 -3.5775955 -4.0711403 -4.218831
 -4.2810774 -4.4187083 -4.4972286 -5.7857866]",CWE-119
CVE-2020-20237,"['CWE-787', 'CWE-125', 'CWE-416', 'CWE-120', 'CWE-190', 'CWE-129', 'CWE-415', 'CWE-824', 'CWE-134', 'CWE-470']","[-3.2453194 -3.3840957 -3.411944  -3.5389342 -4.043188  -4.2092032
 -4.2547827 -4.4245296 -4.454919  -5.7205577]",CWE-119
CVE-2020-20245,"['CWE-787', 'CWE-416', 'CWE-125', 'CWE-120', 'CWE-190', 'CWE-129', 'CWE-415', 'CWE-824', 'CWE-134', 'CWE-1284']","[-3.3135605 -3.4242728 -3.464073  -3.5445428 -4.06335   -4.1807027
 -4.2371597 -4.3851514 -4.4599924 -5.695288 ]",CWE-119
CVE-2020-20246,"['CWE-787', 'CWE-416', 'CWE-125', 'CWE-120', 'CWE-190', 'CWE-129', 'CWE-415', 'CWE-824', 'CWE-134', 'CWE-1284']","[-3.2573266 -3.3935792 -3.4163287 -3.4979851 -4.0650315 -4.1444416
 -4.178346  -4.3844614 -4.40675   -5.7116904]",CWE-119
CVE-2020-20247,"['CWE-787', 'CWE-125', 'CWE-416', 'CWE-120', 'CWE-190', 'CWE-129', 'CWE-415', 'CWE-824', 'CWE-134', 'CWE-1284']","[-3.263709  -3.366631  -3.4088585 -3.5149186 -4.0259743 -4.1632323
 -4.2327447 -4.402601  -4.445653  -5.7161446]",CWE-119
CVE-2020-20249,"['CWE-787', 'CWE-125', 'CWE-416', 'CWE-120', 'CWE-190', 'CWE-129', 'CWE-415', 'CWE-824', 'CWE-134', 'CWE-1284']","[-3.2636886 -3.3659132 -3.4014347 -3.5186405 -3.9893725 -4.1612973
 -4.2175827 -4.3814974 -4.408443  -5.7204437]",CWE-119
CVE-2020-20267,"['CWE-787', 'CWE-416', 'CWE-125', 'CWE-120', 'CWE-190', 'CWE-129', 'CWE-415', 'CWE-824', 'CWE-134', 'CWE-1284']","[-3.2850728 -3.4154534 -3.4276996 -3.542782  -4.033918  -4.2078247
 -4.243745  -4.4176016 -4.4661407 -5.740921 ]",CWE-119
CVE-2020-24412,"['CWE-787', 'CWE-125', 'CWE-416', 'CWE-120', 'CWE-190', 'CWE-129', 'CWE-415', 'CWE-134', 'CWE-824', 'CWE-1284']","[-3.026616  -3.1414478 -3.1629243 -3.4062371 -3.6465464 -4.015306
 -4.0541143 -4.2510557 -4.5156226 -5.5316086]",CWE-119
CVE-2020-24413,"['CWE-787', 'CWE-416', 'CWE-125', 'CWE-120', 'CWE-190', 'CWE-415', 'CWE-129', 'CWE-134', 'CWE-824', 'CWE-1284']","[-3.085359  -3.1405535 -3.145255  -3.3090572 -3.5834424 -3.9657722
 -3.9964805 -4.1973724 -4.4724884 -5.466296 ]",CWE-119
CVE-2020-24414,"['CWE-787', 'CWE-125', 'CWE-416', 'CWE-120', 'CWE-190', 'CWE-415', 'CWE-129', 'CWE-134', 'CWE-824', 'CWE-1284']","[-2.9666443 -3.068382  -3.0926669 -3.3749492 -3.5714576 -4.016104
 -4.0399923 -4.252744  -4.448074  -5.5121965]",CWE-119
CVE-2020-24415,"['CWE-787', 'CWE-125', 'CWE-416', 'CWE-120', 'CWE-190', 'CWE-415', 'CWE-129', 'CWE-134', 'CWE-824', 'CWE-1284']","[-2.96273   -3.053422  -3.0808585 -3.3810384 -3.5524826 -4.0014105
 -4.009179  -4.214437  -4.4559226 -5.514671 ]",CWE-119
CVE-2020-25597,"['CWE-787', 'CWE-416', 'CWE-125', 'CWE-120', 'CWE-190', 'CWE-415', 'CWE-134', 'CWE-129', 'CWE-824', 'CWE-470']","[-3.2140257 -3.4604795 -3.5013862 -3.5820942 -3.854074  -4.1332407
 -4.312653  -4.3474145 -4.5842767 -5.658617 ]",CWE-119
CVE-2020-27000,"['CWE-125', 'CWE-787', 'CWE-416', 'CWE-120', 'CWE-190', 'CWE-415', 'CWE-129', 'CWE-824', 'CWE-134', 'CWE-470']","[-3.1709883 -3.2287138 -3.5840793 -3.7524097 -3.882252  -4.1628156
 -4.4654417 -4.5656204 -4.610327  -5.546027 ]",CWE-119
CVE-2020-27006,"['CWE-125', 'CWE-787', 'CWE-416', 'CWE-120', 'CWE-190', 'CWE-415', 'CWE-129', 'CWE-134', 'CWE-824', 'CWE-470']","[-3.1180196 -3.2040927 -3.5632548 -3.7385085 -3.8794112 -4.143788
 -4.436473  -4.5810876 -4.5881696 -5.5458527]",CWE-119
CVE-2020-27194,"['CWE-787', 'CWE-416', 'CWE-125', 'CWE-190', 'CWE-120', 'CWE-415', 'CWE-134', 'CWE-129', 'CWE-824', 'CWE-470']","[-3.1801097 -3.328026  -3.3996873 -3.6217108 -3.6311517 -4.144255
 -4.3540173 -4.370665  -4.540664  -5.658389 ]",CWE-119
CVE-2020-27907,"['CWE-416', 'CWE-125', 'CWE-787', 'CWE-120', 'CWE-190', 'CWE-415', 'CWE-129', 'CWE-134', 'CWE-824', 'CWE-470']","[-3.4824917 -3.4866326 -3.4882746 -3.6275432 -4.0894713 -4.250114
 -4.381012  -4.5011587 -4.655472  -5.787443 ]",CWE-119
CVE-2020-27914,"['CWE-125', 'CWE-787', 'CWE-416', 'CWE-120', 'CWE-190', 'CWE-415', 'CWE-129', 'CWE-134', 'CWE-824', 'CWE-470']","[-3.5762687 -3.5767927 -3.601936  -3.7151713 -4.1570544 -4.348945
 -4.5348697 -4.5827823 -4.7746367 -5.866955 ]",CWE-119
CVE-2020-27915,"['CWE-787', 'CWE-125', 'CWE-416', 'CWE-120', 'CWE-190', 'CWE-415', 'CWE-129', 'CWE-134', 'CWE-824', 'CWE-470']","[-3.6179101 -3.6186042 -3.6410513 -3.7979848 -4.2174425 -4.425337
 -4.5962305 -4.671904  -4.816217  -5.938138 ]",CWE-119
CVE-2020-27931,"['CWE-125', 'CWE-416', 'CWE-787', 'CWE-120', 'CWE-190', 'CWE-415', 'CWE-129', 'CWE-134', 'CWE-824', 'CWE-470']","[-3.8191369 -4.059333  -4.141603  -4.485819  -4.6707673 -4.9700017
 -5.2166195 -5.383497  -5.4563465 -6.3860865]",CWE-119
CVE-2020-27933,"['CWE-125', 'CWE-416', 'CWE-787', 'CWE-190', 'CWE-120', 'CWE-415', 'CWE-129', 'CWE-134', 'CWE-824', 'CWE-470']","[-3.8904545 -4.13126   -4.15364   -4.65179   -4.6547294 -5.004331
 -5.3580666 -5.515642  -5.606066  -6.4967594]",CWE-119
CVE-2020-27943,"['CWE-125', 'CWE-416', 'CWE-787', 'CWE-120', 'CWE-190', 'CWE-415', 'CWE-129', 'CWE-134', 'CWE-824', 'CWE-470']","[-3.7293954 -3.9799685 -4.0520973 -4.4768586 -4.559502  -4.893757
 -5.1761665 -5.3442435 -5.409914  -6.3462906]",CWE-119
CVE-2020-27944,"['CWE-125', 'CWE-416', 'CWE-787', 'CWE-120', 'CWE-190', 'CWE-415', 'CWE-129', 'CWE-134', 'CWE-824', 'CWE-470']","[-3.825304  -4.083767  -4.1185474 -4.528479  -4.6415367 -4.9152927
 -5.256315  -5.419827  -5.473509  -6.403228 ]",CWE-119
CVE-2020-27947,"['CWE-125', 'CWE-416', 'CWE-787', 'CWE-120', 'CWE-190', 'CWE-415', 'CWE-129', 'CWE-134', 'CWE-824', 'CWE-470']","[-3.7247045 -3.8344584 -3.8657174 -4.0903263 -4.437566  -4.6801887
 -4.853906  -4.975144  -5.0565724 -6.1297426]",CWE-119
CVE-2020-28022,"['CWE-787', 'CWE-125', 'CWE-416', 'CWE-120', 'CWE-190', 'CWE-415', 'CWE-129', 'CWE-134', 'CWE-824', 'CWE-470']","[-3.3343942 -3.3877842 -3.570102  -3.588004  -3.9119422 -4.1965947
 -4.2966886 -4.3600025 -4.6100945 -5.618206 ]",CWE-119
CVE-2020-28024,"['CWE-787', 'CWE-125', 'CWE-416', 'CWE-120', 'CWE-190', 'CWE-415', 'CWE-129', 'CWE-134', 'CWE-824', 'CWE-470']","[-3.2843623 -3.3857114 -3.5284936 -3.5819798 -3.8556604 -4.150136
 -4.2686257 -4.3242025 -4.526525  -5.6004887]",CWE-119
CVE-2020-29616,"['CWE-125', 'CWE-787', 'CWE-416', 'CWE-120', 'CWE-190', 'CWE-415', 'CWE-129', 'CWE-134', 'CWE-824', 'CWE-470']","[-3.615806  -3.7656763 -3.78314   -3.9744709 -4.366838  -4.580756
 -4.759109  -4.862892  -4.9604897 -5.9947467]",CWE-119
CVE-2020-29624,"['CWE-125', 'CWE-416', 'CWE-787', 'CWE-120', 'CWE-190', 'CWE-415', 'CWE-129', 'CWE-134', 'CWE-824', 'CWE-470']","[-3.7859392 -4.0359383 -4.110059  -4.5417323 -4.6214027 -4.941776
 -5.225191  -5.388876  -5.511571  -6.3879504]",CWE-119
CVE-2020-3194,"['CWE-125', 'CWE-787', 'CWE-190', 'CWE-416', 'CWE-120', 'CWE-415', 'CWE-824', 'CWE-134', 'CWE-129', 'CWE-470']","[-3.7814388 -4.016488  -4.154777  -4.2341857 -4.3563046 -4.916331
 -4.959296  -5.001984  -5.1668806 -5.8955846]",CWE-119
CVE-2020-3198,"['CWE-787', 'CWE-125', 'CWE-416', 'CWE-120', 'CWE-190', 'CWE-415', 'CWE-129', 'CWE-134', 'CWE-824', 'CWE-470']","[-2.9539044 -3.0742052 -3.1159747 -3.346093  -3.5839496 -3.9641342
 -3.9858184 -4.18623   -4.4633036 -5.493999 ]",CWE-119
CVE-2020-3269,"['CWE-787', 'CWE-416', 'CWE-125', 'CWE-120', 'CWE-190', 'CWE-415', 'CWE-129', 'CWE-134', 'CWE-824', 'CWE-470']","[-2.901434  -3.0498242 -3.0692196 -3.2903664 -3.4951804 -3.902059
 -3.9200485 -4.1651883 -4.393631  -5.440026 ]",CWE-119
CVE-2020-3283,"['CWE-787', 'CWE-416', 'CWE-125', 'CWE-120', 'CWE-190', 'CWE-415', 'CWE-129', 'CWE-134', 'CWE-824', 'CWE-1284']","[-2.890926  -3.03827   -3.0775375 -3.3014395 -3.509007  -3.9476566
 -3.953426  -4.179507  -4.4174023 -5.4927726]",CWE-119
CVE-2020-3286,"['CWE-787', 'CWE-125', 'CWE-416', 'CWE-120', 'CWE-190', 'CWE-415', 'CWE-129', 'CWE-134', 'CWE-824', 'CWE-1284']","[-2.9940162 -3.100998  -3.1169088 -3.3403084 -3.5834773 -3.95737
 -3.9904866 -4.182152  -4.4708443 -5.456693 ]",CWE-119
CVE-2020-3287,"['CWE-787', 'CWE-125', 'CWE-416', 'CWE-120', 'CWE-190', 'CWE-415', 'CWE-129', 'CWE-134', 'CWE-824', 'CWE-1284']","[-2.972008  -3.0576777 -3.0809305 -3.314796  -3.5824592 -3.9376514
 -3.947373  -4.172882  -4.412816  -5.4218283]",CWE-119
CVE-2020-3288,"['CWE-787', 'CWE-416', 'CWE-125', 'CWE-120', 'CWE-190', 'CWE-415', 'CWE-129', 'CWE-134', 'CWE-824', 'CWE-1284']","[-2.9617324 -3.0824103 -3.1215582 -3.3604655 -3.6300454 -3.9796865
 -4.005312  -4.215673  -4.47829   -5.509912 ]",CWE-119
CVE-2020-3289,"['CWE-787', 'CWE-125', 'CWE-416', 'CWE-120', 'CWE-190', 'CWE-129', 'CWE-415', 'CWE-134', 'CWE-824', 'CWE-470']","[-2.9844604 -3.0739727 -3.1098151 -3.3115606 -3.559064  -3.9185467
 -3.9436777 -4.138041  -4.4760985 -5.454042 ]",CWE-119
CVE-2020-3290,"['CWE-787', 'CWE-416', 'CWE-125', 'CWE-120', 'CWE-190', 'CWE-129', 'CWE-415', 'CWE-134', 'CWE-824', 'CWE-470']","[-2.9521089 -3.065576  -3.0980742 -3.371064  -3.5603242 -3.9998195
 -4.0000253 -4.204763  -4.4681907 -5.532331 ]",CWE-119
CVE-2020-3291,"['CWE-787', 'CWE-125', 'CWE-416', 'CWE-120', 'CWE-190', 'CWE-415', 'CWE-129', 'CWE-134', 'CWE-824', 'CWE-470']","[-2.9960678 -3.0874705 -3.1533175 -3.351188  -3.5719519 -3.9308002
 -3.963902  -4.1510158 -4.462449  -5.440349 ]",CWE-119
CVE-2020-3292,"['CWE-787', 'CWE-125', 'CWE-416', 'CWE-120', 'CWE-190', 'CWE-415', 'CWE-129', 'CWE-134', 'CWE-824', 'CWE-470']","[-2.9435253 -3.0754874 -3.0930338 -3.3276994 -3.5772562 -3.9348948
 -3.9416158 -4.175509  -4.4333787 -5.471855 ]",CWE-119
CVE-2020-3293,"['CWE-787', 'CWE-416', 'CWE-125', 'CWE-120', 'CWE-190', 'CWE-415', 'CWE-129', 'CWE-134', 'CWE-824', 'CWE-1284']","[-2.9905415 -3.080556  -3.1075888 -3.295826  -3.5693288 -3.9204566
 -3.941152  -4.151759  -4.402959  -5.41559  ]",CWE-119
CVE-2020-3294,"['CWE-787', 'CWE-416', 'CWE-125', 'CWE-120', 'CWE-190', 'CWE-415', 'CWE-129', 'CWE-134', 'CWE-824', 'CWE-470']","[-2.9561737 -3.079151  -3.1030653 -3.3307805 -3.5601463 -3.9764462
 -3.9800138 -4.1933575 -4.4727297 -5.5171337]",CWE-119
CVE-2020-3295,"['CWE-787', 'CWE-125', 'CWE-416', 'CWE-120', 'CWE-190', 'CWE-415', 'CWE-129', 'CWE-134', 'CWE-824', 'CWE-1284']","[-2.9822543 -3.054567  -3.1023843 -3.3575823 -3.5677202 -3.9406767
 -3.9431098 -4.1482067 -4.460322  -5.4467072]",CWE-119
CVE-2020-3296,"['CWE-787', 'CWE-416', 'CWE-125', 'CWE-120', 'CWE-190', 'CWE-415', 'CWE-129', 'CWE-134', 'CWE-824', 'CWE-470']","[-2.9953363 -3.1136677 -3.1643536 -3.419494  -3.6185381 -4.0245953
 -4.0542994 -4.2316594 -4.528166  -5.5708227]",CWE-119
CVE-2020-3323,"['CWE-787', 'CWE-125', 'CWE-416', 'CWE-120', 'CWE-190', 'CWE-415', 'CWE-129', 'CWE-134', 'CWE-824', 'CWE-1284']","[-3.0302079 -3.0909486 -3.1098166 -3.3301613 -3.6307306 -3.9512293
 -3.9769065 -4.202117  -4.4400954 -5.437747 ]",CWE-119
CVE-2020-3375,"['CWE-125', 'CWE-787', 'CWE-190', 'CWE-416', 'CWE-120', 'CWE-415', 'CWE-134', 'CWE-824', 'CWE-129', 'CWE-470']","[-3.8193932 -3.8245757 -4.0272813 -4.04041   -4.0970645 -4.632411
 -4.6741176 -4.779324  -4.9348483 -5.7868724]",CWE-119
CVE-2020-3451,"['CWE-787', 'CWE-125', 'CWE-416', 'CWE-120', 'CWE-190', 'CWE-415', 'CWE-129', 'CWE-134', 'CWE-824', 'CWE-1284']","[-3.041355  -3.1156266 -3.1299946 -3.374292  -3.6430273 -4.009426
 -4.038814  -4.221414  -4.4684887 -5.490085 ]",CWE-119
CVE-2020-3453,"['CWE-787', 'CWE-125', 'CWE-416', 'CWE-120', 'CWE-190', 'CWE-415', 'CWE-129', 'CWE-134', 'CWE-824', 'CWE-470']","[-2.99793   -3.0652187 -3.099148  -3.3076358 -3.5735302 -3.9539323
 -3.9628808 -4.1849732 -4.4878173 -5.5123425]",CWE-119
CVE-2020-3470,"['CWE-787', 'CWE-125', 'CWE-416', 'CWE-120', 'CWE-190', 'CWE-415', 'CWE-129', 'CWE-134', 'CWE-824', 'CWE-470']","[-3.0028179 -3.0928795 -3.1369753 -3.357884  -3.5967722 -3.9580412
 -3.9839604 -4.179842  -4.492862  -5.495828 ]",CWE-119
CVE-2020-3545,"['CWE-787', 'CWE-125', 'CWE-416', 'CWE-120', 'CWE-190', 'CWE-415', 'CWE-129', 'CWE-134', 'CWE-824', 'CWE-1284']","[-3.0574462 -3.141106  -3.1761248 -3.377541  -3.5957146 -4.007449
 -4.0428786 -4.234263  -4.5239463 -5.494145 ]",CWE-119
CVE-2020-3573,"['CWE-125', 'CWE-787', 'CWE-120', 'CWE-416', 'CWE-190', 'CWE-415', 'CWE-134', 'CWE-824', 'CWE-129', 'CWE-470']","[-3.678987  -3.7020168 -3.978695  -3.989089  -4.142586  -4.634726
 -4.7018747 -4.7117047 -4.7709713 -5.737432 ]",CWE-119
CVE-2020-3603,"['CWE-125', 'CWE-787', 'CWE-416', 'CWE-120', 'CWE-190', 'CWE-415', 'CWE-824', 'CWE-134', 'CWE-129', 'CWE-470']","[-3.6292508 -3.7404766 -3.95353   -4.033608  -4.0790663 -4.637696
 -4.7299943 -4.753906  -4.8443413 -5.7138066]",CWE-119
CVE-2020-3604,"['CWE-787', 'CWE-125', 'CWE-416', 'CWE-120', 'CWE-190', 'CWE-415', 'CWE-134', 'CWE-129', 'CWE-824', 'CWE-470']","[-3.444609  -3.5413945 -3.687364  -3.695495  -3.99018   -4.365942
 -4.378418  -4.4450903 -4.5253544 -5.6256924]",CWE-119
CVE-2020-36317,"['CWE-787', 'CWE-416', 'CWE-125', 'CWE-120', 'CWE-190', 'CWE-415', 'CWE-129', 'CWE-134', 'CWE-824', 'CWE-470']","[-3.3688757 -3.497719  -3.5429986 -3.5805814 -3.9041955 -4.0951996
 -4.329223  -4.331806  -4.502706  -5.6315265]",CWE-119
CVE-2020-6388,"['CWE-787', 'CWE-416', 'CWE-125', 'CWE-190', 'CWE-120', 'CWE-415', 'CWE-824', 'CWE-129', 'CWE-134', 'CWE-470']","[-3.1999123 -3.3471546 -3.5610607 -3.5728934 -3.7625737 -4.311343
 -4.5620465 -4.577037  -4.601589  -5.8179865]",CWE-119
CVE-2020-8174,"['CWE-787', 'CWE-416', 'CWE-120', 'CWE-125', 'CWE-190', 'CWE-415', 'CWE-134', 'CWE-129', 'CWE-824', 'CWE-470']","[-3.7347844 -3.75407   -3.7714815 -3.864662  -3.9487514 -4.40427
 -4.421859  -4.5250964 -4.593055  -5.705642 ]",CWE-119
CVE-2020-9728,"['CWE-787', 'CWE-416', 'CWE-125', 'CWE-120', 'CWE-190', 'CWE-415', 'CWE-129', 'CWE-134', 'CWE-824', 'CWE-470']","[-2.9456196 -3.0671701 -3.0673718 -3.3237882 -3.5988545 -3.9117987
 -3.9466639 -4.1796846 -4.4130597 -5.470181 ]",CWE-119
CVE-2020-9729,"['CWE-787', 'CWE-125', 'CWE-416', 'CWE-120', 'CWE-190', 'CWE-415', 'CWE-129', 'CWE-134', 'CWE-824', 'CWE-1284']","[-2.9777584 -3.0677555 -3.1024592 -3.3013115 -3.5608332 -3.9080815
 -3.9443524 -4.1730733 -4.390117  -5.385848 ]",CWE-119
CVE-2020-9730,"['CWE-787', 'CWE-125', 'CWE-416', 'CWE-120', 'CWE-190', 'CWE-415', 'CWE-129', 'CWE-134', 'CWE-824', 'CWE-1284']","[-2.9871602 -3.079986  -3.0975747 -3.3352191 -3.5875885 -4.0055513
 -4.008315  -4.208722  -4.4997897 -5.5573673]",CWE-119
CVE-2020-9731,"['CWE-787', 'CWE-125', 'CWE-416', 'CWE-120', 'CWE-190', 'CWE-415', 'CWE-129', 'CWE-134', 'CWE-824', 'CWE-1284']","[-2.9106898 -3.0332885 -3.0641322 -3.3081079 -3.5436604 -3.9201124
 -3.950839  -4.1705184 -4.395439  -5.441522 ]",CWE-119
CVE-2020-9967,"['CWE-125', 'CWE-416', 'CWE-787', 'CWE-120', 'CWE-190', 'CWE-415', 'CWE-129', 'CWE-134', 'CWE-824', 'CWE-470']","[-3.8545167 -4.1053295 -4.17068   -4.593805  -4.668501  -4.9664135
 -5.2941375 -5.4603004 -5.554192  -6.448186 ]",CWE-119
CVE-2021-0217,"['CWE-787', 'CWE-416', 'CWE-125', 'CWE-120', 'CWE-190', 'CWE-415', 'CWE-129', 'CWE-134', 'CWE-824', 'CWE-1284']","[-3.0234013 -3.1271648 -3.1331387 -3.3679404 -3.6012242 -3.9766886
 -3.9986365 -4.2042384 -4.484377  -5.47911  ]",CWE-119
CVE-2021-0242,"['CWE-787', 'CWE-125', 'CWE-416', 'CWE-120', 'CWE-190', 'CWE-129', 'CWE-415', 'CWE-134', 'CWE-824', 'CWE-1284']","[-3.0266101 -3.1189053 -3.137091  -3.3867576 -3.5941803 -4.02868
 -4.029767  -4.190697  -4.527934  -5.5376954]",CWE-119
CVE-2021-0338,"['CWE-787', 'CWE-125', 'CWE-416', 'CWE-120', 'CWE-190', 'CWE-415', 'CWE-129', 'CWE-134', 'CWE-824', 'CWE-470']","[-3.0370603 -3.0503874 -3.2085931 -3.5256915 -3.8152702 -3.9758115
 -3.9884233 -4.2127934 -4.490823  -5.5231104]",CWE-119
CVE-2021-0607,"['CWE-125', 'CWE-787', 'CWE-416', 'CWE-120', 'CWE-190', 'CWE-129', 'CWE-415', 'CWE-134', 'CWE-824', 'CWE-470']","[-2.9941087 -3.0436926 -3.2161    -3.5095923 -3.8290544 -3.9567204
 -3.9728675 -4.2070675 -4.5058303 -5.51711  ]",CWE-119
CVE-2021-1094,"['CWE-787', 'CWE-125', 'CWE-416', 'CWE-120', 'CWE-190', 'CWE-415', 'CWE-129', 'CWE-134', 'CWE-824', 'CWE-470']","[-2.9924839 -3.1331284 -3.1351929 -3.369249  -3.5809538 -3.9861503
 -3.98692   -4.1623154 -4.496391  -5.520756 ]",CWE-119
CVE-2021-1137,"['CWE-125', 'CWE-787', 'CWE-416', 'CWE-120', 'CWE-190', 'CWE-415', 'CWE-129', 'CWE-134', 'CWE-824', 'CWE-470']","[-3.3811016 -3.384402  -3.5069637 -3.5335526 -3.9423003 -4.1407022
 -4.2393556 -4.3561635 -4.5496516 -5.5667915]",CWE-119
CVE-2021-1251,"['CWE-787', 'CWE-416', 'CWE-125', 'CWE-120', 'CWE-190', 'CWE-129', 'CWE-415', 'CWE-134', 'CWE-824', 'CWE-1284']","[-2.9505687 -3.0412276 -3.108725  -3.3076124 -3.5828924 -3.9544034
 -3.9615    -4.160495  -4.430061  -5.479781 ]",CWE-119
CVE-2021-1274,"['CWE-125', 'CWE-787', 'CWE-416', 'CWE-120', 'CWE-190', 'CWE-415', 'CWE-129', 'CWE-134', 'CWE-824', 'CWE-470']","[-3.6170535 -3.6839504 -3.8258276 -3.8291774 -4.20953   -4.3783813
 -4.5228696 -4.6259565 -4.814354  -5.7295513]",CWE-119
CVE-2021-1278,"['CWE-125', 'CWE-787', 'CWE-120', 'CWE-416', 'CWE-190', 'CWE-415', 'CWE-129', 'CWE-134', 'CWE-824', 'CWE-470']","[-3.5062218 -3.5665267 -3.7245276 -3.7336853 -4.115385  -4.285765
 -4.429971  -4.52991   -4.721825  -5.636807 ]",CWE-119
CVE-2021-1279,"['CWE-125', 'CWE-787', 'CWE-120', 'CWE-416', 'CWE-190', 'CWE-415', 'CWE-129', 'CWE-134', 'CWE-824', 'CWE-470']","[-3.472789  -3.58587   -3.7403238 -3.7779455 -4.079467  -4.320836
 -4.4970775 -4.543672  -4.7431293 -5.6262283]",CWE-119
CVE-2021-1301,"['CWE-125', 'CWE-787', 'CWE-416', 'CWE-120', 'CWE-190', 'CWE-415', 'CWE-129', 'CWE-134', 'CWE-824', 'CWE-470']","[-3.5376835 -3.6158628 -3.7939892 -3.8298674 -4.1445847 -4.3794703
 -4.5541997 -4.637697  -4.7800474 -5.724681 ]",CWE-119
CVE-2021-1308,"['CWE-787', 'CWE-125', 'CWE-416', 'CWE-120', 'CWE-190', 'CWE-129', 'CWE-415', 'CWE-134', 'CWE-824', 'CWE-470']","[-3.0000284 -3.085438  -3.09585   -3.3704834 -3.564088  -4.000948
 -4.015494  -4.1707053 -4.51721   -5.5401444]",CWE-119
CVE-2021-1309,"['CWE-787', 'CWE-125', 'CWE-416', 'CWE-120', 'CWE-190', 'CWE-415', 'CWE-129', 'CWE-134', 'CWE-824', 'CWE-470']","[-2.9613483 -3.0607371 -3.0995455 -3.3517153 -3.57808   -3.9430258
 -3.9493933 -4.167996  -4.4515147 -5.481517 ]",CWE-119
CVE-2021-1402,"['CWE-787', 'CWE-416', 'CWE-125', 'CWE-120', 'CWE-190', 'CWE-129', 'CWE-415', 'CWE-134', 'CWE-824', 'CWE-1284']","[-2.9956875 -3.0485404 -3.1341813 -3.356322  -3.5823035 -3.9676976
 -3.9921727 -4.1765122 -4.481596  -5.5187445]",CWE-119
CVE-2021-1459,"['CWE-787', 'CWE-416', 'CWE-125', 'CWE-120', 'CWE-190', 'CWE-415', 'CWE-129', 'CWE-134', 'CWE-824', 'CWE-1284']","[-2.92842   -3.132947  -3.1400511 -3.3891215 -3.5748396 -3.9838996
 -4.018129  -4.248116  -4.5005493 -5.525929 ]",CWE-119
CVE-2021-1472,"['CWE-787', 'CWE-125', 'CWE-416', 'CWE-120', 'CWE-190', 'CWE-129', 'CWE-415', 'CWE-134', 'CWE-824', 'CWE-1284']","[-2.9735172 -3.0841942 -3.099758  -3.3766062 -3.5739594 -4.0100665
 -4.0259438 -4.2046494 -4.506735  -5.525333 ]",CWE-119
CVE-2021-1473,"['CWE-787', 'CWE-416', 'CWE-125', 'CWE-120', 'CWE-190', 'CWE-415', 'CWE-129', 'CWE-134', 'CWE-824', 'CWE-470']","[-2.903138  -3.1041157 -3.1232839 -3.3573592 -3.5424411 -3.9754736
 -4.003243  -4.220588  -4.466437  -5.5344467]",CWE-119
CVE-2021-1480,"['CWE-787', 'CWE-125', 'CWE-416', 'CWE-120', 'CWE-190', 'CWE-415', 'CWE-129', 'CWE-134', 'CWE-824', 'CWE-470']","[-3.3175154 -3.3479457 -3.4486601 -3.5324204 -3.9160035 -4.166769
 -4.2426805 -4.3745294 -4.5605874 -5.600111 ]",CWE-119
CVE-2021-1760,"['CWE-125', 'CWE-416', 'CWE-787', 'CWE-120', 'CWE-190', 'CWE-415', 'CWE-129', 'CWE-134', 'CWE-824', 'CWE-470']","[-3.8680637 -4.095773  -4.1486053 -4.5972085 -4.619708  -4.9530687
 -5.3170395 -5.476175  -5.5814676 -6.4829884]",CWE-119
CVE-2021-1767,"['CWE-125', 'CWE-416', 'CWE-787', 'CWE-120', 'CWE-190', 'CWE-415', 'CWE-129', 'CWE-134', 'CWE-824', 'CWE-470']","[-3.7397268 -3.964132  -3.997636  -4.367447  -4.5426326 -4.864403
 -5.0975385 -5.254048  -5.3591375 -6.3030763]",CWE-119
CVE-2021-1844,"['CWE-125', 'CWE-416', 'CWE-787', 'CWE-190', 'CWE-120', 'CWE-415', 'CWE-129', 'CWE-134', 'CWE-824', 'CWE-470']","[-3.759785  -3.975887  -3.9964025 -4.4475183 -4.567621  -4.8122373
 -5.2557173 -5.414831  -5.4461794 -6.3742695]",CWE-119
CVE-2021-1890,"['CWE-787', 'CWE-416', 'CWE-125', 'CWE-120', 'CWE-190', 'CWE-129', 'CWE-415', 'CWE-134', 'CWE-824', 'CWE-1284']","[-2.9911878 -3.1288679 -3.1289902 -3.3314486 -3.5820498 -3.935469
 -3.9490945 -4.1457434 -4.4671745 -5.473811 ]",CWE-119
CVE-2021-20275,"['CWE-787', 'CWE-190', 'CWE-125', 'CWE-416', 'CWE-120', 'CWE-415', 'CWE-134', 'CWE-824', 'CWE-129', 'CWE-470']","[-3.6284757 -3.779388  -3.8494656 -3.8526092 -4.1860485 -4.622562
 -4.8371487 -4.883258  -5.0412254 -5.8944926]",CWE-119
CVE-2021-20285,"['CWE-787', 'CWE-125', 'CWE-416', 'CWE-120', 'CWE-190', 'CWE-415', 'CWE-824', 'CWE-129', 'CWE-134', 'CWE-470']","[-3.3486698 -3.472419  -3.5961251 -3.6291196 -3.8460913 -4.259584
 -4.4382987 -4.467949  -4.583931  -5.762591 ]",CWE-119
CVE-2021-20294,"['CWE-787', 'CWE-125', 'CWE-416', 'CWE-120', 'CWE-190', 'CWE-415', 'CWE-129', 'CWE-824', 'CWE-134', 'CWE-470']","[-2.8178945 -2.9631314 -3.236527  -3.3978593 -3.7357447 -3.9842694
 -4.0884223 -4.301845  -4.3446136 -5.51129  ]",CWE-119
CVE-2021-21165,"['CWE-787', 'CWE-416', 'CWE-190', 'CWE-125', 'CWE-120', 'CWE-415', 'CWE-824', 'CWE-134', 'CWE-129', 'CWE-470']","[-3.3307126 -3.4025836 -3.5674443 -3.5762172 -4.0800385 -4.480282
 -4.7988415 -4.8441634 -4.884376  -5.9489913]",CWE-119
CVE-2021-21169,"['CWE-787', 'CWE-416', 'CWE-190', 'CWE-125', 'CWE-120', 'CWE-415', 'CWE-824', 'CWE-134', 'CWE-129', 'CWE-470']","[-3.3304675 -3.4605942 -3.5498936 -3.561846  -4.110649  -4.5132303
 -4.817283  -4.8817754 -4.9129972 -5.967182 ]",CWE-119
CVE-2021-21220,"['CWE-119', 'CWE-787', 'CWE-190', 'CWE-125', 'CWE-416', 'CWE-120', 'CWE-415', 'CWE-134', 'CWE-129', 'CWE-824']","[-2.8641965 -3.1635637 -3.332702  -3.3508563 -3.4391022 -4.0333943
 -4.354151  -4.491132  -4.742273  -4.7515063]",CWE-20
CVE-2021-21225,"['CWE-787', 'CWE-190', 'CWE-416', 'CWE-125', 'CWE-120', 'CWE-415', 'CWE-824', 'CWE-134', 'CWE-129', 'CWE-470']","[-3.5345688 -3.5548065 -3.57196   -3.6593063 -4.36591   -4.5900207
 -4.9529743 -5.0920234 -5.175549  -6.0101132]",CWE-119
CVE-2021-21557,"['CWE-787', 'CWE-125', 'CWE-416', 'CWE-120', 'CWE-190', 'CWE-415', 'CWE-129', 'CWE-134', 'CWE-824', 'CWE-1284']","[-2.9812279 -3.0850883 -3.1126826 -3.3548436 -3.577375  -3.9773967
 -3.9897351 -4.1877046 -4.477845  -5.4990644]",CWE-119
CVE-2021-22335,"['CWE-787', 'CWE-125', 'CWE-190', 'CWE-416', 'CWE-120', 'CWE-415', 'CWE-824', 'CWE-134', 'CWE-129', 'CWE-470']","[-3.9783285 -4.047236  -4.0606117 -4.2026315 -4.2351203 -4.678004
 -4.7449207 -4.9041595 -5.0553236 -5.894923 ]",CWE-119
CVE-2021-22348,"['CWE-787', 'CWE-125', 'CWE-416', 'CWE-120', 'CWE-190', 'CWE-415', 'CWE-129', 'CWE-134', 'CWE-824', 'CWE-470']","[-2.959753  -3.1075916 -3.1376414 -3.3459096 -3.5737343 -3.9653199
 -3.9923513 -4.193865  -4.5189805 -5.515309 ]",CWE-119
CVE-2021-22350,"['CWE-787', 'CWE-125', 'CWE-416', 'CWE-120', 'CWE-190', 'CWE-129', 'CWE-415', 'CWE-134', 'CWE-824', 'CWE-1284']","[-3.0365305 -3.071823  -3.1247292 -3.3246818 -3.5436213 -3.9768038
 -3.9837978 -4.1756043 -4.5039673 -5.508796 ]",CWE-119
CVE-2021-22353,"['CWE-787', 'CWE-416', 'CWE-125', 'CWE-120', 'CWE-190', 'CWE-415', 'CWE-129', 'CWE-134', 'CWE-824', 'CWE-1284']","[-2.9997964 -3.0906875 -3.1318367 -3.3301446 -3.5971293 -3.976064
 -4.002502  -4.198101  -4.467143  -5.484765 ]",CWE-119
CVE-2021-23964,"['CWE-190', 'CWE-416', 'CWE-125', 'CWE-787', 'CWE-120', 'CWE-415', 'CWE-824', 'CWE-134', 'CWE-129', 'CWE-470']","[-4.0531044 -4.1947107 -4.3114195 -4.3348937 -4.871503  -5.21451
 -5.2869825 -5.45957   -5.7225614 -6.319928 ]",CWE-119
CVE-2021-23965,"['CWE-787', 'CWE-416', 'CWE-125', 'CWE-190', 'CWE-120', 'CWE-415', 'CWE-134', 'CWE-824', 'CWE-129', 'CWE-470']","[-3.4937642 -3.515055  -3.678138  -3.6833458 -3.8796716 -4.410595
 -4.564262  -4.671934  -4.738897  -5.7752104]",CWE-119
CVE-2021-23979,"['CWE-787', 'CWE-416', 'CWE-190', 'CWE-125', 'CWE-120', 'CWE-415', 'CWE-134', 'CWE-824', 'CWE-129', 'CWE-470']","[-3.5868683 -3.6256287 -3.7365854 -3.8027267 -4.004109  -4.4814763
 -4.647051  -4.7227936 -4.811523  -5.8406157]",CWE-119
CVE-2021-23981,"['CWE-190', 'CWE-416', 'CWE-787', 'CWE-125', 'CWE-120', 'CWE-824', 'CWE-415', 'CWE-134', 'CWE-129', 'CWE-470']","[-4.0111566 -4.117521  -4.2060027 -4.3000426 -4.7729526 -5.1644397
 -5.172515  -5.3619847 -5.6345572 -6.210479 ]",CWE-119
CVE-2021-23983,"['CWE-787', 'CWE-416', 'CWE-190', 'CWE-125', 'CWE-120', 'CWE-415', 'CWE-134', 'CWE-824', 'CWE-129', 'CWE-470']","[-3.567944  -3.586459  -3.7796056 -3.7964334 -4.0107    -4.5006623
 -4.665391  -4.7012777 -4.809369  -5.9105606]",CWE-119
CVE-2021-23987,"['CWE-190', 'CWE-416', 'CWE-787', 'CWE-125', 'CWE-120', 'CWE-415', 'CWE-824', 'CWE-134', 'CWE-129', 'CWE-470']","[-3.985954  -4.1223545 -4.1978846 -4.267517  -4.8137455 -5.136691
 -5.2913194 -5.377421  -5.671467  -6.28706  ]",CWE-119
CVE-2021-23988,"['CWE-787', 'CWE-416', 'CWE-190', 'CWE-125', 'CWE-120', 'CWE-415', 'CWE-134', 'CWE-824', 'CWE-129', 'CWE-470']","[-3.6031263 -3.628346  -3.7797475 -3.8200812 -4.03642   -4.506245
 -4.6599526 -4.7168074 -4.843325  -5.8516207]",CWE-119
CVE-2021-25660,"['CWE-787', 'CWE-190', 'CWE-125', 'CWE-120', 'CWE-416', 'CWE-415', 'CWE-824', 'CWE-134', 'CWE-129', 'CWE-470']","[-3.4632714 -3.6224375 -3.6651354 -3.7286003 -3.7500525 -4.3076925
 -4.4435945 -4.5453653 -4.6168094 -5.614256 ]",CWE-119
CVE-2021-26411,"['CWE-787', 'CWE-416', 'CWE-125', 'CWE-120', 'CWE-190', 'CWE-129', 'CWE-415', 'CWE-134', 'CWE-824', 'CWE-470']","[-2.9577813 -3.0657327 -3.1201563 -3.3526318 -3.5357728 -3.99159
 -3.9918206 -4.2204437 -4.457488  -5.5060515]",CWE-119
CVE-2021-26419,"['CWE-787', 'CWE-416', 'CWE-125', 'CWE-120', 'CWE-190', 'CWE-415', 'CWE-129', 'CWE-134', 'CWE-824', 'CWE-1284']","[-2.9974701 -3.0734782 -3.0955365 -3.3342042 -3.5523126 -3.9738903
 -4.0023484 -4.1820893 -4.46867   -5.5041895]",CWE-119
CVE-2021-27028,"['CWE-787', 'CWE-125', 'CWE-416', 'CWE-120', 'CWE-190', 'CWE-415', 'CWE-134', 'CWE-824', 'CWE-129', 'CWE-470']","[-3.4563816 -3.5614362 -3.612406  -3.7312596 -3.7525246 -4.2750893
 -4.370733  -4.482391  -4.4854364 -5.597981 ]",CWE-119
CVE-2021-27242,"['CWE-787', 'CWE-125', 'CWE-416', 'CWE-120', 'CWE-190', 'CWE-415', 'CWE-129', 'CWE-824', 'CWE-134', 'CWE-470']","[-3.2513943 -3.312974  -3.375641  -3.5104554 -3.8251257 -4.119238
 -4.225197  -4.297121  -4.376639  -5.603956 ]",CWE-119
CVE-2021-27271,"['CWE-787', 'CWE-416', 'CWE-125', 'CWE-120', 'CWE-190', 'CWE-415', 'CWE-129', 'CWE-134', 'CWE-824', 'CWE-1284']","[-2.9295022 -3.0648518 -3.088762  -3.2773938 -3.5696323 -3.9011486
 -3.9331267 -4.1475143 -4.3920126 -5.4186234]",CWE-119
CVE-2021-27386,"['CWE-787', 'CWE-190', 'CWE-125', 'CWE-416', 'CWE-120', 'CWE-415', 'CWE-824', 'CWE-134', 'CWE-129', 'CWE-470']","[-3.5403852 -3.6765368 -3.77621   -3.783652  -3.8403404 -4.387099
 -4.5384135 -4.5408754 -4.6870003 -5.6569347]",CWE-119
CVE-2021-27397,"['CWE-787', 'CWE-125', 'CWE-416', 'CWE-120', 'CWE-190', 'CWE-415', 'CWE-824', 'CWE-134', 'CWE-129', 'CWE-470']","[-3.4487329 -3.5715327 -3.6118333 -3.6987607 -3.7413416 -4.3145766
 -4.416918  -4.4676695 -4.5345793 -5.6256204]",CWE-119
CVE-2021-27477,"['CWE-787', 'CWE-125', 'CWE-416', 'CWE-120', 'CWE-190', 'CWE-415', 'CWE-129', 'CWE-134', 'CWE-824', 'CWE-470']","[-2.9607167 -3.0523477 -3.0622003 -3.256949  -3.5206518 -3.884351
 -3.8988762 -4.1113567 -4.376271  -5.4099975]",CWE-119
CVE-2021-28033,"['CWE-787', 'CWE-125', 'CWE-416', 'CWE-120', 'CWE-190', 'CWE-415', 'CWE-129', 'CWE-134', 'CWE-824', 'CWE-1284']","[-2.9560964 -3.0594182 -3.088333  -3.3072054 -3.5653265 -3.957789
 -3.981378  -4.2147756 -4.423344  -5.5008917]",CWE-119
CVE-2021-28452,"['CWE-125', 'CWE-787', 'CWE-190', 'CWE-416', 'CWE-120', 'CWE-415', 'CWE-134', 'CWE-824', 'CWE-129', 'CWE-470']","[-4.5075297 -4.53376   -4.563479  -4.638309  -5.1348767 -5.3912315
 -5.625593  -5.641369  -5.876169  -6.8474846]",CWE-119
CVE-2021-28689,"['CWE-787', 'CWE-416', 'CWE-125', 'CWE-120', 'CWE-190', 'CWE-415', 'CWE-134', 'CWE-129', 'CWE-824', 'CWE-470']","[-3.1951551 -3.4569352 -3.4754362 -3.5471656 -3.8162227 -4.0930543
 -4.2823653 -4.339168  -4.539528  -5.5927606]",CWE-119
CVE-2021-28876,"['CWE-787', 'CWE-125', 'CWE-416', 'CWE-190', 'CWE-120', 'CWE-415', 'CWE-134', 'CWE-129', 'CWE-824', 'CWE-470']","[-3.3321946 -3.4613135 -3.6645906 -3.7223778 -3.7767177 -4.301895
 -4.5066686 -4.617923  -4.6195416 -5.720823 ]",CWE-119
CVE-2021-29576,"['CWE-787', 'CWE-125', 'CWE-416', 'CWE-120', 'CWE-190', 'CWE-415', 'CWE-129', 'CWE-134', 'CWE-824', 'CWE-470']","[-3.013066  -3.1111393 -3.2772965 -3.4395351 -3.8237243 -3.882004
 -4.0041413 -4.30495   -4.415505  -5.5055766]",CWE-119
CVE-2021-29947,"['CWE-787', 'CWE-416', 'CWE-125', 'CWE-190', 'CWE-120', 'CWE-415', 'CWE-134', 'CWE-824', 'CWE-129', 'CWE-470']","[-3.5028336 -3.5454023 -3.708893  -3.7211587 -3.912586  -4.4355574
 -4.5848784 -4.6283827 -4.7270803 -5.7759013]",CWE-119
CVE-2021-29966,"['CWE-787', 'CWE-416', 'CWE-190', 'CWE-125', 'CWE-120', 'CWE-415', 'CWE-134', 'CWE-824', 'CWE-129', 'CWE-470']","[-3.5857813 -3.6043887 -3.7657368 -3.8224072 -3.991352  -4.495338
 -4.658268  -4.710241  -4.8089952 -5.8567395]",CWE-119
CVE-2021-29967,"['CWE-190', 'CWE-416', 'CWE-787', 'CWE-125', 'CWE-120', 'CWE-415', 'CWE-824', 'CWE-134', 'CWE-129', 'CWE-470']","[-3.9742074 -4.0861998 -4.213963  -4.2575526 -4.8408413 -5.130751
 -5.2542467 -5.400576  -5.698653  -6.3024526]",CWE-119
CVE-2021-30472,"['CWE-787', 'CWE-125', 'CWE-416', 'CWE-120', 'CWE-190', 'CWE-415', 'CWE-129', 'CWE-134', 'CWE-824', 'CWE-470']","[-3.1337104 -3.2612128 -3.32633   -3.4047859 -3.88522   -4.036968
 -4.1267185 -4.356744  -4.456741  -5.591421 ]",CWE-119
CVE-2021-30498,"['CWE-787', 'CWE-416', 'CWE-125', 'CWE-190', 'CWE-120', 'CWE-415', 'CWE-824', 'CWE-134', 'CWE-129', 'CWE-470']","[-3.5600297 -3.7298687 -3.8032413 -3.8794868 -3.8979452 -4.4835305
 -4.593956  -4.714346  -4.7620296 -5.8836536]",CWE-119
CVE-2021-31256,"['CWE-787', 'CWE-125', 'CWE-416', 'CWE-120', 'CWE-190', 'CWE-415', 'CWE-129', 'CWE-824', 'CWE-134', 'CWE-470']","[-3.0752945 -3.2082272 -3.2958724 -3.4692392 -3.8219445 -4.0144615
 -4.1152105 -4.292763  -4.3546853 -5.495426 ]",CWE-119
CVE-2021-31493,"['CWE-787', 'CWE-416', 'CWE-125', 'CWE-120', 'CWE-190', 'CWE-129', 'CWE-415', 'CWE-134', 'CWE-824', 'CWE-470']","[-3.013217  -3.1212842 -3.12191   -3.3189373 -3.5742743 -3.964311
 -3.9653897 -4.1218348 -4.53441   -5.5198507]",CWE-119
CVE-2021-31495,"['CWE-787', 'CWE-416', 'CWE-125', 'CWE-120', 'CWE-190', 'CWE-415', 'CWE-129', 'CWE-134', 'CWE-824', 'CWE-1284']","[-3.012949  -3.128548  -3.1299472 -3.38175   -3.59612   -3.9843123
 -4.011707  -4.235461  -4.4655833 -5.447776 ]",CWE-119
CVE-2021-33004,"['CWE-787', 'CWE-125', 'CWE-416', 'CWE-120', 'CWE-190', 'CWE-415', 'CWE-129', 'CWE-134', 'CWE-824', 'CWE-470']","[-3.2931738 -3.452524  -3.6567929 -3.7128637 -3.850323  -4.3598104
 -4.4947424 -4.5573826 -4.6493797 -5.7722588]",CWE-119
CVE-2021-3404,"['CWE-787', 'CWE-125', 'CWE-190', 'CWE-416', 'CWE-120', 'CWE-415', 'CWE-824', 'CWE-134', 'CWE-129', 'CWE-470']","[-3.6009707 -3.6467903 -3.7092304 -3.7912018 -4.3721957 -4.631069
 -4.963142  -5.0262985 -5.1769395 -6.062758 ]",CWE-119
CVE-2021-3410,"['CWE-787', 'CWE-190', 'CWE-125', 'CWE-416', 'CWE-120', 'CWE-415', 'CWE-824', 'CWE-134', 'CWE-129', 'CWE-470']","[-3.628528  -3.6984775 -3.8221228 -3.835072  -4.246116  -4.696182
 -4.792392  -4.907324  -5.125869  -5.9351296]",CWE-119
CVE-2021-34306,"['CWE-125', 'CWE-787', 'CWE-416', 'CWE-120', 'CWE-190', 'CWE-415', 'CWE-129', 'CWE-824', 'CWE-134', 'CWE-470']","[-3.2167888 -3.247407  -3.6019325 -3.7749918 -3.9839969 -4.2169456
 -4.4658666 -4.580158  -4.621617  -5.582897 ]",CWE-119
CVE-2021-34379,"['CWE-787', 'CWE-416', 'CWE-125', 'CWE-120', 'CWE-190', 'CWE-415', 'CWE-129', 'CWE-134', 'CWE-824', 'CWE-1284']","[-2.9734964 -3.1101284 -3.1829846 -3.4051619 -3.6094527 -4.0369964
 -4.0429196 -4.2429876 -4.498392  -5.5396466]",CWE-119
CVE-2021-3482,"['CWE-119', 'CWE-787', 'CWE-125', 'CWE-190', 'CWE-416', 'CWE-120', 'CWE-415', 'CWE-134', 'CWE-824', 'CWE-129']","[-2.9675157 -3.136249  -3.2492275 -3.2944763 -3.4381015 -4.055788
 -4.2325864 -4.556562  -4.7421217 -4.7921157]",CWE-20
CVE-2021-3498,"['CWE-787', 'CWE-125', 'CWE-190', 'CWE-416', 'CWE-120', 'CWE-415', 'CWE-824', 'CWE-134', 'CWE-129', 'CWE-470']","[-3.5496986 -3.643832  -3.7056837 -3.736446  -4.3984785 -4.620702
 -4.989704  -5.042005  -5.1923394 -6.114662 ]",CWE-119
CVE-2021-3549,"['CWE-787', 'CWE-125', 'CWE-416', 'CWE-120', 'CWE-190', 'CWE-415', 'CWE-129', 'CWE-134', 'CWE-824', 'CWE-470']","[-2.8427217 -2.986782  -3.2742336 -3.486152  -3.733768  -4.006291
 -4.172353  -4.365309  -4.38382   -5.5379   ]",CWE-119
CVE-2021-3569,"['CWE-787', 'CWE-190', 'CWE-125', 'CWE-416', 'CWE-120', 'CWE-415', 'CWE-824', 'CWE-134', 'CWE-129', 'CWE-470']","[-3.6666915 -3.7805674 -3.8687346 -3.9069898 -4.329242  -4.680536
 -4.857326  -4.962658  -5.0956526 -5.9573936]",CWE-119
CVE-2021-3570,"['CWE-190', 'CWE-416', 'CWE-125', 'CWE-787', 'CWE-120', 'CWE-415', 'CWE-824', 'CWE-134', 'CWE-129', 'CWE-470']","[-3.9562306 -4.036862  -4.1637254 -4.19518   -4.934003  -5.1161075
 -5.3608727 -5.606603  -5.7511744 -6.3881   ]",CWE-119
CVE-2021-3571,"['CWE-787', 'CWE-416', 'CWE-125', 'CWE-190', 'CWE-120', 'CWE-415', 'CWE-134', 'CWE-824', 'CWE-129', 'CWE-470']","[-3.4717965 -3.6926675 -3.7379768 -3.8090222 -4.116364  -4.5311503
 -4.832754  -4.8507166 -4.875914  -6.0067124]",CWE-119
CVE-2021-3612,"['CWE-119', 'CWE-787', 'CWE-190', 'CWE-125', 'CWE-416', 'CWE-120', 'CWE-415', 'CWE-134', 'CWE-129', 'CWE-824']","[-3.0523987 -3.2033174 -3.3203042 -3.347659  -3.4445243 -4.1263933
 -4.28283   -4.508195  -4.793095  -4.8029346]",CWE-20
CVE-2005-4360,"['CWE-125', 'CWE-787', 'CWE-119', 'CWE-190', 'CWE-416', 'CWE-120', 'CWE-415', 'CWE-134', 'CWE-129', 'CWE-824']","[-3.0909    -3.1073432 -3.198878  -3.229203  -3.515462  -3.8615415
 -4.0685096 -4.1541057 -4.2850165 -4.489119 ]",CWE-20
CVE-2008-1440,"['CWE-119', 'CWE-190', 'CWE-787', 'CWE-125', 'CWE-416', 'CWE-134', 'CWE-120', 'CWE-415', 'CWE-824', 'CWE-129']","[-4.163603  -4.188231  -4.4075465 -4.4702888 -4.9401646 -5.0075207
 -5.0878377 -5.2738924 -5.602483  -5.709304 ]",CWE-20
CVE-2008-2374,"['CWE-125', 'CWE-787', 'CWE-119', 'CWE-190', 'CWE-416', 'CWE-120', 'CWE-415', 'CWE-134', 'CWE-129', 'CWE-824']","[-3.1266038 -3.1289036 -3.1786542 -3.206851  -3.5238736 -3.859645
 -4.080321  -4.1227703 -4.258086  -4.4720573]",CWE-20
CVE-2008-2951,"['CWE-125', 'CWE-787', 'CWE-119', 'CWE-190', 'CWE-416', 'CWE-120', 'CWE-415', 'CWE-134', 'CWE-129', 'CWE-824']","[-3.0767958 -3.0934443 -3.177305  -3.1877024 -3.4835145 -3.8134708
 -4.0145926 -4.0700393 -4.2129083 -4.411324 ]",CWE-20
CVE-2008-3597,"['CWE-787', 'CWE-119', 'CWE-125', 'CWE-190', 'CWE-416', 'CWE-120', 'CWE-415', 'CWE-134', 'CWE-129', 'CWE-824']","[-3.0820022 -3.1424954 -3.145965  -3.210509  -3.5223486 -3.763181
 -4.0459948 -4.0706077 -4.2308106 -4.5129547]",CWE-20
CVE-2008-4636,"['CWE-787', 'CWE-125', 'CWE-119', 'CWE-190', 'CWE-416', 'CWE-120', 'CWE-415', 'CWE-134', 'CWE-129', 'CWE-824']","[-3.0860565 -3.1587195 -3.216061  -3.2336392 -3.4987848 -3.8660746
 -4.085861  -4.1337223 -4.287808  -4.5621243]",CWE-20
CVE-2008-6123,"['CWE-787', 'CWE-119', 'CWE-190', 'CWE-125', 'CWE-416', 'CWE-120', 'CWE-134', 'CWE-415', 'CWE-824', 'CWE-129']","[-3.547349  -3.5770025 -3.6245034 -3.6432796 -4.0338717 -4.281228
 -4.3385887 -4.4750504 -4.7957063 -4.8822346]",CWE-20
CVE-2009-0846,"['CWE-190', 'CWE-119', 'CWE-787', 'CWE-125', 'CWE-416', 'CWE-120', 'CWE-134', 'CWE-415', 'CWE-824', 'CWE-129']","[-4.050563  -4.120077  -4.188393  -4.2408633 -4.669774  -4.8087206
 -4.830364  -4.963958  -5.352579  -5.3921146]",CWE-20
CVE-2009-1185,"['CWE-787', 'CWE-125', 'CWE-119', 'CWE-190', 'CWE-416', 'CWE-120', 'CWE-415', 'CWE-134', 'CWE-129', 'CWE-824']","[-3.087188  -3.1289382 -3.1987977 -3.2221987 -3.5231485 -3.8427775
 -4.0469246 -4.1185412 -4.2409506 -4.4813366]",CWE-20
CVE-2009-1243,"['CWE-787', 'CWE-125', 'CWE-190', 'CWE-119', 'CWE-416', 'CWE-120', 'CWE-415', 'CWE-134', 'CWE-129', 'CWE-824']","[-3.2803667 -3.4071271 -3.42635   -3.458995  -3.7148247 -4.1782737
 -4.245685  -4.269711  -4.6525097 -4.843246 ]",CWE-20
CVE-2009-1936,"['CWE-125', 'CWE-787', 'CWE-119', 'CWE-190', 'CWE-416', 'CWE-120', 'CWE-415', 'CWE-134', 'CWE-129', 'CWE-824']","[-3.0980265 -3.107693  -3.1708918 -3.198378  -3.516176  -3.7792587
 -4.0311537 -4.0544786 -4.245385  -4.4879575]",CWE-20
CVE-2009-2408,"['CWE-190', 'CWE-119', 'CWE-125', 'CWE-787', 'CWE-416', 'CWE-120', 'CWE-134', 'CWE-415', 'CWE-824', 'CWE-129']","[-4.01195   -4.1542697 -4.249347  -4.2575    -4.5476055 -4.980469
 -5.075821  -5.1414275 -5.394107  -5.6999974]",CWE-20
CVE-2009-3620,"['CWE-787', 'CWE-125', 'CWE-190', 'CWE-119', 'CWE-416', 'CWE-120', 'CWE-134', 'CWE-415', 'CWE-129', 'CWE-824']","[-3.3254805 -3.4564753 -3.4711401 -3.5134254 -3.7352293 -4.1866946
 -4.26697   -4.273773  -4.6890845 -4.852261 ]",CWE-20
CVE-2009-3832,"['CWE-125', 'CWE-787', 'CWE-119', 'CWE-190', 'CWE-416', 'CWE-120', 'CWE-415', 'CWE-134', 'CWE-129', 'CWE-824']","[-3.0833347 -3.1053128 -3.1706765 -3.2228987 -3.5035534 -3.797867
 -4.044971  -4.0904894 -4.2086143 -4.4477024]",CWE-20
CVE-2009-4272,"['CWE-125', 'CWE-787', 'CWE-119', 'CWE-190', 'CWE-416', 'CWE-120', 'CWE-415', 'CWE-134', 'CWE-129', 'CWE-824']","[-3.0922215 -3.1174402 -3.187338  -3.2131617 -3.498081  -3.7984958
 -4.0182257 -4.0595865 -4.1929398 -4.4593043]",CWE-20
CVE-2009-4831,"['CWE-190', 'CWE-787', 'CWE-119', 'CWE-125', 'CWE-416', 'CWE-120', 'CWE-134', 'CWE-415', 'CWE-824', 'CWE-129']","[-3.5535603 -3.7045872 -3.7585723 -3.7870753 -4.215129  -4.4268365
 -4.521142  -4.6414323 -4.846198  -5.0737333]",CWE-20
CVE-2010-1292,"['CWE-119', 'CWE-787', 'CWE-125', 'CWE-190', 'CWE-416', 'CWE-120', 'CWE-415', 'CWE-134', 'CWE-129', 'CWE-824']","[-3.152902  -3.1651993 -3.2188344 -3.292062  -3.6286504 -3.8277788
 -4.1234193 -4.132401  -4.29256   -4.5208483]",CWE-20
CVE-2010-1871,"['CWE-119', 'CWE-787', 'CWE-125', 'CWE-190', 'CWE-416', 'CWE-120', 'CWE-134', 'CWE-415', 'CWE-129', 'CWE-824']","[-3.1121328 -3.130944  -3.1671255 -3.2411761 -3.5069027 -3.8247147
 -4.1426888 -4.143193  -4.3194284 -4.5572405]",CWE-20
CVE-2010-2076,"['CWE-190', 'CWE-125', 'CWE-787', 'CWE-119', 'CWE-416', 'CWE-134', 'CWE-120', 'CWE-415', 'CWE-824', 'CWE-129']","[-3.5820844 -3.7744842 -3.8127534 -3.888877  -4.197472  -4.4357643
 -4.4389286 -4.5508885 -4.7919536 -5.0331817]",CWE-20
CVE-2010-3904,"['CWE-190', 'CWE-787', 'CWE-125', 'CWE-416', 'CWE-119', 'CWE-415', 'CWE-120', 'CWE-134', 'CWE-824', 'CWE-129']","[-3.8863828 -4.1999574 -4.249003  -4.2713118 -4.492068  -5.1833253
 -5.2879    -5.4200864 -5.551068  -5.9109917]",CWE-20
CVE-2011-0199,"['CWE-119', 'CWE-125', 'CWE-787', 'CWE-416', 'CWE-190', 'CWE-120', 'CWE-415', 'CWE-134', 'CWE-129', 'CWE-824']","[-3.5084221 -3.7126074 -3.87201   -4.1682396 -4.2742686 -4.370053
 -4.637108  -4.651681  -4.943166  -5.247416 ]",CWE-20
CVE-2011-1995,"['CWE-125', 'CWE-787', 'CWE-119', 'CWE-190', 'CWE-416', 'CWE-120', 'CWE-415', 'CWE-134', 'CWE-129', 'CWE-824']","[-3.1093361 -3.1339924 -3.188109  -3.212643  -3.509527  -3.8553817
 -4.0775633 -4.1308484 -4.255178  -4.4431224]",CWE-20
CVE-2011-1998,"['CWE-125', 'CWE-787', 'CWE-119', 'CWE-190', 'CWE-416', 'CWE-120', 'CWE-415', 'CWE-134', 'CWE-129', 'CWE-824']","[-3.031081  -3.0763137 -3.1384728 -3.1507976 -3.4475508 -3.744694
 -4.0074906 -4.0315228 -4.166645  -4.361427 ]",CWE-20
CVE-2011-3389,"['CWE-119', 'CWE-787', 'CWE-190', 'CWE-125', 'CWE-416', 'CWE-120', 'CWE-415', 'CWE-134', 'CWE-129', 'CWE-824']","[-3.5694954 -3.7667773 -3.9214945 -3.9367676 -4.133876  -4.6727114
 -4.7740293 -4.87247   -5.2658167 -5.2734785]",CWE-20
CVE-2012-3446,"['CWE-190', 'CWE-119', 'CWE-787', 'CWE-125', 'CWE-416', 'CWE-120', 'CWE-134', 'CWE-415', 'CWE-824', 'CWE-129']","[-3.5208387 -3.5705287 -3.5858464 -3.6513793 -4.0513563 -4.320024
 -4.3282156 -4.4558134 -4.8634696 -4.926122 ]",CWE-20
CVE-2012-3489,"['CWE-119', 'CWE-787', 'CWE-125', 'CWE-190', 'CWE-416', 'CWE-120', 'CWE-134', 'CWE-415', 'CWE-129', 'CWE-824']","[-3.758441  -3.816804  -3.8311796 -3.8612876 -4.235816  -4.340513
 -4.3553042 -4.550547  -4.8544827 -5.0168185]",CWE-20
CVE-2012-5639,"['CWE-190', 'CWE-787', 'CWE-125', 'CWE-119', 'CWE-416', 'CWE-120', 'CWE-415', 'CWE-134', 'CWE-824', 'CWE-129']","[-3.7683287 -3.9072747 -3.9287295 -4.104048  -4.1701446 -4.864816
 -4.915299  -4.9340577 -5.1390014 -5.4664626]",CWE-20
CVE-2012-5817,"['CWE-190', 'CWE-125', 'CWE-787', 'CWE-119', 'CWE-416', 'CWE-120', 'CWE-134', 'CWE-415', 'CWE-824', 'CWE-129']","[-3.587611  -3.8252954 -3.8315163 -4.027304  -4.344074  -4.6687794
 -4.716943  -4.817109  -5.0283456 -5.3222136]",CWE-20
CVE-2012-5819,"['CWE-190', 'CWE-787', 'CWE-125', 'CWE-119', 'CWE-416', 'CWE-120', 'CWE-134', 'CWE-415', 'CWE-824', 'CWE-129']","[-3.3406878 -3.629006  -3.6707819 -3.7200875 -4.1251574 -4.3922915
 -4.5090327 -4.583688  -4.8050966 -5.041779 ]",CWE-20
CVE-2012-5822,"['CWE-190', 'CWE-787', 'CWE-125', 'CWE-119', 'CWE-416', 'CWE-120', 'CWE-134', 'CWE-415', 'CWE-824', 'CWE-129']","[-3.5315995 -3.5481021 -3.5719442 -3.5808935 -4.0015826 -4.308193
 -4.3998485 -4.4901185 -4.749767  -4.949552 ]",CWE-20
CVE-2012-5824,"['CWE-190', 'CWE-787', 'CWE-125', 'CWE-119', 'CWE-416', 'CWE-120', 'CWE-134', 'CWE-415', 'CWE-824', 'CWE-129']","[-3.5121427 -3.6462893 -3.6959157 -3.758739  -4.185913  -4.450864
 -4.503741  -4.5961475 -4.8749337 -5.0999947]",CWE-20
CVE-2013-0881,"['CWE-190', 'CWE-787', 'CWE-125', 'CWE-119', 'CWE-416', 'CWE-120', 'CWE-134', 'CWE-415', 'CWE-824', 'CWE-129']","[-3.5513666 -3.6945987 -3.7934697 -3.9463031 -4.076853  -4.6620674
 -4.7055254 -4.7690735 -5.0287724 -5.2623906]",CWE-20
CVE-2013-0883,"['CWE-190', 'CWE-787', 'CWE-125', 'CWE-119', 'CWE-416', 'CWE-120', 'CWE-134', 'CWE-415', 'CWE-824', 'CWE-129']","[-3.5816002 -3.6469576 -3.7704928 -3.9194796 -4.0508375 -4.6343126
 -4.6515994 -4.7378335 -5.010642  -5.2437224]",CWE-20
CVE-2013-1465,"['CWE-787', 'CWE-125', 'CWE-119', 'CWE-190', 'CWE-416', 'CWE-120', 'CWE-134', 'CWE-415', 'CWE-129', 'CWE-824']","[-3.4531307 -3.4771836 -3.5589595 -3.6273277 -3.975726  -4.099361
 -4.2048235 -4.333408  -4.680652  -4.7361617]",CWE-20
CVE-2013-2251,"['CWE-125', 'CWE-190', 'CWE-787', 'CWE-119', 'CWE-416', 'CWE-120', 'CWE-134', 'CWE-415', 'CWE-129', 'CWE-824']","[-3.462272  -3.499279  -3.5401955 -3.7106552 -4.013571  -4.244379
 -4.2810946 -4.3501167 -4.7534237 -4.812619 ]",CWE-20
CVE-2014-1266,"['CWE-119', 'CWE-125', 'CWE-787', 'CWE-416', 'CWE-190', 'CWE-120', 'CWE-415', 'CWE-134', 'CWE-129', 'CWE-824']","[-3.5864198 -3.6853049 -3.947683  -4.222327  -4.488085  -4.591154
 -4.863129  -4.9623995 -5.133161  -5.4015913]",CWE-20
CVE-2014-1731,"['CWE-787', 'CWE-125', 'CWE-119', 'CWE-190', 'CWE-416', 'CWE-120', 'CWE-415', 'CWE-134', 'CWE-129', 'CWE-824']","[-3.0416217 -3.0662928 -3.1720595 -3.221189  -3.4999783 -3.8308191
 -4.026799  -4.0923214 -4.227397  -4.4402018]",CWE-20
CVE-2014-2590,"['CWE-190', 'CWE-787', 'CWE-125', 'CWE-119', 'CWE-416', 'CWE-120', 'CWE-134', 'CWE-415', 'CWE-824', 'CWE-129']","[-3.9317005 -4.058414  -4.10086   -4.2493787 -4.6409326 -4.9699297
 -4.9729986 -5.066349  -5.2298365 -5.5869904]",CWE-20
CVE-2014-3393,"['CWE-125', 'CWE-787', 'CWE-119', 'CWE-190', 'CWE-416', 'CWE-120', 'CWE-134', 'CWE-415', 'CWE-129', 'CWE-824']","[-3.3088443 -3.360615  -3.5520055 -3.7098403 -3.7785149 -4.0812674
 -4.2263265 -4.2304964 -4.5070972 -4.652738 ]",CWE-20
CVE-2015-1241,"['CWE-190', 'CWE-787', 'CWE-125', 'CWE-416', 'CWE-119', 'CWE-120', 'CWE-415', 'CWE-134', 'CWE-824', 'CWE-129']","[-3.6481338 -3.7321591 -3.77612   -3.8996186 -4.0674405 -4.818888
 -4.8512435 -4.9688935 -5.156718  -5.440774 ]",CWE-20
CVE-2015-3414,"['CWE-125', 'CWE-787', 'CWE-416', 'CWE-119', 'CWE-190', 'CWE-415', 'CWE-120', 'CWE-134', 'CWE-129', 'CWE-824']","[-3.6325483 -3.6901908 -3.7903514 -3.8483005 -3.9660168 -4.638611
 -4.6649036 -4.9899845 -5.2582173 -5.2668357]",CWE-20
CVE-2015-3415,"['CWE-125', 'CWE-787', 'CWE-119', 'CWE-416', 'CWE-190', 'CWE-120', 'CWE-415', 'CWE-134', 'CWE-129', 'CWE-824']","[-3.691401  -3.7222867 -3.8385882 -3.8406594 -4.032823  -4.67867
 -4.716117  -5.028175  -5.27774   -5.305309 ]",CWE-20
CVE-2015-5211,"['CWE-190', 'CWE-119', 'CWE-787', 'CWE-125', 'CWE-416', 'CWE-120', 'CWE-134', 'CWE-415', 'CWE-824', 'CWE-129']","[-3.6242614 -3.9603136 -3.978804  -4.01216   -4.429126  -4.5773163
 -4.6058183 -4.763643  -5.0080338 -5.2231965]",CWE-20
CVE-2016-3088,"['CWE-190', 'CWE-125', 'CWE-787', 'CWE-119', 'CWE-416', 'CWE-120', 'CWE-134', 'CWE-415', 'CWE-824', 'CWE-129']","[-3.7230656 -3.8085506 -3.8379362 -3.949651  -4.339395  -4.5740085
 -4.623191  -4.7310066 -4.8887916 -5.1388664]",CWE-20
CVE-2016-3627,"['CWE-190', 'CWE-787', 'CWE-416', 'CWE-125', 'CWE-119', 'CWE-415', 'CWE-120', 'CWE-134', 'CWE-824', 'CWE-129']","[-3.9613657 -4.072372  -4.1192    -4.1352797 -4.369482  -5.18393
 -5.2814827 -5.50586   -5.555344  -5.879722 ]",CWE-20
CVE-2016-3718,"['CWE-190', 'CWE-416', 'CWE-125', 'CWE-787', 'CWE-119', 'CWE-415', 'CWE-120', 'CWE-824', 'CWE-134', 'CWE-129']","[-4.409212  -4.4906125 -4.606206  -4.6746187 -4.802544  -5.715693
 -5.8162336 -6.075177  -6.097335  -6.4059367]",CWE-20
CVE-2016-8611,"['CWE-190', 'CWE-787', 'CWE-125', 'CWE-119', 'CWE-416', 'CWE-120', 'CWE-134', 'CWE-415', 'CWE-824', 'CWE-129']","[-3.5350652 -3.6118107 -3.6210232 -3.63964   -4.054319  -4.259974
 -4.2661777 -4.4032016 -4.670096  -4.877573 ]",CWE-20
CVE-2017-1000082,"['CWE-190', 'CWE-787', 'CWE-125', 'CWE-119', 'CWE-416', 'CWE-120', 'CWE-134', 'CWE-415', 'CWE-824', 'CWE-129']","[-3.6058912 -3.763234  -3.8649814 -3.8930137 -4.1503158 -4.4965153
 -4.540507  -4.6358705 -4.904333  -5.1082788]",CWE-20
CVE-2017-11357,"['CWE-190', 'CWE-787', 'CWE-125', 'CWE-119', 'CWE-416', 'CWE-120', 'CWE-134', 'CWE-415', 'CWE-824', 'CWE-129']","[-3.4501874 -3.5018067 -3.5142057 -3.5841749 -3.9988434 -4.1500034
 -4.1617312 -4.3260794 -4.7472496 -4.779658 ]",CWE-20
CVE-2017-12171,"['CWE-190', 'CWE-125', 'CWE-787', 'CWE-416', 'CWE-119', 'CWE-415', 'CWE-120', 'CWE-134', 'CWE-824', 'CWE-129']","[-4.166583  -4.3884463 -4.4522634 -4.454413  -4.633134  -5.41166
 -5.4691267 -5.6009603 -5.8409524 -6.095945 ]",CWE-20
CVE-2017-13715,"['CWE-787', 'CWE-125', 'CWE-190', 'CWE-119', 'CWE-416', 'CWE-120', 'CWE-415', 'CWE-134', 'CWE-129', 'CWE-824']","[-3.3025134 -3.4241374 -3.4580266 -3.522348  -3.7414992 -4.211796
 -4.270224  -4.2981615 -4.6929593 -4.871806 ]",CWE-20
CVE-2017-15103,"['CWE-190', 'CWE-787', 'CWE-125', 'CWE-119', 'CWE-416', 'CWE-120', 'CWE-134', 'CWE-415', 'CWE-824', 'CWE-129']","[-3.649318  -3.8932254 -3.9523325 -4.2731724 -4.333033  -4.7801037
 -4.807526  -4.8604026 -5.106682  -5.3664474]",CWE-20
CVE-2017-15124,"['CWE-190', 'CWE-787', 'CWE-125', 'CWE-119', 'CWE-416', 'CWE-120', 'CWE-134', 'CWE-415', 'CWE-824', 'CWE-129']","[-3.4935634 -3.5010014 -3.6120603 -3.7097437 -3.9048915 -4.3197145
 -4.372588  -4.3949337 -4.7229023 -4.887726 ]",CWE-20
CVE-2017-2837,"['CWE-190', 'CWE-787', 'CWE-125', 'CWE-416', 'CWE-119', 'CWE-415', 'CWE-120', 'CWE-134', 'CWE-824', 'CWE-129']","[-3.5077188 -3.5927632 -3.5932364 -3.9638536 -4.0121894 -4.5976505
 -4.612276  -4.6686797 -4.9600654 -5.1975284]",CWE-20
CVE-2017-2838,"['CWE-190', 'CWE-125', 'CWE-787', 'CWE-416', 'CWE-119', 'CWE-120', 'CWE-415', 'CWE-134', 'CWE-824', 'CWE-129']","[-3.5523179 -3.5977254 -3.6165967 -3.9692922 -4.0103273 -4.585041
 -4.5938063 -4.6274314 -4.959254  -5.162546 ]",CWE-20
CVE-2017-4015,"['CWE-119', 'CWE-787', 'CWE-125', 'CWE-190', 'CWE-416', 'CWE-134', 'CWE-120', 'CWE-415', 'CWE-824', 'CWE-129']","[-3.5929923 -3.6278107 -3.6559103 -3.7810996 -4.1125684 -4.263468
 -4.311965  -4.3808036 -4.8054047 -4.841844 ]",CWE-20
CVE-2017-5060,"['CWE-787', 'CWE-125', 'CWE-119', 'CWE-190', 'CWE-416', 'CWE-120', 'CWE-415', 'CWE-134', 'CWE-129', 'CWE-824']","[-3.0709927 -3.0807462 -3.1417181 -3.18126   -3.455953  -3.7964444
 -4.0275702 -4.0666075 -4.2262125 -4.406599 ]",CWE-20
CVE-2017-5066,"['CWE-125', 'CWE-787', 'CWE-119', 'CWE-190', 'CWE-416', 'CWE-120', 'CWE-415', 'CWE-134', 'CWE-129', 'CWE-824']","[-3.101288  -3.1291816 -3.160868  -3.248451  -3.5078225 -3.8665345
 -4.130727  -4.20577   -4.317593  -4.5468774]",CWE-20
CVE-2017-5638,"['CWE-125', 'CWE-190', 'CWE-787', 'CWE-119', 'CWE-416', 'CWE-120', 'CWE-134', 'CWE-415', 'CWE-129', 'CWE-824']","[-3.4721909 -3.5264585 -3.57373   -3.7487702 -4.023093  -4.282224
 -4.348736  -4.380344  -4.801464  -4.8402586]",CWE-20
CVE-2017-5697,"['CWE-787', 'CWE-125', 'CWE-190', 'CWE-119', 'CWE-416', 'CWE-120', 'CWE-134', 'CWE-415', 'CWE-824', 'CWE-129']","[-3.4204085 -3.5236232 -3.5409079 -3.6140387 -4.030465  -4.2708592
 -4.381104  -4.4681225 -4.7028074 -4.9135914]",CWE-20
CVE-2017-7440,"['CWE-190', 'CWE-787', 'CWE-125', 'CWE-119', 'CWE-416', 'CWE-120', 'CWE-134', 'CWE-415', 'CWE-824', 'CWE-129']","[-3.4455106 -3.551384  -3.611384  -3.7057424 -4.072928  -4.4221625
 -4.584679  -4.5871177 -4.8860493 -5.0964255]",CWE-20
CVE-2017-7539,"['CWE-190', 'CWE-125', 'CWE-787', 'CWE-119', 'CWE-416', 'CWE-120', 'CWE-415', 'CWE-134', 'CWE-824', 'CWE-129']","[-3.7518094 -3.8881207 -3.9655714 -3.9822886 -4.0845203 -4.708602
 -4.7531295 -4.8263907 -4.989747  -5.3504033]",CWE-20
CVE-2017-7668,"['CWE-119', 'CWE-190', 'CWE-125', 'CWE-787', 'CWE-416', 'CWE-134', 'CWE-120', 'CWE-415', 'CWE-129', 'CWE-824']","[-3.7650192 -3.863627  -3.9632814 -3.9767823 -4.349009  -4.371976
 -4.4568944 -4.583008  -4.9751115 -5.09915  ]",CWE-20
CVE-2017-8923,"['CWE-119', 'CWE-787', 'CWE-125', 'CWE-190', 'CWE-416', 'CWE-120', 'CWE-134', 'CWE-415', 'CWE-129', 'CWE-824']","[-3.4846234 -3.4971344 -3.5909455 -3.815407  -3.9835126 -4.239373
 -4.3009505 -4.465083  -4.781483  -4.8394938]",CWE-20
CVE-2017-9217,"['CWE-190', 'CWE-787', 'CWE-119', 'CWE-125', 'CWE-416', 'CWE-120', 'CWE-134', 'CWE-415', 'CWE-824', 'CWE-129']","[-3.5889611 -3.7407634 -3.8375785 -3.8440788 -4.1008086 -4.4377418
 -4.4753036 -4.568313  -4.8512454 -5.0594172]",CWE-20
CVE-2017-9998,"['CWE-125', 'CWE-787', 'CWE-119', 'CWE-190', 'CWE-416', 'CWE-120', 'CWE-134', 'CWE-415', 'CWE-129', 'CWE-824']","[-3.1511662 -3.2292178 -3.504828  -3.599415  -3.8058214 -4.0911226
 -4.1566596 -4.187431  -4.544642  -4.6642423]",CWE-20
CVE-2018-10874,"['CWE-190', 'CWE-125', 'CWE-119', 'CWE-787', 'CWE-416', 'CWE-120', 'CWE-415', 'CWE-134', 'CWE-824', 'CWE-129']","[-4.0570493 -4.1669574 -4.214146  -4.274796  -4.393303  -4.955466
 -5.049428  -5.0740294 -5.260305  -5.597688 ]",CWE-20
CVE-2018-1273,"['CWE-190', 'CWE-787', 'CWE-125', 'CWE-119', 'CWE-416', 'CWE-134', 'CWE-120', 'CWE-415', 'CWE-824', 'CWE-129']","[-3.9813251 -4.18555   -4.200633  -4.270787  -4.602493  -4.9949927
 -5.0096745 -5.0348086 -5.218568  -5.6202297]",CWE-20
CVE-2018-14654,"['CWE-190', 'CWE-125', 'CWE-787', 'CWE-416', 'CWE-119', 'CWE-120', 'CWE-415', 'CWE-134', 'CWE-824', 'CWE-129']","[-3.8768814 -4.0893116 -4.1033297 -4.2605004 -4.362485  -5.1058197
 -5.13615   -5.1864243 -5.3480735 -5.7253356]",CWE-20
CVE-2018-15573,"['CWE-190', 'CWE-787', 'CWE-125', 'CWE-119', 'CWE-416', 'CWE-120', 'CWE-134', 'CWE-415', 'CWE-824', 'CWE-129']","[-3.4639494 -3.4972835 -3.5646484 -3.637366  -4.0401955 -4.3538885
 -4.451585  -4.502194  -4.8683853 -5.01171  ]",CWE-20
CVE-2018-16276,"['CWE-190', 'CWE-787', 'CWE-125', 'CWE-416', 'CWE-119', 'CWE-415', 'CWE-120', 'CWE-134', 'CWE-824', 'CWE-129']","[-3.6353717 -3.755478  -3.8146467 -3.945962  -4.0955267 -4.6805534
 -4.761085  -4.8829546 -5.201305  -5.3695073]",CWE-20
CVE-2018-16888,"['CWE-190', 'CWE-787', 'CWE-125', 'CWE-119', 'CWE-416', 'CWE-120', 'CWE-134', 'CWE-415', 'CWE-824', 'CWE-129']","[-3.397234  -3.7576103 -3.783762  -3.9988732 -4.0952616 -4.316426
 -4.461603  -4.5638733 -4.9150934 -4.9550743]",CWE-20
CVE-2018-16889,"['CWE-22', 'CWE-732', 'CWE-522', 'CWE-276', 'CWE-426', 'CWE-427', 'CWE-532', 'CWE-134', 'CWE-552', 'CWE-203']","[-2.8404005 -3.0341637 -3.100274  -3.364339  -3.4364889 -3.5557125
 -3.5716069 -3.756501  -4.031625  -4.131566 ]",CWE-200
CVE-2018-4026,"['CWE-125', 'CWE-787', 'CWE-119', 'CWE-190', 'CWE-416', 'CWE-120', 'CWE-415', 'CWE-134', 'CWE-129', 'CWE-824']","[-3.0911784 -3.1031916 -3.1689153 -3.2139242 -3.516659  -3.8367643
 -4.051966  -4.1123905 -4.252455  -4.514215 ]",CWE-20
CVE-2019-0006,"['CWE-125', 'CWE-787', 'CWE-119', 'CWE-190', 'CWE-416', 'CWE-120', 'CWE-415', 'CWE-134', 'CWE-129', 'CWE-824']","[-3.3133907 -3.389964  -3.6355326 -3.6660235 -3.84592   -4.101897
 -4.24276   -4.2652392 -4.4869947 -4.6557755]",CWE-20
CVE-2019-10135,"['CWE-190', 'CWE-787', 'CWE-125', 'CWE-119', 'CWE-416', 'CWE-120', 'CWE-134', 'CWE-415', 'CWE-824', 'CWE-129']","[-3.4979303 -3.556522  -3.610743  -3.6646008 -4.0218325 -4.3427205
 -4.4129524 -4.5183887 -4.858105  -5.006126 ]",CWE-20
CVE-2019-10149,"['CWE-125', 'CWE-787', 'CWE-119', 'CWE-190', 'CWE-416', 'CWE-120', 'CWE-134', 'CWE-415', 'CWE-129', 'CWE-824']","[-3.2438257 -3.2782502 -3.396098  -3.532366  -3.755192  -4.017753
 -4.103703  -4.1854744 -4.5176096 -4.6482534]",CWE-20
CVE-2019-10199,"['CWE-125', 'CWE-787', 'CWE-190', 'CWE-119', 'CWE-416', 'CWE-120', 'CWE-134', 'CWE-415', 'CWE-824', 'CWE-129']","[-3.489174  -3.5725288 -3.6061635 -3.6860688 -3.9244156 -4.0680456
 -4.136879  -4.3236666 -4.5307083 -4.6625657]",CWE-20
CVE-2019-10206,"['CWE-125', 'CWE-190', 'CWE-787', 'CWE-119', 'CWE-416', 'CWE-120', 'CWE-134', 'CWE-415', 'CWE-824', 'CWE-129']","[-3.7233045 -3.7388957 -3.7767646 -3.8266258 -4.1913652 -4.316616
 -4.3521886 -4.509194  -4.8456993 -4.8832393]",CWE-20
CVE-2019-10210,"['CWE-787', 'CWE-125', 'CWE-119', 'CWE-190', 'CWE-416', 'CWE-120', 'CWE-134', 'CWE-415', 'CWE-129', 'CWE-824']","[-3.150281  -3.1899686 -3.2475593 -3.2946484 -3.5493033 -3.9091885
 -4.176207  -4.179816  -4.3602896 -4.539107 ]",CWE-20
CVE-2019-10245,"['CWE-787', 'CWE-190', 'CWE-119', 'CWE-125', 'CWE-416', 'CWE-120', 'CWE-134', 'CWE-415', 'CWE-824', 'CWE-129']","[-3.5634604 -3.5865579 -3.6696792 -3.683914  -4.0600033 -4.3049183
 -4.3783393 -4.4925714 -4.6866555 -4.9169264]",CWE-20
CVE-2019-10358,"['CWE-190', 'CWE-787', 'CWE-119', 'CWE-125', 'CWE-416', 'CWE-120', 'CWE-134', 'CWE-415', 'CWE-824', 'CWE-129']","[-3.4811916 -3.6342041 -3.6422508 -3.6661336 -4.084563  -4.394878
 -4.4701176 -4.5808816 -4.770384  -5.042686 ]",CWE-20
CVE-2019-10362,"['CWE-190', 'CWE-787', 'CWE-125', 'CWE-119', 'CWE-416', 'CWE-120', 'CWE-134', 'CWE-415', 'CWE-824', 'CWE-129']","[-3.3901868 -3.5088053 -3.5526862 -3.5828078 -4.050087  -4.188367
 -4.271312  -4.3758106 -4.832142  -4.8399153]",CWE-20
CVE-2019-10916,"['CWE-190', 'CWE-125', 'CWE-787', 'CWE-119', 'CWE-416', 'CWE-120', 'CWE-134', 'CWE-415', 'CWE-824', 'CWE-129']","[-4.229525  -4.535149  -4.605121  -4.6324997 -5.0908833 -5.29732
 -5.3261776 -5.3895626 -5.469526  -5.9607306]",CWE-20
CVE-2019-10917,"['CWE-190', 'CWE-125', 'CWE-787', 'CWE-119', 'CWE-416', 'CWE-120', 'CWE-134', 'CWE-415', 'CWE-824', 'CWE-129']","[-4.1952085 -4.49877   -4.5576453 -4.601874  -5.0584936 -5.2785964
 -5.3170443 -5.35772   -5.4707828 -5.9531193]",CWE-20
CVE-2019-12802,"['CWE-125', 'CWE-787', 'CWE-416', 'CWE-190', 'CWE-119', 'CWE-120', 'CWE-415', 'CWE-129', 'CWE-134', 'CWE-824']","[-1.8344994 -1.9942236 -2.8148487 -2.8215256 -3.0099616 -3.3006866
 -3.5001807 -3.74177   -4.004663  -4.081377 ]",CWE-20
CVE-2019-16779,"['CWE-190', 'CWE-787', 'CWE-125', 'CWE-119', 'CWE-416', 'CWE-120', 'CWE-134', 'CWE-415', 'CWE-824', 'CWE-129']","[-3.4246972 -3.6108806 -3.6708546 -3.7318215 -4.0886354 -4.4197235
 -4.5028033 -4.602365  -4.9361024 -5.0979524]",CWE-20
CVE-2019-17146,"['CWE-787', 'CWE-125', 'CWE-190', 'CWE-119', 'CWE-416', 'CWE-120', 'CWE-415', 'CWE-134', 'CWE-129', 'CWE-824']","[-3.0305924 -3.069905  -3.1723049 -3.1783774 -3.4498012 -3.8639956
 -4.0429487 -4.114093  -4.2888513 -4.444467 ]",CWE-20
CVE-2019-17322,"['CWE-787', 'CWE-190', 'CWE-125', 'CWE-119', 'CWE-416', 'CWE-120', 'CWE-134', 'CWE-415', 'CWE-824', 'CWE-129']","[-3.4332788 -3.481283  -3.4941843 -3.6222045 -3.99534   -4.2267675
 -4.2804885 -4.4175205 -4.7285776 -4.8813596]",CWE-20
CVE-2019-19278,"['CWE-787', 'CWE-125', 'CWE-119', 'CWE-190', 'CWE-416', 'CWE-120', 'CWE-415', 'CWE-134', 'CWE-129', 'CWE-824']","[-3.15923   -3.1846004 -3.2373261 -3.2988791 -3.5912993 -3.969193
 -4.2032986 -4.2645693 -4.4275665 -4.5688105]",CWE-20
CVE-2019-3552,"['CWE-787', 'CWE-119', 'CWE-190', 'CWE-125', 'CWE-416', 'CWE-120', 'CWE-134', 'CWE-415', 'CWE-824', 'CWE-129']","[-3.4313724 -3.5333323 -3.5408053 -3.5597992 -4.0355697 -4.2588053
 -4.3611298 -4.449832  -4.7751336 -4.8944116]",CWE-20
CVE-2019-3558,"['CWE-787', 'CWE-190', 'CWE-119', 'CWE-125', 'CWE-416', 'CWE-120', 'CWE-134', 'CWE-415', 'CWE-824', 'CWE-129']","[-3.4561334 -3.5906782 -3.5927074 -3.6007497 -4.0899253 -4.280662
 -4.3550982 -4.4855776 -4.769512  -4.927464 ]",CWE-20
CVE-2019-3559,"['CWE-787', 'CWE-125', 'CWE-119', 'CWE-190', 'CWE-416', 'CWE-120', 'CWE-134', 'CWE-415', 'CWE-824', 'CWE-129']","[-3.4179611 -3.4834635 -3.5142186 -3.5273645 -3.996728  -4.184971
 -4.274933  -4.390883  -4.6858664 -4.802474 ]",CWE-20
CVE-2019-3564,"['CWE-787', 'CWE-125', 'CWE-190', 'CWE-119', 'CWE-416', 'CWE-120', 'CWE-134', 'CWE-415', 'CWE-824', 'CWE-129']","[-3.455607  -3.5034726 -3.5291412 -3.5738873 -4.0317264 -4.2089257
 -4.267633  -4.4021196 -4.726364  -4.8210154]",CWE-20
CVE-2019-3565,"['CWE-787', 'CWE-125', 'CWE-190', 'CWE-119', 'CWE-416', 'CWE-120', 'CWE-134', 'CWE-415', 'CWE-824', 'CWE-129']","[-3.486565  -3.5711162 -3.5903075 -3.5917556 -4.0863457 -4.258627
 -4.3385625 -4.4505825 -4.7309103 -4.8836217]",CWE-20
CVE-2019-3737,"['CWE-190', 'CWE-125', 'CWE-787', 'CWE-119', 'CWE-416', 'CWE-120', 'CWE-134', 'CWE-415', 'CWE-824', 'CWE-129']","[-3.3725958 -3.6478355 -3.6913311 -3.7361403 -4.141301  -4.3939614
 -4.4540057 -4.5638742 -4.7785764 -5.048967 ]",CWE-20
CVE-2019-3801,"['CWE-190', 'CWE-125', 'CWE-787', 'CWE-119', 'CWE-416', 'CWE-120', 'CWE-134', 'CWE-415', 'CWE-824', 'CWE-129']","[-3.8759208 -4.022995  -4.1324577 -4.273916  -4.6614842 -4.869456
 -4.9581056 -5.0160127 -5.2163587 -5.5294094]",CWE-20
CVE-2019-3804,"['CWE-190', 'CWE-787', 'CWE-125', 'CWE-119', 'CWE-416', 'CWE-120', 'CWE-134', 'CWE-415', 'CWE-824', 'CWE-129']","[-3.5824218 -3.6597037 -3.7597215 -4.0568175 -4.1920004 -4.635971
 -4.65447   -4.7210197 -5.018963  -5.223983 ]",CWE-20
CVE-2019-3810,"['CWE-125', 'CWE-787', 'CWE-119', 'CWE-190', 'CWE-416', 'CWE-120', 'CWE-415', 'CWE-134', 'CWE-129', 'CWE-824']","[-3.2681026 -3.3082802 -3.4367204 -3.564072  -3.7744617 -4.0217338
 -4.145759  -4.196253  -4.4207897 -4.766113 ]",CWE-20
CVE-2019-3847,"['CWE-125', 'CWE-787', 'CWE-119', 'CWE-190', 'CWE-416', 'CWE-120', 'CWE-134', 'CWE-415', 'CWE-129', 'CWE-824']","[-3.342223  -3.4078848 -3.537065  -3.675298  -3.8491883 -4.033437
 -4.2044353 -4.2224054 -4.4303403 -4.826058 ]",CWE-20
CVE-2019-3887,"['CWE-787', 'CWE-125', 'CWE-190', 'CWE-119', 'CWE-416', 'CWE-120', 'CWE-415', 'CWE-134', 'CWE-129', 'CWE-824']","[-3.285189  -3.3994555 -3.451737  -3.4949777 -3.6924555 -4.181215
 -4.2525687 -4.266213  -4.6807375 -4.8372273]",CWE-20
CVE-2019-3913,"['CWE-190', 'CWE-125', 'CWE-787', 'CWE-119', 'CWE-416', 'CWE-120', 'CWE-134', 'CWE-415', 'CWE-824', 'CWE-129']","[-3.452434  -3.5133235 -3.5171177 -3.6254945 -4.0014505 -4.2436795
 -4.3471117 -4.4481087 -4.6587057 -4.872775 ]",CWE-20
CVE-2019-3976,"['CWE-787', 'CWE-125', 'CWE-119', 'CWE-190', 'CWE-416', 'CWE-120', 'CWE-134', 'CWE-415', 'CWE-129', 'CWE-824']","[-3.3166418 -3.3519778 -3.6177716 -3.769697  -3.8324354 -4.057843
 -4.258384  -4.3140135 -4.452327  -4.5860467]",CWE-20
CVE-2019-5163,"['CWE-754', 'CWE-476', 'CWE-354', 'CWE-209', 'CWE-252', 'CWE-273']",[-3.072384  -3.5077674 -3.6735632 -3.7621205 -4.5382605 -4.7672048],CWE-755
CVE-2019-5420,"['CWE-190', 'CWE-787', 'CWE-125', 'CWE-416', 'CWE-119', 'CWE-120', 'CWE-415', 'CWE-134', 'CWE-824', 'CWE-129']","[-3.674868  -3.795574  -3.88351   -4.1285143 -4.2610645 -4.8151164
 -4.8160744 -4.826424  -5.097184  -5.3669944]",CWE-20
CVE-2019-5432,"['CWE-190', 'CWE-125', 'CWE-787', 'CWE-119', 'CWE-416', 'CWE-120', 'CWE-134', 'CWE-415', 'CWE-824', 'CWE-129']","[-3.5240128 -3.6095228 -3.623302  -3.6717532 -4.070875  -4.3070035
 -4.33069   -4.443396  -4.7124653 -4.9435983]",CWE-20
CVE-2019-5451,"['CWE-125', 'CWE-787', 'CWE-119', 'CWE-190', 'CWE-416', 'CWE-120', 'CWE-415', 'CWE-134', 'CWE-129', 'CWE-824']","[-3.09057   -3.1358078 -3.1901338 -3.2207987 -3.5128567 -3.8218942
 -4.070901  -4.0973763 -4.2326183 -4.4619384]",CWE-20
CVE-2019-9535,"['CWE-190', 'CWE-787', 'CWE-125', 'CWE-119', 'CWE-416', 'CWE-120', 'CWE-134', 'CWE-415', 'CWE-824', 'CWE-129']","[-3.4693327 -3.555152  -3.6501462 -3.6653972 -4.090594  -4.3625617
 -4.4133263 -4.5064926 -4.8291326 -4.9835033]",CWE-20
CVE-2020-0088,"['CWE-125', 'CWE-787', 'CWE-119', 'CWE-190', 'CWE-416', 'CWE-120', 'CWE-415', 'CWE-134', 'CWE-129', 'CWE-824']","[-2.9899006 -3.1457677 -3.2971823 -3.5483713 -3.6146982 -3.8316302
 -4.029115  -4.093878  -4.1500154 -4.6196065]",CWE-20
CVE-2020-0646,"['CWE-120', 'CWE-787', 'CWE-119', 'CWE-125', 'CWE-129', 'CWE-190', 'CWE-134', 'CWE-416', 'CWE-415', 'CWE-824']","[-2.9306655 -3.2769299 -3.2896807 -3.3142474 -3.5408359 -3.5412104
 -3.5511544 -3.6454122 -3.918147  -4.402261 ]",CWE-20
CVE-2020-10108,"['CWE-190', 'CWE-787', 'CWE-125', 'CWE-119', 'CWE-416', 'CWE-120', 'CWE-134', 'CWE-415', 'CWE-824', 'CWE-129']","[-3.4444675 -3.4709132 -3.5007055 -3.5671425 -3.9820628 -4.2301636
 -4.2765446 -4.4049606 -4.6803637 -4.869605 ]",CWE-20
CVE-2020-10289,"['CWE-190', 'CWE-787', 'CWE-125', 'CWE-119', 'CWE-416', 'CWE-120', 'CWE-134', 'CWE-415', 'CWE-824', 'CWE-129']","[-3.4505816 -3.5208197 -3.5884345 -3.6525896 -4.0272408 -4.3599305
 -4.4527354 -4.5418625 -4.8234444 -5.0437603]",CWE-20
CVE-2020-11210,"['CWE-125', 'CWE-787', 'CWE-119', 'CWE-190', 'CWE-416', 'CWE-120', 'CWE-415', 'CWE-134', 'CWE-129', 'CWE-824']","[-3.0890448 -3.1481042 -3.1779537 -3.218613  -3.5595992 -3.8700044
 -4.1061954 -4.154445  -4.28473   -4.4890585]",CWE-20
CVE-2020-11236,"['CWE-125', 'CWE-787', 'CWE-119', 'CWE-190', 'CWE-416', 'CWE-120', 'CWE-415', 'CWE-134', 'CWE-129', 'CWE-824']","[-3.1130292 -3.1377323 -3.2149374 -3.2165594 -3.5208533 -3.8653991
 -4.053595  -4.144528  -4.265667  -4.5021124]",CWE-20
CVE-2020-12391,"['CWE-190', 'CWE-119', 'CWE-787', 'CWE-125', 'CWE-416', 'CWE-120', 'CWE-134', 'CWE-415', 'CWE-824', 'CWE-129']","[-3.6886396 -3.844431  -3.912562  -3.9339635 -4.26538   -4.591656
 -4.668742  -4.8198347 -5.0996876 -5.2577424]",CWE-20
CVE-2020-13776,"['CWE-190', 'CWE-787', 'CWE-125', 'CWE-119', 'CWE-416', 'CWE-134', 'CWE-120', 'CWE-415', 'CWE-824', 'CWE-129']","[-3.97862   -4.261435  -4.2855134 -4.431469  -4.5753946 -5.090878
 -5.0998774 -5.217579  -5.458938  -5.7257943]",CWE-20
CVE-2020-15109,"['CWE-190', 'CWE-787', 'CWE-125', 'CWE-119', 'CWE-416', 'CWE-120', 'CWE-134', 'CWE-415', 'CWE-824', 'CWE-129']","[-3.3957062 -3.4798543 -3.514356  -3.625942  -4.0347924 -4.3238306
 -4.425107  -4.5184717 -4.8308983 -4.9919624]",CWE-20
CVE-2020-15112,"['CWE-190', 'CWE-119', 'CWE-787', 'CWE-125', 'CWE-416', 'CWE-120', 'CWE-134', 'CWE-415', 'CWE-824', 'CWE-129']","[-3.5091767 -3.7003388 -3.7237751 -3.7446525 -4.138247  -4.4759607
 -4.5682282 -4.656391  -4.872206  -5.126553 ]",CWE-20
CVE-2020-15180,"['CWE-190', 'CWE-787', 'CWE-119', 'CWE-125', 'CWE-416', 'CWE-134', 'CWE-120', 'CWE-415', 'CWE-824', 'CWE-129']","[-3.575447  -3.8756075 -4.0077777 -4.028461  -4.318508  -4.5843368
 -4.58546   -4.603812  -5.0196157 -5.1951437]",CWE-20
CVE-2020-15184,"['CWE-787', 'CWE-125', 'CWE-190', 'CWE-119', 'CWE-416', 'CWE-120', 'CWE-134', 'CWE-415', 'CWE-824', 'CWE-129']","[-3.4638853 -3.51703   -3.5588923 -3.562051  -3.9908965 -4.2244005
 -4.2979765 -4.3973694 -4.7242103 -4.788722 ]",CWE-20
CVE-2020-15186,"['CWE-125', 'CWE-787', 'CWE-119', 'CWE-190', 'CWE-416', 'CWE-120', 'CWE-134', 'CWE-415', 'CWE-824', 'CWE-129']","[-3.4432957 -3.456956  -3.5104265 -3.5129626 -3.966627  -4.160843
 -4.226126  -4.3466063 -4.733584  -4.7364173]",CWE-20
CVE-2020-15191,"['CWE-125', 'CWE-787', 'CWE-190', 'CWE-119', 'CWE-416', 'CWE-120', 'CWE-415', 'CWE-134', 'CWE-129', 'CWE-824']","[-2.6895378 -2.9099057 -2.9999206 -3.13253   -3.1508336 -3.4125178
 -3.569628  -3.7205071 -3.8641891 -4.263424 ]",CWE-20
CVE-2020-15200,"['CWE-787', 'CWE-125', 'CWE-190', 'CWE-416', 'CWE-119', 'CWE-120', 'CWE-415', 'CWE-134', 'CWE-129', 'CWE-824']","[-2.664874  -2.7312298 -2.969672  -3.0787458 -3.1802266 -3.1927407
 -3.2673972 -3.557719  -3.6973643 -3.8247576]",CWE-20
CVE-2020-15201,"['CWE-787', 'CWE-125', 'CWE-190', 'CWE-416', 'CWE-119', 'CWE-120', 'CWE-415', 'CWE-134', 'CWE-129', 'CWE-824']","[-2.6134741 -2.7183824 -2.9603097 -3.1414878 -3.1636024 -3.230101
 -3.2923944 -3.5722544 -3.7207668 -3.89386  ]",CWE-20
CVE-2020-15203,"['CWE-125', 'CWE-787', 'CWE-119', 'CWE-190', 'CWE-416', 'CWE-120', 'CWE-415', 'CWE-134', 'CWE-129', 'CWE-824']","[-2.992036  -2.999216  -3.3185349 -3.4188778 -3.541278  -3.8599086
 -4.0593047 -4.110678  -4.3934193 -4.5564413]",CWE-20
CVE-2020-15210,"['CWE-125', 'CWE-787', 'CWE-119', 'CWE-190', 'CWE-416', 'CWE-120', 'CWE-415', 'CWE-134', 'CWE-129', 'CWE-824']","[-2.9957776 -3.0118053 -3.3322542 -3.4270055 -3.5596814 -3.8267858
 -3.9847283 -4.064733  -4.3365455 -4.465997 ]",CWE-20
CVE-2020-15228,"['CWE-190', 'CWE-787', 'CWE-125', 'CWE-119', 'CWE-416', 'CWE-120', 'CWE-134', 'CWE-415', 'CWE-824', 'CWE-129']","[-3.523953  -3.6089516 -3.638748  -3.6738286 -4.021806  -4.377277
 -4.481717  -4.606148  -4.903082  -5.043806 ]",CWE-20
CVE-2020-15234,"['CWE-190', 'CWE-119', 'CWE-120', 'CWE-125', 'CWE-787', 'CWE-134', 'CWE-416', 'CWE-415', 'CWE-129', 'CWE-824']","[-3.2869182 -3.4103181 -3.5257714 -3.5292325 -3.6532257 -3.78563
 -4.048245  -4.0907865 -4.29169   -4.635468 ]",CWE-20
CVE-2020-1677,"['CWE-190', 'CWE-125', 'CWE-787', 'CWE-119', 'CWE-416', 'CWE-120', 'CWE-134', 'CWE-415', 'CWE-824', 'CWE-129']","[-3.4658976 -3.5264058 -3.5311394 -3.6533914 -4.0239654 -4.28882
 -4.3392487 -4.4380574 -4.5770817 -4.931125 ]",CWE-20
CVE-2020-19275,"['CWE-190', 'CWE-787', 'CWE-125', 'CWE-119', 'CWE-416', 'CWE-120', 'CWE-134', 'CWE-415', 'CWE-824', 'CWE-129']","[-3.4406474 -3.5802534 -3.6108406 -3.7416682 -4.147986  -4.3187175
 -4.4452205 -4.5075126 -4.7459636 -4.970672 ]",CWE-20
CVE-2020-20907,"['CWE-125', 'CWE-787', 'CWE-190', 'CWE-119', 'CWE-416', 'CWE-120', 'CWE-415', 'CWE-134', 'CWE-129', 'CWE-824']","[-3.0621758 -3.1089938 -3.1537077 -3.2051432 -3.5002346 -3.8186662
 -4.0634866 -4.1034718 -4.233863  -4.440222 ]",CWE-20
CVE-2020-23766,"['CWE-190', 'CWE-787', 'CWE-125', 'CWE-119', 'CWE-416', 'CWE-120', 'CWE-134', 'CWE-415', 'CWE-824', 'CWE-129']","[-3.5302453 -3.5551789 -3.616159  -3.7791104 -4.083245  -4.4503226
 -4.5065565 -4.594024  -4.8042026 -5.1183763]",CWE-20
CVE-2020-24349,"['CWE-125', 'CWE-787', 'CWE-119', 'CWE-190', 'CWE-416', 'CWE-120', 'CWE-134', 'CWE-415', 'CWE-824', 'CWE-129']","[-3.188793  -3.2136695 -3.3608994 -3.4664035 -3.767924  -4.005013
 -4.1110926 -4.1540976 -4.5469403 -4.5780187]",CWE-20
CVE-2020-24985,"['CWE-787', 'CWE-190', 'CWE-125', 'CWE-119', 'CWE-416', 'CWE-120', 'CWE-134', 'CWE-415', 'CWE-824', 'CWE-129']","[-3.41605   -3.4360821 -3.52174   -3.591105  -3.961452  -4.284804
 -4.37963   -4.446257  -4.6940527 -4.9542575]",CWE-20
CVE-2020-27833,"['CWE-190', 'CWE-125', 'CWE-787', 'CWE-119', 'CWE-416', 'CWE-120', 'CWE-134', 'CWE-415', 'CWE-824', 'CWE-129']","[-3.5074964 -3.7765121 -3.8060586 -3.9669745 -4.206993  -4.390931
 -4.439739  -4.5187974 -4.7998033 -5.0003767]",CWE-20
CVE-2020-28905,"['CWE-125', 'CWE-787', 'CWE-119', 'CWE-190', 'CWE-416', 'CWE-120', 'CWE-134', 'CWE-415', 'CWE-129', 'CWE-824']","[-3.4732547 -3.4839902 -3.5158577 -3.6317544 -4.006028  -4.093679
 -4.2165866 -4.3514323 -4.7164574 -4.7697616]",CWE-20
CVE-2020-29075,"['CWE-125', 'CWE-787', 'CWE-119', 'CWE-190', 'CWE-416', 'CWE-120', 'CWE-415', 'CWE-134', 'CWE-129', 'CWE-824']","[-3.0911121 -3.1361208 -3.2006667 -3.2378917 -3.5008872 -3.900405
 -4.1283283 -4.194138  -4.3374643 -4.514067 ]",CWE-20
CVE-2020-3188,"['CWE-125', 'CWE-787', 'CWE-190', 'CWE-119', 'CWE-416', 'CWE-120', 'CWE-134', 'CWE-415', 'CWE-129', 'CWE-824']","[-3.2681572 -3.4277372 -3.7032912 -3.729964  -3.8202238 -4.0518436
 -4.201397  -4.2101007 -4.4990497 -4.5936275]",CWE-20
CVE-2020-3205,"['CWE-787', 'CWE-125', 'CWE-119', 'CWE-190', 'CWE-416', 'CWE-120', 'CWE-415', 'CWE-134', 'CWE-129', 'CWE-824']","[-3.095561  -3.1196644 -3.1777298 -3.2600954 -3.5090384 -3.9095635
 -4.142149  -4.215606  -4.3550596 -4.526093 ]",CWE-20
CVE-2020-3257,"['CWE-787', 'CWE-125', 'CWE-119', 'CWE-190', 'CWE-416', 'CWE-120', 'CWE-415', 'CWE-134', 'CWE-129', 'CWE-824']","[-3.0794787 -3.11397   -3.1401181 -3.218513  -3.4987092 -3.8189943
 -4.0599346 -4.1184916 -4.247902  -4.5270967]",CWE-20
CVE-2020-3452,"['CWE-125', 'CWE-787', 'CWE-190', 'CWE-119', 'CWE-416', 'CWE-120', 'CWE-134', 'CWE-415', 'CWE-129', 'CWE-824']","[-3.310143  -3.4215848 -3.7134056 -3.7446856 -3.852937  -4.093661
 -4.241183  -4.252686  -4.540125  -4.6363826]",CWE-20
CVE-2020-3471,"['CWE-125', 'CWE-787', 'CWE-190', 'CWE-119', 'CWE-416', 'CWE-120', 'CWE-134', 'CWE-415', 'CWE-824', 'CWE-129']","[-3.409219  -3.4860399 -3.6605897 -3.6624556 -3.9418664 -4.090286
 -4.1603622 -4.3789864 -4.5913057 -4.6315165]",CWE-20
CVE-2020-3477,"['CWE-787', 'CWE-125', 'CWE-119', 'CWE-190', 'CWE-416', 'CWE-120', 'CWE-415', 'CWE-134', 'CWE-129', 'CWE-824']","[-3.1302288 -3.1678722 -3.2179916 -3.27876   -3.5763285 -3.9017997
 -4.1610627 -4.190132  -4.343065  -4.52629  ]",CWE-20
CVE-2020-3537,"['CWE-190', 'CWE-125', 'CWE-787', 'CWE-119', 'CWE-416', 'CWE-120', 'CWE-134', 'CWE-415', 'CWE-824', 'CWE-129']","[-3.4924703 -3.5393288 -3.5915043 -3.7810917 -4.008926  -4.2638593
 -4.343793  -4.4234157 -4.6659813 -4.9187784]",CWE-20
CVE-2020-36315,"['CWE-190', 'CWE-787', 'CWE-125', 'CWE-119', 'CWE-416', 'CWE-120', 'CWE-134', 'CWE-415', 'CWE-824', 'CWE-129']","[-3.3916688 -3.4406068 -3.5226347 -3.601944  -3.9670856 -4.256437
 -4.3123093 -4.411841  -4.7612576 -4.914213 ]",CWE-20
CVE-2020-5324,"['CWE-125', 'CWE-787', 'CWE-119', 'CWE-190', 'CWE-416', 'CWE-120', 'CWE-415', 'CWE-134', 'CWE-129', 'CWE-824']","[-3.0892181 -3.1000872 -3.1940784 -3.2580798 -3.4825342 -3.8680253
 -4.0977125 -4.139964  -4.280166  -4.491762 ]",CWE-20
CVE-2020-6238,"['CWE-190', 'CWE-787', 'CWE-125', 'CWE-119', 'CWE-416', 'CWE-120', 'CWE-134', 'CWE-415', 'CWE-824', 'CWE-129']","[-3.5515194 -3.5769117 -3.5839722 -3.72505   -4.0726695 -4.307081
 -4.3790703 -4.4817333 -4.7167845 -4.9497495]",CWE-20
CVE-2020-7452,"['CWE-119', 'CWE-190', 'CWE-787', 'CWE-125', 'CWE-416', 'CWE-134', 'CWE-120', 'CWE-415', 'CWE-824', 'CWE-129']","[-3.799432  -3.9278226 -3.9536126 -4.0159645 -4.4452605 -4.5288086
 -4.5782356 -4.7263093 -5.129923  -5.1520014]",CWE-20
CVE-2020-7693,"['CWE-190', 'CWE-787', 'CWE-125', 'CWE-119', 'CWE-416', 'CWE-120', 'CWE-134', 'CWE-415', 'CWE-824', 'CWE-129']","[-3.4866874 -3.5930076 -3.646038  -3.7330475 -4.0929394 -4.3636923
 -4.4600596 -4.534678  -4.7686234 -5.026188 ]",CWE-20
CVE-2020-7823,"['CWE-787', 'CWE-190', 'CWE-125', 'CWE-119', 'CWE-416', 'CWE-120', 'CWE-134', 'CWE-415', 'CWE-824', 'CWE-129']","[-3.4411266 -3.4508057 -3.4919329 -3.5951493 -3.9980502 -4.2480645
 -4.274934  -4.3706517 -4.745803  -4.883621 ]",CWE-20
CVE-2020-7870,"['CWE-125', 'CWE-787', 'CWE-119', 'CWE-190', 'CWE-416', 'CWE-120', 'CWE-415', 'CWE-134', 'CWE-129', 'CWE-824']","[-3.1203597 -3.144675  -3.1819713 -3.2295659 -3.5382404 -3.8344827
 -4.0790505 -4.1128774 -4.244094  -4.4897547]",CWE-20
CVE-2020-8195,"['CWE-190', 'CWE-787', 'CWE-125', 'CWE-119', 'CWE-416', 'CWE-120', 'CWE-134', 'CWE-415', 'CWE-824', 'CWE-129']","[-3.5770628 -3.6338372 -3.7075114 -3.7169988 -4.0824485 -4.4069624
 -4.44252   -4.565962  -4.8311687 -5.045762 ]",CWE-20
CVE-2021-0551,"['CWE-125', 'CWE-787', 'CWE-119', 'CWE-190', 'CWE-416', 'CWE-120', 'CWE-415', 'CWE-134', 'CWE-129', 'CWE-824']","[-3.00324   -3.1066265 -3.2630982 -3.533499  -3.6069582 -3.8300502
 -4.007863  -4.0883794 -4.15516   -4.597294 ]",CWE-20
CVE-2021-0594,"['CWE-287', 'CWE-862', 'CWE-863', 'CWE-306', 'CWE-732', 'CWE-522', 'CWE-276', 'CWE-295', 'CWE-798', 'CWE-307']","[-3.2019162 -3.2151573 -3.3775334 -3.4967525 -3.5834174 -3.6595073
 -3.687158  -3.6956573 -3.7520351 -4.233689 ]",CWE-269
CVE-2021-1058,"['CWE-787', 'CWE-119', 'CWE-125', 'CWE-190', 'CWE-416', 'CWE-120', 'CWE-415', 'CWE-134', 'CWE-129', 'CWE-824']","[-3.0814338 -3.1065543 -3.119898  -3.2777443 -3.5068665 -3.805932
 -4.083974  -4.107694  -4.2590747 -4.4839954]",CWE-20
CVE-2021-1062,"['CWE-125', 'CWE-787', 'CWE-190', 'CWE-119', 'CWE-416', 'CWE-120', 'CWE-415', 'CWE-134', 'CWE-129', 'CWE-824']","[-3.1311593 -3.1411235 -3.249031  -3.2505481 -3.5432768 -3.8644266
 -4.073893  -4.1377583 -4.2771206 -4.5201006]",CWE-20
CVE-2021-1081,"['CWE-125', 'CWE-787', 'CWE-119', 'CWE-190', 'CWE-416', 'CWE-120', 'CWE-415', 'CWE-134', 'CWE-129', 'CWE-824']","[-3.0705013 -3.102513  -3.1669672 -3.221979  -3.5128822 -3.7860634
 -4.0575366 -4.0858645 -4.2180986 -4.4810815]",CWE-20
CVE-2021-1082,"['CWE-787', 'CWE-125', 'CWE-119', 'CWE-190', 'CWE-416', 'CWE-120', 'CWE-415', 'CWE-134', 'CWE-129', 'CWE-824']","[-3.0543134 -3.1035612 -3.2237782 -3.2389867 -3.5145679 -3.8682096
 -4.0753    -4.1963215 -4.3169723 -4.560505 ]",CWE-20
CVE-2021-1083,"['CWE-787', 'CWE-125', 'CWE-119', 'CWE-190', 'CWE-416', 'CWE-120', 'CWE-415', 'CWE-134', 'CWE-129', 'CWE-824']","[-3.0738106 -3.125558  -3.1571608 -3.2335958 -3.5213027 -3.8635309
 -4.088581  -4.1430006 -4.274188  -4.465534 ]",CWE-20
CVE-2021-1138,"['CWE-190', 'CWE-787', 'CWE-125', 'CWE-119', 'CWE-416', 'CWE-120', 'CWE-134', 'CWE-415', 'CWE-824', 'CWE-129']","[-3.4534607 -3.6383634 -3.6879208 -3.7074037 -4.1704855 -4.4438343
 -4.505475  -4.6462536 -4.858191  -5.1200953]",CWE-20
CVE-2021-1139,"['CWE-190', 'CWE-787', 'CWE-125', 'CWE-119', 'CWE-416', 'CWE-120', 'CWE-134', 'CWE-415', 'CWE-824', 'CWE-129']","[-3.3765802 -3.537918  -3.6085212 -3.6878533 -4.082705  -4.409934
 -4.437317  -4.581696  -4.8151107 -5.045608 ]",CWE-20
CVE-2021-1140,"['CWE-190', 'CWE-787', 'CWE-125', 'CWE-119', 'CWE-416', 'CWE-120', 'CWE-134', 'CWE-415', 'CWE-824', 'CWE-129']","[-3.431995  -3.5549705 -3.5908177 -3.7096457 -4.1129456 -4.412505
 -4.46133   -4.5945272 -4.8709164 -5.0605803]",CWE-20
CVE-2021-1141,"['CWE-190', 'CWE-787', 'CWE-119', 'CWE-125', 'CWE-416', 'CWE-120', 'CWE-134', 'CWE-415', 'CWE-824', 'CWE-129']","[-3.3519146 -3.6127775 -3.6215327 -3.6418333 -4.0948377 -4.2997665
 -4.349568  -4.5102496 -4.7407904 -4.9444966]",CWE-20
CVE-2021-1221,"['CWE-125', 'CWE-787', 'CWE-190', 'CWE-119', 'CWE-416', 'CWE-120', 'CWE-134', 'CWE-415', 'CWE-824', 'CWE-129']","[-3.6130757 -3.7350187 -3.9476662 -4.0150805 -4.2656336 -4.421033
 -4.5717645 -4.6290107 -4.800871  -4.967683 ]",CWE-20
CVE-2021-1252,"['CWE-787', 'CWE-119', 'CWE-125', 'CWE-190', 'CWE-416', 'CWE-120', 'CWE-134', 'CWE-415', 'CWE-824', 'CWE-129']","[-3.5707004 -3.610059  -3.6399589 -3.7010307 -4.010525  -4.2938848
 -4.343626  -4.4595304 -4.8121696 -4.909929 ]",CWE-20
CVE-2021-1305,"['CWE-119', 'CWE-787', 'CWE-125', 'CWE-190', 'CWE-416', 'CWE-120', 'CWE-134', 'CWE-415', 'CWE-129', 'CWE-824']","[-3.2396336 -3.246955  -3.2685437 -3.4996653 -3.7141995 -3.903015
 -4.005612  -4.073167  -4.4349785 -4.6554184]",CWE-20
CVE-2021-1383,"['CWE-125', 'CWE-787', 'CWE-119', 'CWE-190', 'CWE-416', 'CWE-120', 'CWE-134', 'CWE-415', 'CWE-129', 'CWE-824']","[-3.5186296 -3.5333166 -3.6553912 -3.897332  -4.1313934 -4.339252
 -4.4686728 -4.4884005 -4.8138633 -4.8965497]",CWE-20
CVE-2021-1404,"['CWE-787', 'CWE-125', 'CWE-119', 'CWE-190', 'CWE-416', 'CWE-120', 'CWE-134', 'CWE-415', 'CWE-824', 'CWE-129']","[-3.5475273 -3.6210895 -3.6290803 -3.6894264 -4.0313134 -4.2976303
 -4.3446007 -4.4557786 -4.845871  -4.9037914]",CWE-20
CVE-2021-1448,"['CWE-787', 'CWE-125', 'CWE-119', 'CWE-190', 'CWE-416', 'CWE-120', 'CWE-415', 'CWE-134', 'CWE-129', 'CWE-824']","[-3.1210458 -3.162329  -3.1971107 -3.2737372 -3.5518568 -3.8122694
 -4.1100526 -4.1321416 -4.2693086 -4.5684705]",CWE-20
CVE-2021-1617,"['CWE-125', 'CWE-787', 'CWE-119', 'CWE-190', 'CWE-416', 'CWE-120', 'CWE-415', 'CWE-134', 'CWE-129', 'CWE-824']","[-3.051187  -3.0529542 -3.1048284 -3.1546423 -3.4413745 -3.8020635
 -3.9987218 -4.1061606 -4.246967  -4.4944215]",CWE-20
CVE-2021-1618,"['CWE-787', 'CWE-125', 'CWE-119', 'CWE-190', 'CWE-416', 'CWE-120', 'CWE-415', 'CWE-134', 'CWE-129', 'CWE-824']","[-3.1456056 -3.166797  -3.2293148 -3.2699335 -3.5290782 -3.9042816
 -4.1201625 -4.1682916 -4.304711  -4.4892154]",CWE-20
CVE-2021-1892,"['CWE-787', 'CWE-125', 'CWE-119', 'CWE-190', 'CWE-416', 'CWE-120', 'CWE-415', 'CWE-134', 'CWE-129', 'CWE-824']","[-3.101334  -3.1054082 -3.1527445 -3.2536943 -3.4939692 -3.8819363
 -4.111462  -4.1519246 -4.314987  -4.5207267]",CWE-20
CVE-2021-20195,"['CWE-125', 'CWE-190', 'CWE-787', 'CWE-119', 'CWE-416', 'CWE-120', 'CWE-134', 'CWE-415', 'CWE-824', 'CWE-129']","[-3.478194  -3.5994453 -3.6010728 -3.7013412 -3.9453444 -4.0515294
 -4.129761  -4.3083925 -4.5282283 -4.649853 ]",CWE-20
CVE-2021-20222,"['CWE-125', 'CWE-787', 'CWE-190', 'CWE-119', 'CWE-416', 'CWE-120', 'CWE-134', 'CWE-415', 'CWE-824', 'CWE-129']","[-3.4616513 -3.5650544 -3.575201  -3.6750624 -3.9354763 -4.022389
 -4.1027174 -4.3064227 -4.5418344 -4.6093726]",CWE-20
CVE-2021-20268,"['CWE-787', 'CWE-125', 'CWE-190', 'CWE-119', 'CWE-416', 'CWE-120', 'CWE-415', 'CWE-134', 'CWE-129', 'CWE-824']","[-3.3044903 -3.4336424 -3.463475  -3.5057359 -3.72881   -4.1810865
 -4.2609687 -4.26888   -4.663804  -4.864402 ]",CWE-20
CVE-2021-21372,"['CWE-20', 'CWE-89', 'CWE-79', 'CWE-78', 'CWE-94', 'CWE-77', 'CWE-119', 'CWE-190', 'CWE-125', 'CWE-787']","[-2.3072963 -2.9204564 -2.989199  -3.0897665 -3.1080391 -3.2348526
 -3.5384083 -3.5946672 -3.616088  -3.7981372]",CWE-74
CVE-2021-21605,"['CWE-125', 'CWE-787', 'CWE-119', 'CWE-190', 'CWE-416', 'CWE-120', 'CWE-134', 'CWE-415', 'CWE-129', 'CWE-824']","[-3.2841175 -3.3728821 -3.5997224 -3.7269316 -3.791317  -4.0843916
 -4.2229447 -4.2789745 -4.4762955 -4.610335 ]",CWE-20
CVE-2021-21999,"['CWE-190', 'CWE-787', 'CWE-125', 'CWE-119', 'CWE-416', 'CWE-120', 'CWE-134', 'CWE-415', 'CWE-824', 'CWE-129']","[-3.4135873 -3.4621174 -3.5232859 -3.5714438 -4.015888  -4.242678
 -4.3175216 -4.4388933 -4.715405  -4.8955398]",CWE-20
CVE-2021-22205,"['CWE-125', 'CWE-787', 'CWE-119', 'CWE-416', 'CWE-190', 'CWE-120', 'CWE-134', 'CWE-415', 'CWE-129', 'CWE-824']","[-3.2915053 -3.372158  -3.4180584 -3.759344  -3.7664938 -3.9721906
 -4.1206565 -4.203029  -4.3286414 -4.6178   ]",CWE-20
CVE-2021-22345,"['CWE-125', 'CWE-787', 'CWE-119', 'CWE-190', 'CWE-416', 'CWE-120', 'CWE-415', 'CWE-134', 'CWE-129', 'CWE-824']","[-3.111878  -3.1150212 -3.2225606 -3.2415617 -3.5084844 -3.8489058
 -4.028791  -4.107132  -4.2427607 -4.446441 ]",CWE-20
CVE-2021-22678,"['CWE-190', 'CWE-787', 'CWE-125', 'CWE-119', 'CWE-416', 'CWE-120', 'CWE-134', 'CWE-415', 'CWE-824', 'CWE-129']","[-3.370373  -3.3880644 -3.4425087 -3.566675  -3.9708967 -4.1843104
 -4.307011  -4.3740315 -4.6669354 -4.817424 ]",CWE-20
CVE-2021-23359,"['CWE-787', 'CWE-125', 'CWE-119', 'CWE-190', 'CWE-416', 'CWE-120', 'CWE-415', 'CWE-134', 'CWE-129', 'CWE-824']","[-3.1023958 -3.1163466 -3.1587095 -3.2195284 -3.4882011 -3.8291836
 -4.075995  -4.140266  -4.300381  -4.548653 ]",CWE-20
CVE-2021-23399,"['CWE-787', 'CWE-125', 'CWE-119', 'CWE-190', 'CWE-416', 'CWE-120', 'CWE-415', 'CWE-134', 'CWE-129', 'CWE-824']","[-3.0959141 -3.105094  -3.16073   -3.20756   -3.5372255 -3.8263664
 -4.0438356 -4.0828943 -4.2320027 -4.46003  ]",CWE-20
CVE-2021-2390,"['CWE-190', 'CWE-119', 'CWE-787', 'CWE-125', 'CWE-416', 'CWE-134', 'CWE-120', 'CWE-415', 'CWE-824', 'CWE-129']","[-4.426418  -4.4363065 -4.640077  -4.7643933 -5.0909467 -5.250487
 -5.3569574 -5.4698157 -5.8060446 -5.922131 ]",CWE-20
CVE-2021-23937,"['CWE-787', 'CWE-190', 'CWE-125', 'CWE-119', 'CWE-416', 'CWE-120', 'CWE-134', 'CWE-415', 'CWE-824', 'CWE-129']","[-3.6351802 -3.6558187 -3.6614602 -3.6974752 -4.0660286 -4.2714744
 -4.3673005 -4.463225  -4.7658186 -4.863574 ]",CWE-20
CVE-2021-24023,"['CWE-787', 'CWE-125', 'CWE-119', 'CWE-190', 'CWE-416', 'CWE-120', 'CWE-415', 'CWE-134', 'CWE-129', 'CWE-824']","[-3.06236   -3.076087  -3.1731958 -3.186448  -3.4870787 -3.8468342
 -4.064014  -4.133409  -4.2863097 -4.5120454]",CWE-20
CVE-2021-24209,"['CWE-190', 'CWE-125', 'CWE-787', 'CWE-119', 'CWE-416', 'CWE-120', 'CWE-134', 'CWE-415', 'CWE-824', 'CWE-129']","[-3.4719605 -3.554497  -3.580954  -3.6611743 -4.0149603 -4.270346
 -4.3156557 -4.4403315 -4.66147   -4.919751 ]",CWE-20
CVE-2021-25384,"['CWE-125', 'CWE-787', 'CWE-119', 'CWE-190', 'CWE-416', 'CWE-120', 'CWE-415', 'CWE-134', 'CWE-129', 'CWE-824']","[-3.022511  -3.1500747 -3.3072977 -3.5543869 -3.609015  -3.8659718
 -4.022132  -4.1265335 -4.183684  -4.643022 ]",CWE-20
CVE-2021-25682,"['CWE-190', 'CWE-787', 'CWE-125', 'CWE-119', 'CWE-416', 'CWE-120', 'CWE-134', 'CWE-415', 'CWE-824', 'CWE-129']","[-3.471456  -3.6165817 -3.629312  -3.693755  -4.1225934 -4.36261
 -4.3965983 -4.543799  -4.765583  -5.001803 ]",CWE-20
CVE-2021-26814,"['CWE-190', 'CWE-125', 'CWE-787', 'CWE-119', 'CWE-416', 'CWE-120', 'CWE-134', 'CWE-415', 'CWE-824', 'CWE-129']","[-3.416476  -3.550171  -3.554018  -3.6334295 -3.9990873 -4.2910624
 -4.3066015 -4.460581  -4.7297835 -4.925777 ]",CWE-20
CVE-2021-27230,"['CWE-787', 'CWE-125', 'CWE-190', 'CWE-119', 'CWE-416', 'CWE-120', 'CWE-134', 'CWE-415', 'CWE-824', 'CWE-129']","[-3.5666044 -3.5804749 -3.6272528 -3.6423907 -4.057296  -4.2704782
 -4.329083  -4.4541154 -4.7927117 -4.9093366]",CWE-20
CVE-2021-27597,"['CWE-787', 'CWE-125', 'CWE-190', 'CWE-119', 'CWE-416', 'CWE-120', 'CWE-134', 'CWE-415', 'CWE-824', 'CWE-129']","[-3.537772  -3.567574  -3.5871606 -3.6621504 -4.063704  -4.2995787
 -4.3023868 -4.4337816 -4.7941227 -4.9414167]",CWE-20
CVE-2021-27606,"['CWE-787', 'CWE-190', 'CWE-119', 'CWE-125', 'CWE-416', 'CWE-120', 'CWE-134', 'CWE-415', 'CWE-824', 'CWE-129']","[-3.7116153 -3.730543  -3.7334266 -3.7431824 -4.22066   -4.287979
 -4.313275  -4.4799194 -4.893331  -4.903067 ]",CWE-20
CVE-2021-27607,"['CWE-787', 'CWE-125', 'CWE-190', 'CWE-119', 'CWE-416', 'CWE-120', 'CWE-134', 'CWE-415', 'CWE-824', 'CWE-129']","[-3.6934588 -3.7250893 -3.7355912 -3.7365003 -4.214964  -4.2607403
 -4.2785254 -4.433768  -4.8616004 -4.8769717]",CWE-20
CVE-2021-27620,"['CWE-787', 'CWE-125', 'CWE-190', 'CWE-119', 'CWE-416', 'CWE-120', 'CWE-415', 'CWE-134', 'CWE-129', 'CWE-824']","[-3.0518508 -3.1115186 -3.1390243 -3.2018929 -3.5292265 -3.8225896
 -4.0993376 -4.1339335 -4.303726  -4.505917 ]",CWE-20
CVE-2021-27622,"['CWE-125', 'CWE-787', 'CWE-190', 'CWE-119', 'CWE-416', 'CWE-120', 'CWE-415', 'CWE-134', 'CWE-129', 'CWE-824']","[-3.0836117 -3.1356635 -3.1829386 -3.2115438 -3.5033598 -3.8825345
 -4.0570374 -4.1345296 -4.2854824 -4.4367075]",CWE-20
CVE-2021-27623,"['CWE-787', 'CWE-125', 'CWE-119', 'CWE-190', 'CWE-416', 'CWE-120', 'CWE-415', 'CWE-134', 'CWE-129', 'CWE-824']","[-3.069456  -3.084199  -3.1489449 -3.2056456 -3.5121944 -3.8660312
 -4.0433455 -4.1311684 -4.2874546 -4.503218 ]",CWE-20
CVE-2021-27624,"['CWE-787', 'CWE-125', 'CWE-119', 'CWE-190', 'CWE-416', 'CWE-120', 'CWE-415', 'CWE-134', 'CWE-129', 'CWE-824']","[-3.124086  -3.1447463 -3.1942382 -3.2453706 -3.5260816 -3.8827536
 -4.0700274 -4.1359706 -4.265266  -4.4283013]",CWE-20
CVE-2021-27625,"['CWE-787', 'CWE-125', 'CWE-119', 'CWE-190', 'CWE-416', 'CWE-120', 'CWE-415', 'CWE-134', 'CWE-129', 'CWE-824']","[-3.06395   -3.1027224 -3.1700299 -3.1908858 -3.4723344 -3.8057842
 -4.015091  -4.0804887 -4.212894  -4.451355 ]",CWE-20
CVE-2021-27626,"['CWE-125', 'CWE-787', 'CWE-119', 'CWE-190', 'CWE-416', 'CWE-120', 'CWE-415', 'CWE-134', 'CWE-129', 'CWE-824']","[-3.1370883 -3.158257  -3.2198598 -3.2392812 -3.5462675 -3.860065
 -4.091159  -4.1351266 -4.2659445 -4.46458  ]",CWE-20
CVE-2021-27627,"['CWE-787', 'CWE-125', 'CWE-119', 'CWE-190', 'CWE-416', 'CWE-120', 'CWE-415', 'CWE-134', 'CWE-129', 'CWE-824']","[-3.1444721 -3.1683974 -3.1962156 -3.3189385 -3.539265  -3.9398777
 -4.1779714 -4.204663  -4.3620205 -4.557919 ]",CWE-20
CVE-2021-27628,"['CWE-787', 'CWE-190', 'CWE-125', 'CWE-119', 'CWE-416', 'CWE-120', 'CWE-134', 'CWE-415', 'CWE-824', 'CWE-129']","[-3.6909714 -3.7075264 -3.719188  -3.7573905 -4.244754  -4.3094
 -4.350099  -4.488695  -4.8905883 -4.925471 ]",CWE-20
CVE-2021-27629,"['CWE-190', 'CWE-119', 'CWE-787', 'CWE-125', 'CWE-416', 'CWE-120', 'CWE-134', 'CWE-415', 'CWE-824', 'CWE-129']","[-3.749061  -3.7779107 -3.7822313 -3.80554   -4.313779  -4.3396044
 -4.355815  -4.5202923 -4.904165  -4.9535127]",CWE-20
CVE-2021-27630,"['CWE-787', 'CWE-190', 'CWE-119', 'CWE-125', 'CWE-416', 'CWE-120', 'CWE-134', 'CWE-415', 'CWE-824', 'CWE-129']","[-3.7637656 -3.8135684 -3.813854  -3.8165398 -4.287438  -4.3285203
 -4.356968  -4.497422  -4.928776  -4.949376 ]",CWE-20
CVE-2021-27631,"['CWE-787', 'CWE-125', 'CWE-119', 'CWE-190', 'CWE-416', 'CWE-120', 'CWE-134', 'CWE-415', 'CWE-129', 'CWE-824']","[-3.7280486 -3.7290435 -3.7329473 -3.7630897 -4.2202497 -4.276693
 -4.300667  -4.451457  -4.890463  -4.8959885]",CWE-20
CVE-2021-27632,"['CWE-787', 'CWE-125', 'CWE-119', 'CWE-190', 'CWE-416', 'CWE-120', 'CWE-134', 'CWE-415', 'CWE-824', 'CWE-129']","[-3.7165785 -3.7419832 -3.7532685 -3.788976  -4.2164516 -4.272971
 -4.2966204 -4.4452324 -4.8837867 -4.894761 ]",CWE-20
CVE-2021-27633,"['CWE-190', 'CWE-787', 'CWE-125', 'CWE-119', 'CWE-416', 'CWE-120', 'CWE-134', 'CWE-415', 'CWE-824', 'CWE-129']","[-3.5152302 -3.5292118 -3.60124   -3.6515765 -4.1242075 -4.280144
 -4.338667  -4.415173  -4.7346582 -4.915674 ]",CWE-20
CVE-2021-27634,"['CWE-190', 'CWE-787', 'CWE-125', 'CWE-119', 'CWE-416', 'CWE-120', 'CWE-134', 'CWE-415', 'CWE-824', 'CWE-129']","[-3.5202043 -3.5659854 -3.6251462 -3.6771166 -4.1517644 -4.2666407
 -4.3126526 -4.407532  -4.699742  -4.9097824]",CWE-20
CVE-2021-28150,"['CWE-125', 'CWE-787', 'CWE-119', 'CWE-190', 'CWE-416', 'CWE-120', 'CWE-415', 'CWE-134', 'CWE-129', 'CWE-824']","[-3.0840082 -3.1380923 -3.2033923 -3.241741  -3.4828963 -3.8472672
 -4.099972  -4.140763  -4.300368  -4.501686 ]",CWE-20
CVE-2021-28170,"['CWE-125', 'CWE-787', 'CWE-119', 'CWE-190', 'CWE-416', 'CWE-120', 'CWE-415', 'CWE-134', 'CWE-129', 'CWE-824']","[-3.0971074 -3.1085577 -3.1287386 -3.1830125 -3.4959338 -3.77489
 -4.033137  -4.0651693 -4.212666  -4.475934 ]",CWE-20
CVE-2021-28918,"['CWE-190', 'CWE-787', 'CWE-125', 'CWE-119', 'CWE-416', 'CWE-120', 'CWE-134', 'CWE-415', 'CWE-824', 'CWE-129']","[-3.5628521 -3.611645  -3.681256  -3.7385442 -4.086691  -4.4558406
 -4.5293965 -4.6194897 -4.816631  -5.1028314]",CWE-20
CVE-2021-29430,"['CWE-22', 'CWE-94', 'CWE-434', 'CWE-200', 'CWE-125', 'CWE-732', 'CWE-522', 'CWE-787', 'CWE-59', 'CWE-276']","[-2.8787901 -3.017681  -3.119327  -3.221225  -3.2597222 -3.2599225
 -3.3498151 -3.3965006 -3.4358132 -3.475664 ]",CWE-400
CVE-2021-29462,"['CWE-190', 'CWE-787', 'CWE-125', 'CWE-119', 'CWE-416', 'CWE-120', 'CWE-134', 'CWE-415', 'CWE-824', 'CWE-129']","[-3.3869529 -3.4975753 -3.5914125 -3.6254892 -4.063929  -4.3152404
 -4.3850236 -4.475457  -4.787552  -4.998071 ]",CWE-20
CVE-2021-3027,"['CWE-125', 'CWE-787', 'CWE-119', 'CWE-190', 'CWE-416', 'CWE-120', 'CWE-415', 'CWE-134', 'CWE-129', 'CWE-824']","[-3.0695145 -3.14396   -3.1651154 -3.2046523 -3.4805593 -3.790903
 -4.006119  -4.052768  -4.190383  -4.440655 ]",CWE-20
CVE-2021-30501,"['CWE-190', 'CWE-787', 'CWE-125', 'CWE-416', 'CWE-119', 'CWE-415', 'CWE-120', 'CWE-134', 'CWE-824', 'CWE-129']","[-3.658576  -3.801532  -3.8182986 -4.1295347 -4.208818  -4.757924
 -4.770421  -4.854208  -5.108163  -5.36466  ]",CWE-20
CVE-2021-30540,"['CWE-787', 'CWE-190', 'CWE-125', 'CWE-119', 'CWE-416', 'CWE-120', 'CWE-134', 'CWE-415', 'CWE-824', 'CWE-129']","[-3.3833451 -3.455766  -3.5342927 -3.6389034 -3.7755866 -4.331493
 -4.4731784 -4.499114  -4.895709  -4.9043584]",CWE-20
CVE-2021-31808,"['CWE-190', 'CWE-787', 'CWE-125', 'CWE-119', 'CWE-416', 'CWE-120', 'CWE-134', 'CWE-415', 'CWE-824', 'CWE-129']","[-3.629753  -3.735553  -3.7951405 -4.058177  -4.1285152 -4.6609383
 -4.6994343 -4.718991  -4.992033  -5.277442 ]",CWE-20
CVE-2021-31933,"['CWE-787', 'CWE-125', 'CWE-190', 'CWE-119', 'CWE-416', 'CWE-120', 'CWE-134', 'CWE-415', 'CWE-824', 'CWE-129']","[-3.4947472 -3.4989233 -3.554156  -3.5896292 -3.957375  -4.275108
 -4.378054  -4.4333057 -4.6388545 -4.881669 ]",CWE-20
CVE-2021-32642,"['CWE-190', 'CWE-787', 'CWE-125', 'CWE-119', 'CWE-416', 'CWE-120', 'CWE-134', 'CWE-415', 'CWE-824', 'CWE-129']","[-3.5332668 -3.6019704 -3.6213477 -3.6229484 -4.085009  -4.322861
 -4.364529  -4.4822526 -4.758763  -4.936393 ]",CWE-20
CVE-2021-33668,"['CWE-119', 'CWE-787', 'CWE-125', 'CWE-190', 'CWE-416', 'CWE-120', 'CWE-415', 'CWE-134', 'CWE-129', 'CWE-824']","[-3.092792  -3.1127784 -3.1441247 -3.2616453 -3.537067  -3.8425498
 -4.1026917 -4.1292334 -4.2780266 -4.5236   ]",CWE-20
CVE-2021-34427,"['CWE-190', 'CWE-787', 'CWE-125', 'CWE-119', 'CWE-416', 'CWE-120', 'CWE-134', 'CWE-415', 'CWE-824', 'CWE-129']","[-3.465395  -3.5727487 -3.632204  -3.6742036 -4.0596514 -4.3508925
 -4.4809666 -4.5394955 -4.7099447 -5.0207005]",CWE-20
CVE-2021-34539,"['CWE-787', 'CWE-125', 'CWE-119', 'CWE-190', 'CWE-416', 'CWE-120', 'CWE-415', 'CWE-134', 'CWE-129', 'CWE-824']","[-3.0912156 -3.1138096 -3.151694  -3.2129622 -3.5155659 -3.8441107
 -4.0454397 -4.131519  -4.274518  -4.430812 ]",CWE-20
CVE-2021-3485,"['CWE-125', 'CWE-787', 'CWE-119', 'CWE-190', 'CWE-416', 'CWE-120', 'CWE-415', 'CWE-134', 'CWE-129', 'CWE-824']","[-3.1440387 -3.1526573 -3.2091177 -3.2285817 -3.528854  -3.8971908
 -4.1328115 -4.1920104 -4.3182607 -4.5717487]",CWE-20
CVE-2021-3524,"['CWE-190', 'CWE-125', 'CWE-787', 'CWE-119', 'CWE-416', 'CWE-120', 'CWE-134', 'CWE-415', 'CWE-824', 'CWE-129']","[-3.7547975 -3.850607  -3.9316792 -4.1734786 -4.18803   -4.7216625
 -4.7581673 -4.8016925 -4.995563  -5.32198  ]",CWE-20
CVE-2021-3531,"['CWE-190', 'CWE-125', 'CWE-787', 'CWE-119', 'CWE-416', 'CWE-120', 'CWE-134', 'CWE-415', 'CWE-824', 'CWE-129']","[-3.8520947 -3.880908  -4.0251517 -4.209881  -4.3033834 -4.758126
 -4.7777696 -4.857115  -5.0154357 -5.35987  ]",CWE-20
CVE-2021-36716,"['CWE-787', 'CWE-125', 'CWE-190', 'CWE-119', 'CWE-416', 'CWE-120', 'CWE-415', 'CWE-134', 'CWE-129', 'CWE-824']","[-3.1178799 -3.1343746 -3.2380824 -3.24649   -3.5204048 -3.8627467
 -4.083552  -4.128279  -4.267565  -4.492094 ]",CWE-20
CVE-2001-1387,"['CWE-22', 'CWE-732', 'CWE-276', 'CWE-522', 'CWE-532', 'CWE-427', 'CWE-426', 'CWE-134', 'CWE-203', 'CWE-552']","[-3.668198  -3.7535272 -3.853786  -3.9369378 -4.2727838 -4.3043194
 -4.321371  -4.539357  -4.5536222 -4.8628106]",CWE-200
CVE-2005-4868,"['CWE-22', 'CWE-732', 'CWE-276', 'CWE-522', 'CWE-532', 'CWE-134', 'CWE-427', 'CWE-426', 'CWE-203', 'CWE-552']","[-3.6662927 -4.040234  -4.0660243 -4.1111097 -4.4252005 -4.49895
 -4.505947  -4.5410542 -4.846836  -5.00113  ]",CWE-200
CVE-2007-5778,"['CWE-22', 'CWE-276', 'CWE-732', 'CWE-522', 'CWE-427', 'CWE-426', 'CWE-532', 'CWE-134', 'CWE-552', 'CWE-203']","[-3.0943415 -3.302395  -3.5305922 -3.5930803 -3.6106236 -3.745212
 -3.873144  -4.234866  -4.564526  -4.5805683]",CWE-200
CVE-2008-0662,"['CWE-22', 'CWE-522', 'CWE-732', 'CWE-276', 'CWE-427', 'CWE-532', 'CWE-426', 'CWE-203', 'CWE-134', 'CWE-428']","[-3.6061432 -3.8404334 -3.869483  -3.9470544 -4.149739  -4.2483807
 -4.330748  -4.517166  -4.7908854 -5.001415 ]",CWE-200
CVE-2008-1567,"['CWE-22', 'CWE-732', 'CWE-276', 'CWE-522', 'CWE-427', 'CWE-426', 'CWE-532', 'CWE-134', 'CWE-203', 'CWE-552']","[-3.6070623 -3.8520696 -3.9952672 -4.0069704 -4.374886  -4.4244905
 -4.4247885 -4.4302077 -4.800103  -4.8313613]",CWE-200
CVE-2008-3289,"['CWE-276', 'CWE-22', 'CWE-732', 'CWE-522', 'CWE-532', 'CWE-426', 'CWE-427', 'CWE-134', 'CWE-203', 'CWE-209']","[-3.3913622 -3.3968897 -3.432371  -3.7558885 -3.8645306 -3.9763668
 -4.013802  -4.1174364 -4.325074  -4.40768  ]",CWE-200
CVE-2008-4390,"['CWE-276', 'CWE-22', 'CWE-732', 'CWE-522', 'CWE-532', 'CWE-426', 'CWE-427', 'CWE-134', 'CWE-203', 'CWE-552']","[-3.3521106 -3.353567  -3.4082737 -3.687282  -3.840694  -3.9637196
 -3.983891  -4.1708317 -4.283486  -4.4259915]",CWE-200
CVE-2009-1699,"['CWE-22', 'CWE-732', 'CWE-276', 'CWE-522', 'CWE-426', 'CWE-427', 'CWE-532', 'CWE-134', 'CWE-203', 'CWE-552']","[-3.6647894 -3.929976  -3.9590259 -4.075553  -4.458164  -4.4742646
 -4.496698  -4.6111746 -4.82894   -4.840862 ]",CWE-200
CVE-2011-1258,"['CWE-276', 'CWE-22', 'CWE-732', 'CWE-522', 'CWE-532', 'CWE-426', 'CWE-427', 'CWE-134', 'CWE-203', 'CWE-209']","[-3.3775313 -3.4223757 -3.4604456 -3.7916427 -3.9226563 -4.013001
 -4.035774  -4.235248  -4.3674345 -4.4888864]",CWE-200
CVE-2011-1943,"['CWE-22', 'CWE-732', 'CWE-522', 'CWE-276', 'CWE-427', 'CWE-532', 'CWE-426', 'CWE-134', 'CWE-203', 'CWE-209']","[-3.7408392 -3.868995  -3.958735  -3.9609156 -4.1556807 -4.2867703
 -4.3211784 -4.5931005 -4.5933437 -4.913383 ]",CWE-200
CVE-2011-1960,"['CWE-276', 'CWE-22', 'CWE-732', 'CWE-522', 'CWE-532', 'CWE-426', 'CWE-427', 'CWE-134', 'CWE-203', 'CWE-209']","[-3.3629785 -3.3786306 -3.4271848 -3.739885  -3.9168515 -3.9827058
 -4.0207267 -4.213183  -4.3661423 -4.4670453]",CWE-200
CVE-2011-1962,"['CWE-276', 'CWE-732', 'CWE-22', 'CWE-522', 'CWE-532', 'CWE-426', 'CWE-427', 'CWE-134', 'CWE-203', 'CWE-552']","[-3.3286362 -3.4273968 -3.436006  -3.7220516 -3.858385  -3.9990351
 -4.0221896 -4.2558413 -4.2846804 -4.4333167]",CWE-200
CVE-2011-1992,"['CWE-276', 'CWE-22', 'CWE-732', 'CWE-522', 'CWE-532', 'CWE-426', 'CWE-427', 'CWE-134', 'CWE-203', 'CWE-209']","[-3.415549  -3.4302268 -3.4420772 -3.757919  -3.914297  -4.006811
 -4.0338764 -4.2256994 -4.3988924 -4.4790506]",CWE-200
CVE-2011-4107,"['CWE-22', 'CWE-732', 'CWE-522', 'CWE-276', 'CWE-427', 'CWE-532', 'CWE-426', 'CWE-134', 'CWE-203', 'CWE-552']","[-3.6371005 -3.8413641 -3.9709818 -3.9881532 -4.3843617 -4.387869
 -4.4176855 -4.468514  -4.784288  -4.8317327]",CWE-200
CVE-2012-0012,"['CWE-276', 'CWE-22', 'CWE-732', 'CWE-522', 'CWE-532', 'CWE-426', 'CWE-427', 'CWE-134', 'CWE-203', 'CWE-209']","[-3.3688414 -3.4089572 -3.4466393 -3.7582183 -3.905343  -4.0293994
 -4.0387554 -4.23511   -4.385849  -4.4691935]",CWE-200
CVE-2012-0037,"['CWE-22', 'CWE-732', 'CWE-276', 'CWE-522', 'CWE-427', 'CWE-532', 'CWE-426', 'CWE-203', 'CWE-134', 'CWE-281']","[-4.1573076 -4.2158647 -4.225033  -4.2960873 -4.543712  -4.570601
 -4.654437  -4.8063164 -4.844476  -5.1748195]",CWE-200
CVE-2012-3037,"['CWE-22', 'CWE-276', 'CWE-732', 'CWE-522', 'CWE-427', 'CWE-426', 'CWE-532', 'CWE-134', 'CWE-203', 'CWE-552']","[-3.1211565 -3.2901478 -3.5245812 -3.6300716 -3.672204  -3.8058586
 -3.886741  -4.310728  -4.5263467 -4.5572014]",CWE-200
CVE-2012-4712,"['CWE-276', 'CWE-732', 'CWE-22', 'CWE-522', 'CWE-532', 'CWE-426', 'CWE-427', 'CWE-134', 'CWE-203', 'CWE-209']","[-3.3549113 -3.4109933 -3.4115305 -3.7306743 -3.88814   -4.014217
 -4.0230603 -4.248369  -4.346817  -4.4515786]",CWE-200
CVE-2012-6497,"['CWE-22', 'CWE-732', 'CWE-522', 'CWE-276', 'CWE-427', 'CWE-532', 'CWE-134', 'CWE-426', 'CWE-203', 'CWE-209']","[-3.7638373 -3.9283304 -4.109411  -4.1289306 -4.364765  -4.4381
 -4.4991155 -4.5917597 -4.7003856 -4.7629614]",CWE-200
CVE-2013-0632,"['CWE-732', 'CWE-22', 'CWE-276', 'CWE-522', 'CWE-532', 'CWE-134', 'CWE-427', 'CWE-426', 'CWE-203', 'CWE-209']","[-3.5734782 -3.6222243 -3.8076394 -3.8730965 -4.129702  -4.27646
 -4.2960696 -4.4278135 -4.511052  -4.608386 ]",CWE-200
CVE-2013-1824,"['CWE-22', 'CWE-732', 'CWE-276', 'CWE-522', 'CWE-427', 'CWE-532', 'CWE-426', 'CWE-134', 'CWE-203', 'CWE-552']","[-3.9780855 -4.3400164 -4.342541  -4.4742956 -4.738509  -4.7469845
 -4.7886124 -4.79498   -5.1701727 -5.3507357]",CWE-200
CVE-2015-3962,"['CWE-22', 'CWE-276', 'CWE-732', 'CWE-427', 'CWE-522', 'CWE-426', 'CWE-532', 'CWE-134', 'CWE-552', 'CWE-209']","[-3.0864544 -3.2643154 -3.4589    -3.6393852 -3.6536248 -3.7453835
 -3.817094  -4.2280874 -4.552147  -4.55436  ]",CWE-200
CVE-2015-5013,"['CWE-276', 'CWE-22', 'CWE-732', 'CWE-522', 'CWE-532', 'CWE-426', 'CWE-427', 'CWE-134', 'CWE-203', 'CWE-209']","[-3.3593733 -3.409763  -3.4299452 -3.7716167 -3.8938968 -4.0153704
 -4.0588675 -4.2363477 -4.370505  -4.4552097]",CWE-200
CVE-2015-5165,"['CWE-22', 'CWE-732', 'CWE-276', 'CWE-522', 'CWE-426', 'CWE-134', 'CWE-532', 'CWE-427', 'CWE-203', 'CWE-209']","[-3.7773962 -3.9182487 -4.015754  -4.2064705 -4.3696036 -4.3832965
 -4.4117904 -4.4198565 -4.7023087 -4.868866 ]",CWE-200
CVE-2015-5955,"['CWE-732', 'CWE-22', 'CWE-276', 'CWE-522', 'CWE-532', 'CWE-134', 'CWE-427', 'CWE-426', 'CWE-552', 'CWE-203']","[-3.604829  -3.655025  -3.7568336 -3.7944026 -4.117396  -4.2720947
 -4.3012385 -4.3760004 -4.537087  -4.647345 ]",CWE-200
CVE-2016-0875,"['CWE-276', 'CWE-732', 'CWE-22', 'CWE-522', 'CWE-532', 'CWE-427', 'CWE-426', 'CWE-134', 'CWE-203', 'CWE-552']","[-3.3396428 -3.401994  -3.4224102 -3.7273557 -3.880042  -3.9984145
 -4.011036  -4.2170362 -4.3042192 -4.448908 ]",CWE-200
CVE-2016-0876,"['CWE-22', 'CWE-276', 'CWE-732', 'CWE-522', 'CWE-532', 'CWE-426', 'CWE-427', 'CWE-134', 'CWE-203', 'CWE-209']","[-3.3655775 -3.3864017 -3.468352  -3.7746124 -3.93232   -4.008503
 -4.044418  -4.2392163 -4.366822  -4.478466 ]",CWE-200
CVE-2016-0879,"['CWE-22', 'CWE-276', 'CWE-732', 'CWE-522', 'CWE-532', 'CWE-426', 'CWE-427', 'CWE-134', 'CWE-203', 'CWE-209']","[-3.3307693 -3.374538  -3.4110901 -3.7235436 -3.8931203 -3.9802487
 -4.009948  -4.184775  -4.3764353 -4.467235 ]",CWE-200
CVE-2016-10003,"['CWE-22', 'CWE-276', 'CWE-522', 'CWE-732', 'CWE-427', 'CWE-426', 'CWE-532', 'CWE-134', 'CWE-203', 'CWE-428']","[-3.786568  -3.9798431 -4.016737  -4.053445  -4.190974  -4.3476367
 -4.3980856 -4.524586  -4.625851  -4.8820243]",CWE-200
CVE-2016-2178,"['CWE-22', 'CWE-732', 'CWE-276', 'CWE-522', 'CWE-532', 'CWE-427', 'CWE-426', 'CWE-134', 'CWE-203', 'CWE-281']","[-4.6548934 -4.779004  -4.8132725 -4.9580874 -5.1190524 -5.2214384
 -5.2489333 -5.2873597 -5.4107313 -5.515011 ]",CWE-200
CVE-2016-4178,"['CWE-22', 'CWE-732', 'CWE-276', 'CWE-522', 'CWE-532', 'CWE-426', 'CWE-427', 'CWE-134', 'CWE-203', 'CWE-209']","[-3.344323  -3.3546426 -3.3656301 -3.708488  -3.793346  -3.9299736
 -3.9675808 -4.1129413 -4.2675695 -4.3809223]",CWE-200
CVE-2016-4232,"['CWE-276', 'CWE-22', 'CWE-732', 'CWE-522', 'CWE-532', 'CWE-427', 'CWE-426', 'CWE-134', 'CWE-203', 'CWE-552']","[-3.38326   -3.431854  -3.4714234 -3.7486036 -3.9275079 -4.020504
 -4.0237966 -4.226199  -4.3226047 -4.433612 ]",CWE-200
CVE-2016-8637,"['CWE-22', 'CWE-276', 'CWE-732', 'CWE-522', 'CWE-532', 'CWE-426', 'CWE-427', 'CWE-203', 'CWE-134', 'CWE-552']","[-3.5647502 -3.736479  -3.7394347 -3.8902245 -4.152504  -4.163397
 -4.227792  -4.4449215 -4.7272882 -4.9145403]",CWE-200
CVE-2016-9360,"['CWE-276', 'CWE-732', 'CWE-22', 'CWE-522', 'CWE-532', 'CWE-427', 'CWE-426', 'CWE-203', 'CWE-134', 'CWE-552']","[-3.4062345 -3.4290452 -3.4434283 -3.7050436 -3.915115  -4.0096703
 -4.040414  -4.2709613 -4.2896094 -4.4083962]",CWE-200
CVE-2017-0022,"['CWE-22', 'CWE-281', 'CWE-276', 'CWE-522', 'CWE-732', 'CWE-427', 'CWE-532', 'CWE-426', 'CWE-134', 'CWE-203']","[-5.1081953 -5.942457  -5.9753857 -6.031372  -6.122986  -6.187857
 -6.202338  -6.227939  -6.4417458 -6.7580056]",CWE-200
CVE-2017-0894,"['CWE-732', 'CWE-22', 'CWE-522', 'CWE-276', 'CWE-427', 'CWE-532', 'CWE-426', 'CWE-134', 'CWE-203', 'CWE-552']","[-3.5866563 -3.7195325 -3.8197424 -3.8535535 -4.1520357 -4.2063622
 -4.39734   -4.457627  -4.484781  -4.583194 ]",CWE-200
CVE-2017-10379,"['CWE-22', 'CWE-276', 'CWE-732', 'CWE-522', 'CWE-426', 'CWE-532', 'CWE-427', 'CWE-134', 'CWE-281', 'CWE-203']","[-3.9314487 -4.583235  -4.6636434 -4.718267  -4.855422  -4.919242
 -4.9429255 -4.9674106 -5.2212367 -5.344873 ]",CWE-200
CVE-2017-15085,"['CWE-276', 'CWE-22', 'CWE-732', 'CWE-522', 'CWE-532', 'CWE-426', 'CWE-427', 'CWE-134', 'CWE-203', 'CWE-209']","[-3.344558  -3.356454  -3.3749354 -3.722418  -3.8405075 -3.964819
 -3.994006  -4.1603074 -4.2772665 -4.4089394]",CWE-200
CVE-2017-15104,"['CWE-22', 'CWE-732', 'CWE-276', 'CWE-522', 'CWE-532', 'CWE-427', 'CWE-426', 'CWE-203', 'CWE-134', 'CWE-281']","[-4.219903  -4.328068  -4.3574157 -4.468475  -4.636974  -4.6715117
 -4.688719  -4.8913984 -5.0067654 -5.1808944]",CWE-200
CVE-2017-15897,"['CWE-22', 'CWE-732', 'CWE-522', 'CWE-276', 'CWE-532', 'CWE-427', 'CWE-426', 'CWE-134', 'CWE-203', 'CWE-552']","[-3.6327367 -3.7980099 -3.843189  -3.923194  -4.218322  -4.249148
 -4.3793397 -4.4653535 -4.5732684 -4.7747893]",CWE-200
CVE-2017-17087,"['CWE-22', 'CWE-732', 'CWE-276', 'CWE-522', 'CWE-427', 'CWE-532', 'CWE-426', 'CWE-134', 'CWE-203', 'CWE-552']","[-3.6693976 -3.8345044 -3.9491794 -4.054768  -4.405428  -4.4083424
 -4.419277  -4.483006  -4.65558   -4.860439 ]",CWE-200
CVE-2017-2622,"['CWE-22', 'CWE-732', 'CWE-276', 'CWE-522', 'CWE-427', 'CWE-532', 'CWE-426', 'CWE-203', 'CWE-134', 'CWE-552']","[-3.798495  -3.9377744 -4.0085573 -4.020648  -4.3003154 -4.3427105
 -4.369346  -4.5516334 -4.639417  -4.8915677]",CWE-200
CVE-2017-3085,"['CWE-22', 'CWE-276', 'CWE-732', 'CWE-522', 'CWE-532', 'CWE-426', 'CWE-427', 'CWE-134', 'CWE-203', 'CWE-209']","[-3.3743684 -3.4188673 -3.4431243 -3.753461  -3.8832161 -4.0196686
 -4.090629  -4.2273912 -4.376679  -4.4582872]",CWE-200
CVE-2017-4905,"['CWE-22', 'CWE-732', 'CWE-276', 'CWE-522', 'CWE-532', 'CWE-427', 'CWE-426', 'CWE-203', 'CWE-428', 'CWE-209']","[-4.219605  -4.318107  -4.341418  -4.526948  -4.6834984 -4.697147
 -4.706177  -4.914052  -5.2277956 -5.243903 ]",CWE-200
CVE-2017-5102,"['CWE-22', 'CWE-732', 'CWE-276', 'CWE-522', 'CWE-427', 'CWE-426', 'CWE-532', 'CWE-134', 'CWE-203', 'CWE-281']","[-3.880915  -4.0832434 -4.1323156 -4.2199845 -4.3819695 -4.404243
 -4.4677186 -4.736536  -4.737986  -4.964705 ]",CWE-200
CVE-2017-5103,"['CWE-22', 'CWE-732', 'CWE-276', 'CWE-522', 'CWE-427', 'CWE-426', 'CWE-532', 'CWE-134', 'CWE-203', 'CWE-281']","[-3.9134223 -4.106353  -4.1422973 -4.2476954 -4.405962  -4.4110813
 -4.4543386 -4.6796093 -4.699076  -4.950066 ]",CWE-200
CVE-2017-5107,"['CWE-22', 'CWE-276', 'CWE-732', 'CWE-522', 'CWE-532', 'CWE-426', 'CWE-427', 'CWE-134', 'CWE-203', 'CWE-209']","[-3.4066887 -3.4127774 -3.4457316 -3.7933357 -3.9397492 -4.0208473
 -4.056435  -4.206021  -4.371133  -4.4829917]",CWE-200
CVE-2017-8529,"['CWE-276', 'CWE-22', 'CWE-732', 'CWE-522', 'CWE-532', 'CWE-427', 'CWE-426', 'CWE-134', 'CWE-203', 'CWE-552']","[-3.4162061 -3.489083  -3.4897003 -3.8041751 -3.9484344 -4.051211
 -4.085357  -4.303232  -4.3553414 -4.5150714]",CWE-200
CVE-2017-9735,"['CWE-22', 'CWE-732', 'CWE-522', 'CWE-276', 'CWE-532', 'CWE-427', 'CWE-426', 'CWE-203', 'CWE-134', 'CWE-552']","[-3.694843  -3.9318326 -3.98778   -4.024284  -4.283041  -4.2872663
 -4.309558  -4.583319  -4.6905894 -4.959731 ]",CWE-200
CVE-2018-10913,"['CWE-22', 'CWE-276', 'CWE-732', 'CWE-522', 'CWE-532', 'CWE-427', 'CWE-426', 'CWE-203', 'CWE-134', 'CWE-281']","[-4.661349  -4.7307243 -4.744617  -4.984934  -5.00849   -5.0581427
 -5.149473  -5.290642  -5.355546  -5.5029855]",CWE-200
CVE-2018-10927,"['CWE-22', 'CWE-276', 'CWE-732', 'CWE-522', 'CWE-532', 'CWE-427', 'CWE-426', 'CWE-203', 'CWE-134', 'CWE-281']","[-4.620469  -4.7581835 -4.8008494 -5.034007  -5.073808  -5.0878325
 -5.188228  -5.337011  -5.3957734 -5.4605346]",CWE-200
CVE-2018-1118,"['CWE-22', 'CWE-732', 'CWE-276', 'CWE-522', 'CWE-532', 'CWE-203', 'CWE-426', 'CWE-427', 'CWE-281', 'CWE-134']","[-4.9286447 -5.036417  -5.0480123 -5.3407717 -5.354646  -5.4417033
 -5.444446  -5.460342  -5.5977187 -5.6555257]",CWE-200
CVE-2018-20237,"['CWE-22', 'CWE-732', 'CWE-276', 'CWE-522', 'CWE-532', 'CWE-427', 'CWE-203', 'CWE-134', 'CWE-426', 'CWE-552']","[-3.8135257 -3.9184232 -4.085838  -4.0884323 -4.401203  -4.604887
 -4.723779  -4.725933  -4.7480464 -4.927605 ]",CWE-200
CVE-2018-2028,"['CWE-22', 'CWE-522', 'CWE-427', 'CWE-732', 'CWE-276', 'CWE-532', 'CWE-426', 'CWE-203', 'CWE-428', 'CWE-281']","[-4.9566813 -5.308372  -5.36389   -5.4709754 -5.5073295 -5.528262
 -5.6098547 -5.7280135 -6.02436   -6.061256 ]",CWE-200
CVE-2018-21247,"['CWE-22', 'CWE-732', 'CWE-276', 'CWE-522', 'CWE-427', 'CWE-532', 'CWE-426', 'CWE-134', 'CWE-203', 'CWE-281']","[-4.305723  -4.4556    -4.501929  -4.66897   -4.753247  -4.7631464
 -4.80237   -5.0501814 -5.063802  -5.338301 ]",CWE-200
CVE-2018-6880,"['CWE-22', 'CWE-732', 'CWE-276', 'CWE-522', 'CWE-532', 'CWE-426', 'CWE-427', 'CWE-203', 'CWE-134', 'CWE-552']","[-3.3832777 -3.6112528 -3.7091446 -3.828438  -4.1336884 -4.196353
 -4.2643476 -4.4326167 -4.5477734 -4.635488 ]",CWE-200
CVE-2018-6910,"['CWE-22', 'CWE-732', 'CWE-522', 'CWE-276', 'CWE-532', 'CWE-427', 'CWE-426', 'CWE-134', 'CWE-203', 'CWE-552']","[-3.622484  -3.6989694 -3.8159003 -3.8582969 -4.215767  -4.3020267
 -4.430028  -4.489193  -4.64208   -4.65666  ]",CWE-200
CVE-2018-7227,"['CWE-22', 'CWE-276', 'CWE-732', 'CWE-522', 'CWE-532', 'CWE-427', 'CWE-426', 'CWE-134', 'CWE-203', 'CWE-209']","[-3.4646566 -3.4680767 -3.4793527 -3.8004553 -3.9280255 -4.0429173
 -4.0619493 -4.252411  -4.3640466 -4.4769287]",CWE-200
CVE-2018-7479,"['CWE-732', 'CWE-22', 'CWE-276', 'CWE-522', 'CWE-532', 'CWE-427', 'CWE-426', 'CWE-203', 'CWE-134', 'CWE-552']","[-3.6292853 -3.6496036 -3.8711581 -4.0011196 -4.1376853 -4.338098
 -4.4634495 -4.5179386 -4.534628  -4.6812687]",CWE-200
CVE-2019-10365,"['CWE-22', 'CWE-732', 'CWE-276', 'CWE-522', 'CWE-427', 'CWE-532', 'CWE-426', 'CWE-203', 'CWE-134', 'CWE-209']","[-3.71043   -3.7898886 -3.880293  -3.991066  -4.220059  -4.2655487
 -4.3530836 -4.530243  -4.6689963 -4.917013 ]",CWE-200
CVE-2019-10405,"['CWE-22', 'CWE-732', 'CWE-522', 'CWE-276', 'CWE-532', 'CWE-427', 'CWE-426', 'CWE-134', 'CWE-203', 'CWE-552']","[-3.4673238 -3.5239263 -3.730612  -3.7990496 -4.054842  -4.1087866
 -4.2832966 -4.2907114 -4.4767103 -4.5295305]",CWE-200
CVE-2019-10911,"['CWE-22', 'CWE-732', 'CWE-276', 'CWE-522', 'CWE-427', 'CWE-532', 'CWE-426', 'CWE-134', 'CWE-203', 'CWE-552']","[-3.5244527 -3.6881254 -3.746968  -3.779585  -4.1518264 -4.1963882
 -4.3060927 -4.340182  -4.4489393 -4.6173663]",CWE-200
CVE-2019-11857,"['CWE-276', 'CWE-22', 'CWE-732', 'CWE-522', 'CWE-532', 'CWE-427', 'CWE-426', 'CWE-134', 'CWE-203', 'CWE-209']","[-3.3926704 -3.4454434 -3.4768317 -3.7991755 -3.9319715 -4.050006
 -4.0537977 -4.246397  -4.3825836 -4.431039 ]",CWE-200
CVE-2019-13420,"['CWE-22', 'CWE-732', 'CWE-276', 'CWE-522', 'CWE-427', 'CWE-532', 'CWE-426', 'CWE-203', 'CWE-134', 'CWE-552']","[-3.772408  -3.880206  -3.9187405 -4.066677  -4.3284497 -4.331623
 -4.414481  -4.5929074 -4.7375283 -4.9638176]",CWE-200
CVE-2019-13511,"['CWE-22', 'CWE-732', 'CWE-276', 'CWE-522', 'CWE-532', 'CWE-426', 'CWE-427', 'CWE-134', 'CWE-203', 'CWE-552']","[-3.352224  -3.382585  -3.3890336 -3.6984403 -3.8481913 -3.9686403
 -3.9976263 -4.170699  -4.332557  -4.441362 ]",CWE-200
CVE-2019-13523,"['CWE-276', 'CWE-732', 'CWE-22', 'CWE-522', 'CWE-532', 'CWE-427', 'CWE-426', 'CWE-134', 'CWE-203', 'CWE-209']","[-3.3239434 -3.4058855 -3.4063087 -3.7176747 -3.8230083 -4.0228033
 -4.0239563 -4.1752987 -4.3136783 -4.412867 ]",CWE-200
CVE-2019-14885,"['CWE-22', 'CWE-732', 'CWE-522', 'CWE-276', 'CWE-427', 'CWE-532', 'CWE-426', 'CWE-203', 'CWE-134', 'CWE-209']","[-3.8130774 -4.0022264 -4.112352  -4.1212645 -4.255816  -4.259113
 -4.539312  -4.584852  -4.7725434 -4.831997 ]",CWE-200
CVE-2019-15576,"['CWE-22', 'CWE-732', 'CWE-522', 'CWE-276', 'CWE-532', 'CWE-427', 'CWE-426', 'CWE-134', 'CWE-552', 'CWE-203']","[-3.524813  -3.658018  -3.754531  -3.7783878 -4.1504793 -4.2034144
 -4.224324  -4.2281237 -4.529179  -4.5731106]",CWE-200
CVE-2019-15577,"['CWE-22', 'CWE-732', 'CWE-522', 'CWE-276', 'CWE-532', 'CWE-427', 'CWE-134', 'CWE-426', 'CWE-552', 'CWE-203']","[-3.63487   -3.763394  -3.868767  -3.8858094 -4.2692513 -4.2869554
 -4.3355865 -4.3359194 -4.654117  -4.680201 ]",CWE-200
CVE-2019-1573,"['CWE-22', 'CWE-732', 'CWE-276', 'CWE-522', 'CWE-532', 'CWE-427', 'CWE-426', 'CWE-203', 'CWE-134', 'CWE-209']","[-3.8670657 -3.8714087 -4.0136204 -4.125801  -4.2806516 -4.406417
 -4.411728  -4.5210013 -4.9316087 -4.9571   ]",CWE-200
CVE-2019-16782,"['CWE-22', 'CWE-732', 'CWE-276', 'CWE-522', 'CWE-532', 'CWE-426', 'CWE-427', 'CWE-203', 'CWE-134', 'CWE-209']","[-3.6679535 -3.7397246 -3.8554778 -3.950775  -4.198182  -4.237038
 -4.263203  -4.4572845 -4.7412724 -4.9033995]",CWE-200
CVE-2019-18332,"['CWE-22', 'CWE-732', 'CWE-276', 'CWE-522', 'CWE-532', 'CWE-427', 'CWE-426', 'CWE-134', 'CWE-203', 'CWE-552']","[-3.5460696 -3.6630707 -3.7979798 -3.9206815 -4.1367235 -4.2217197
 -4.2956777 -4.388931  -4.398     -4.609735 ]",CWE-200
CVE-2019-18823,"['CWE-287', 'CWE-522', 'CWE-863', 'CWE-732', 'CWE-295', 'CWE-306', 'CWE-798', 'CWE-862', 'CWE-276', 'CWE-521']","[-2.8118854 -2.910735  -3.0018342 -3.1155407 -3.1304326 -3.1330986
 -3.2560253 -3.473547  -3.5209575 -3.5312352]",CWE-269
CVE-2019-18947,"['CWE-22', 'CWE-732', 'CWE-276', 'CWE-522', 'CWE-532', 'CWE-427', 'CWE-426', 'CWE-203', 'CWE-134', 'CWE-552']","[-3.51495   -3.619847  -3.771854  -3.7942674 -4.019339  -4.1921434
 -4.324903  -4.4296246 -4.4503465 -4.6003613]",CWE-200
CVE-2019-3399,"['CWE-22', 'CWE-732', 'CWE-276', 'CWE-522', 'CWE-427', 'CWE-532', 'CWE-134', 'CWE-426', 'CWE-203', 'CWE-209']","[-3.6023715 -3.7418919 -3.8927584 -3.9583595 -4.243157  -4.250476
 -4.3915634 -4.4053516 -4.5885825 -4.713937 ]",CWE-200
CVE-2019-3401,"['CWE-22', 'CWE-732', 'CWE-276', 'CWE-522', 'CWE-532', 'CWE-427', 'CWE-134', 'CWE-426', 'CWE-203', 'CWE-209']","[-3.6256604 -3.7408116 -3.9024627 -3.96945   -4.2352324 -4.2687993
 -4.400156  -4.4160113 -4.5806866 -4.7430806]",CWE-200
CVE-2019-3569,"['CWE-22', 'CWE-732', 'CWE-276', 'CWE-522', 'CWE-427', 'CWE-532', 'CWE-134', 'CWE-426', 'CWE-203', 'CWE-552']","[-3.7081892 -3.7779982 -3.905776  -3.9647775 -4.2469034 -4.2492776
 -4.3761296 -4.3864737 -4.57131   -4.667662 ]",CWE-200
CVE-2019-3733,"['CWE-22', 'CWE-732', 'CWE-276', 'CWE-522', 'CWE-532', 'CWE-427', 'CWE-426', 'CWE-203', 'CWE-134', 'CWE-209']","[-3.4951823 -3.6310267 -3.7373664 -3.7392437 -3.9526556 -4.0677967
 -4.177213  -4.33437   -4.5253124 -4.6192565]",CWE-200
CVE-2019-3740,"['CWE-22', 'CWE-732', 'CWE-532', 'CWE-276', 'CWE-522', 'CWE-427', 'CWE-426', 'CWE-203', 'CWE-209', 'CWE-134']","[-4.124553  -4.1811366 -4.338426  -4.344826  -4.4402347 -4.671334
 -4.7545757 -4.7691736 -5.1053905 -5.220589 ]",CWE-200
CVE-2019-3816,"['CWE-22', 'CWE-276', 'CWE-732', 'CWE-532', 'CWE-203', 'CWE-522', 'CWE-426', 'CWE-427', 'CWE-281', 'CWE-134']","[-5.369789  -5.4367743 -5.4503627 -5.6408744 -5.716076  -5.7407665
 -5.81144   -5.8594913 -5.8792033 -6.1007247]",CWE-200
CVE-2019-3848,"['CWE-22', 'CWE-732', 'CWE-276', 'CWE-522', 'CWE-532', 'CWE-427', 'CWE-134', 'CWE-426', 'CWE-552', 'CWE-203']","[-3.6038773 -3.6915653 -3.7114544 -3.8387823 -4.1806955 -4.212989
 -4.31626   -4.3585315 -4.5985823 -4.6441536]",CWE-200
CVE-2019-3886,"['CWE-22', 'CWE-732', 'CWE-276', 'CWE-522', 'CWE-532', 'CWE-427', 'CWE-426', 'CWE-134', 'CWE-203', 'CWE-209']","[-4.0411143 -4.111782  -4.165133  -4.339918  -4.496849  -4.5386305
 -4.5488276 -4.674461  -4.8164663 -5.1390414]",CWE-200
CVE-2019-4471,"['CWE-22', 'CWE-732', 'CWE-522', 'CWE-276', 'CWE-532', 'CWE-427', 'CWE-426', 'CWE-134', 'CWE-203', 'CWE-552']","[-3.6486733 -3.6899772 -3.9092522 -3.9407287 -4.1926055 -4.252151
 -4.4461803 -4.44966   -4.596192  -4.6750097]",CWE-200
CVE-2019-4722,"['CWE-22', 'CWE-732', 'CWE-522', 'CWE-276', 'CWE-532', 'CWE-427', 'CWE-426', 'CWE-134', 'CWE-203', 'CWE-552']","[-3.6815774 -3.7553926 -3.9556088 -3.9764624 -4.24408   -4.2886615
 -4.4788427 -4.480045  -4.6416297 -4.7323475]",CWE-200
CVE-2019-7192,"['CWE-276', 'CWE-732', 'CWE-22', 'CWE-522', 'CWE-532', 'CWE-426', 'CWE-427', 'CWE-134', 'CWE-203', 'CWE-209']","[-3.388746  -3.4132965 -3.4569457 -3.784801  -3.9201133 -4.030902
 -4.056372  -4.253991  -4.3212194 -4.446501 ]",CWE-200
CVE-2019-7305,"['CWE-276', 'CWE-22', 'CWE-732', 'CWE-522', 'CWE-532', 'CWE-427', 'CWE-426', 'CWE-134', 'CWE-203', 'CWE-209']","[-3.403108  -3.4409776 -3.4880297 -3.8234823 -3.9502277 -4.0518136
 -4.059143  -4.253443  -4.397296  -4.5005517]",CWE-200
CVE-2019-7481,"['CWE-22', 'CWE-276', 'CWE-732', 'CWE-522', 'CWE-532', 'CWE-426', 'CWE-427', 'CWE-134', 'CWE-203', 'CWE-552']","[-3.3950436 -3.400929  -3.463834  -3.7581697 -3.893348  -4.0486555
 -4.057322  -4.193995  -4.39351   -4.469483 ]",CWE-200
CVE-2019-8283,"['CWE-22', 'CWE-732', 'CWE-276', 'CWE-522', 'CWE-532', 'CWE-427', 'CWE-426', 'CWE-203', 'CWE-134', 'CWE-209']","[-3.578043  -3.7238412 -3.743717  -3.9046903 -4.081572  -4.203701
 -4.2528496 -4.4099336 -4.6296406 -4.803329 ]",CWE-200
CVE-2019-9494,"['CWE-22', 'CWE-276', 'CWE-732', 'CWE-522', 'CWE-532', 'CWE-427', 'CWE-426', 'CWE-203', 'CWE-134', 'CWE-281']","[-4.3438644 -4.404411  -4.462455  -4.633592  -4.739954  -4.788161
 -4.874772  -4.9795637 -5.058048  -5.300952 ]",CWE-200
CVE-2019-9541,"['CWE-22', 'CWE-732', 'CWE-276', 'CWE-522', 'CWE-532', 'CWE-427', 'CWE-426', 'CWE-203', 'CWE-134', 'CWE-209']","[-3.5499816 -3.7125194 -3.8750563 -3.9243133 -4.0925612 -4.3031073
 -4.3790565 -4.5405073 -4.642619  -4.7495756]",CWE-200
CVE-2020-10264,"['CWE-276', 'CWE-22', 'CWE-732', 'CWE-522', 'CWE-532', 'CWE-426', 'CWE-427', 'CWE-134', 'CWE-203', 'CWE-209']","[-3.3588707 -3.367902  -3.425815  -3.7135038 -3.8660347 -3.9807603
 -4.005764  -4.212728  -4.3315887 -4.445289 ]",CWE-200
CVE-2020-10274,"['CWE-276', 'CWE-22', 'CWE-732', 'CWE-522', 'CWE-532', 'CWE-426', 'CWE-427', 'CWE-134', 'CWE-203', 'CWE-209']","[-3.3923168 -3.4278686 -3.485692  -3.7998025 -3.9295256 -4.023411
 -4.0512624 -4.201187  -4.344915  -4.4496775]",CWE-200
CVE-2020-10291,"['CWE-276', 'CWE-22', 'CWE-732', 'CWE-522', 'CWE-532', 'CWE-427', 'CWE-426', 'CWE-134', 'CWE-203', 'CWE-552']","[-3.3616476 -3.3895025 -3.399291  -3.7014873 -3.8944454 -3.9868922
 -4.0033765 -4.243125  -4.294493  -4.43532  ]",CWE-200
CVE-2020-10732,"['CWE-22', 'CWE-276', 'CWE-732', 'CWE-532', 'CWE-522', 'CWE-427', 'CWE-426', 'CWE-203', 'CWE-134', 'CWE-281']","[-4.812785  -4.9905343 -5.015397  -5.1779346 -5.269698  -5.2711515
 -5.2760158 -5.492723  -5.506541  -5.605143 ]",CWE-200
CVE-2020-10782,"['CWE-276', 'CWE-22', 'CWE-522', 'CWE-732', 'CWE-427', 'CWE-532', 'CWE-426', 'CWE-134', 'CWE-203', 'CWE-428']","[-2.6972592 -2.961975  -3.3553615 -3.3709865 -3.5821214 -3.5951245
 -3.6782131 -3.8340745 -4.1572385 -4.33113  ]",CWE-200
CVE-2020-10972,"['CWE-22', 'CWE-522', 'CWE-276', 'CWE-732', 'CWE-427', 'CWE-426', 'CWE-134', 'CWE-532', 'CWE-552', 'CWE-428']","[-2.7322958 -2.8692122 -2.9978125 -3.0864387 -3.1104472 -3.114213
 -3.2247832 -3.398288  -3.7211685 -4.06055  ]",CWE-200
CVE-2020-11009,"['CWE-22', 'CWE-732', 'CWE-276', 'CWE-522', 'CWE-532', 'CWE-427', 'CWE-426', 'CWE-203', 'CWE-134', 'CWE-209']","[-3.5493464 -3.6637576 -3.8126328 -3.8571007 -4.1108966 -4.197554
 -4.269338  -4.3969865 -4.607255  -4.7873845]",CWE-200
CVE-2020-11028,"['CWE-22', 'CWE-732', 'CWE-276', 'CWE-522', 'CWE-532', 'CWE-427', 'CWE-426', 'CWE-134', 'CWE-203', 'CWE-281']","[-3.7454286 -4.02225   -4.1148586 -4.21457   -4.4055815 -4.425282
 -4.461044  -4.6149693 -4.8535967 -4.963098 ]",CWE-200
CVE-2020-11547,"['CWE-22', 'CWE-732', 'CWE-276', 'CWE-522', 'CWE-532', 'CWE-427', 'CWE-426', 'CWE-134', 'CWE-203', 'CWE-552']","[-3.577593  -3.716171  -3.8596842 -3.9267638 -4.1351967 -4.3281107
 -4.351431  -4.4684005 -4.566779  -4.6811028]",CWE-200
CVE-2020-11946,"['CWE-22', 'CWE-522', 'CWE-732', 'CWE-276', 'CWE-427', 'CWE-532', 'CWE-426', 'CWE-134', 'CWE-203', 'CWE-552']","[-3.4935865 -3.7821264 -3.788355  -3.9635687 -4.1199    -4.257679
 -4.3184767 -4.5048428 -4.6055174 -4.816389 ]",CWE-200
CVE-2020-12112,"['CWE-22', 'CWE-732', 'CWE-276', 'CWE-522', 'CWE-532', 'CWE-427', 'CWE-426', 'CWE-203', 'CWE-134', 'CWE-552']","[-3.6279056 -3.6474316 -3.8245997 -3.9307125 -4.1680536 -4.3089447
 -4.3677583 -4.4695296 -4.4899087 -4.7175875]",CWE-200
CVE-2020-12494,"['CWE-276', 'CWE-22', 'CWE-732', 'CWE-522', 'CWE-532', 'CWE-427', 'CWE-426', 'CWE-134', 'CWE-203', 'CWE-552']","[-3.3051157 -3.3368073 -3.3471544 -3.6761558 -3.812088  -3.9657595
 -3.966069  -4.18015   -4.274639  -4.4131107]",CWE-200
CVE-2020-13179,"['CWE-732', 'CWE-22', 'CWE-276', 'CWE-522', 'CWE-532', 'CWE-427', 'CWE-426', 'CWE-203', 'CWE-134', 'CWE-428']","[-3.8324084 -3.8923779 -3.9253898 -4.0741644 -4.237694  -4.3368244
 -4.3744707 -4.495715  -4.8677616 -4.9017925]",CWE-200
CVE-2020-14370,"['CWE-22', 'CWE-732', 'CWE-276', 'CWE-522', 'CWE-532', 'CWE-427', 'CWE-426', 'CWE-203', 'CWE-134', 'CWE-209']","[-4.2453203 -4.321629  -4.338494  -4.4864864 -4.5981164 -4.7133083
 -4.853146  -4.8788624 -5.116012  -5.2362733]",CWE-200
CVE-2020-15080,"['CWE-22', 'CWE-732', 'CWE-522', 'CWE-276', 'CWE-427', 'CWE-532', 'CWE-134', 'CWE-426', 'CWE-203', 'CWE-552']","[-3.614904  -3.7817774 -3.815728  -3.959407  -4.231471  -4.237869
 -4.379076  -4.4930725 -4.6246443 -4.690303 ]",CWE-200
CVE-2020-15250,"['CWE-22', 'CWE-732', 'CWE-276', 'CWE-522', 'CWE-532', 'CWE-426', 'CWE-427', 'CWE-203', 'CWE-134', 'CWE-281']","[-3.989652  -4.116219  -4.1967373 -4.3742867 -4.466095  -4.546756
 -4.5739107 -4.83771   -4.858573  -5.0947785]",CWE-200
CVE-2020-15704,"['CWE-276', 'CWE-22', 'CWE-732', 'CWE-522', 'CWE-532', 'CWE-426', 'CWE-427', 'CWE-134', 'CWE-203', 'CWE-209']","[-3.3173969 -3.318262  -3.3643274 -3.7001467 -3.8304567 -3.9360168
 -3.973126  -4.1640444 -4.362264  -4.4349194]",CWE-200
CVE-2020-15794,"['CWE-22', 'CWE-732', 'CWE-276', 'CWE-522', 'CWE-532', 'CWE-427', 'CWE-426', 'CWE-203', 'CWE-134', 'CWE-209']","[-3.5134053 -3.5997148 -3.7678137 -3.8304935 -4.0217094 -4.138309
 -4.2148113 -4.3817887 -4.5411587 -4.7216353]",CWE-200
CVE-2020-15942,"['CWE-22', 'CWE-732', 'CWE-522', 'CWE-276', 'CWE-532', 'CWE-427', 'CWE-426', 'CWE-134', 'CWE-203', 'CWE-552']","[-3.562448  -3.644488  -3.8647566 -3.8674138 -4.074458  -4.2095265
 -4.3638754 -4.3775735 -4.5320396 -4.622959 ]",CWE-200
CVE-2020-1698,"['CWE-22', 'CWE-732', 'CWE-522', 'CWE-276', 'CWE-532', 'CWE-427', 'CWE-134', 'CWE-426', 'CWE-203', 'CWE-552']","[-3.5192158 -3.6629944 -3.7057338 -3.713372  -3.9957247 -4.0280323
 -4.236049  -4.3028326 -4.4780083 -4.5112786]",CWE-200
CVE-2020-1740,"['CWE-22', 'CWE-276', 'CWE-732', 'CWE-522', 'CWE-532', 'CWE-427', 'CWE-203', 'CWE-426', 'CWE-134', 'CWE-209']","[-4.0675945 -4.1929636 -4.2092276 -4.2393026 -4.4855576 -4.5033836
 -4.6373343 -4.654667  -4.863654  -4.9810286]",CWE-200
CVE-2020-1744,"['CWE-22', 'CWE-732', 'CWE-522', 'CWE-276', 'CWE-532', 'CWE-427', 'CWE-134', 'CWE-426', 'CWE-203', 'CWE-209']","[-3.5998833 -3.7086737 -3.8031578 -3.8279822 -4.0892873 -4.104285
 -4.3084865 -4.3824515 -4.544843  -4.5836573]",CWE-200
CVE-2020-1902,"['CWE-732', 'CWE-22', 'CWE-276', 'CWE-522', 'CWE-427', 'CWE-532', 'CWE-426', 'CWE-203', 'CWE-134', 'CWE-428']","[-3.9667358 -4.002144  -4.031546  -4.1125464 -4.376425  -4.512711
 -4.5963464 -4.665318  -4.954012  -5.030245 ]",CWE-200
CVE-2020-1926,"['CWE-22', 'CWE-732', 'CWE-276', 'CWE-522', 'CWE-532', 'CWE-427', 'CWE-426', 'CWE-203', 'CWE-134', 'CWE-552']","[-3.5370302 -3.6269119 -3.733733  -3.87248   -4.074195  -4.1634927
 -4.312555  -4.416272  -4.4828005 -4.6464467]",CWE-200
CVE-2020-1987,"['CWE-22', 'CWE-732', 'CWE-276', 'CWE-522', 'CWE-532', 'CWE-427', 'CWE-426', 'CWE-203', 'CWE-134', 'CWE-209']","[-3.69127   -3.806108  -3.883907  -3.9160647 -4.2109623 -4.2341833
 -4.33683   -4.4587955 -4.734913  -4.9293256]",CWE-200
CVE-2020-20470,"['CWE-276', 'CWE-22', 'CWE-732', 'CWE-522', 'CWE-532', 'CWE-427', 'CWE-426', 'CWE-134', 'CWE-203', 'CWE-209']","[-3.388165  -3.4482355 -3.4518144 -3.7867684 -3.8954084 -4.020316
 -4.0385447 -4.2551055 -4.3705006 -4.4455075]",CWE-200
CVE-2020-21997,"['CWE-22', 'CWE-732', 'CWE-276', 'CWE-522', 'CWE-532', 'CWE-426', 'CWE-427', 'CWE-134', 'CWE-203', 'CWE-209']","[-3.3430052 -3.4252093 -3.449305  -3.7297218 -3.9258149 -3.9956255
 -4.0157084 -4.2366285 -4.3586044 -4.5283546]",CWE-200
CVE-2020-22176,"['CWE-22', 'CWE-732', 'CWE-522', 'CWE-276', 'CWE-532', 'CWE-427', 'CWE-426', 'CWE-134', 'CWE-203', 'CWE-552']","[-3.4113617 -3.6144602 -3.7336302 -3.823571  -4.1213913 -4.220325
 -4.2498255 -4.4140725 -4.4784946 -4.6701903]",CWE-200
CVE-2020-23995,"['CWE-22', 'CWE-732', 'CWE-522', 'CWE-276', 'CWE-532', 'CWE-427', 'CWE-426', 'CWE-203', 'CWE-134', 'CWE-209']","[-3.5727    -3.6636143 -3.8846188 -3.9367578 -4.1928453 -4.3510027
 -4.413691  -4.526044  -4.5731807 -4.731542 ]",CWE-200
CVE-2020-25578,"['CWE-22', 'CWE-276', 'CWE-732', 'CWE-522', 'CWE-532', 'CWE-426', 'CWE-427', 'CWE-134', 'CWE-203', 'CWE-281']","[-3.7209778 -4.2209764 -4.2329655 -4.3201327 -4.5335407 -4.600875
 -4.61016   -4.6254783 -4.922632  -5.1267724]",CWE-200
CVE-2020-25579,"['CWE-22', 'CWE-276', 'CWE-732', 'CWE-522', 'CWE-532', 'CWE-426', 'CWE-427', 'CWE-134', 'CWE-203', 'CWE-209']","[-3.717493  -4.1941314 -4.203662  -4.3624363 -4.497779  -4.5687046
 -4.6441927 -4.6574273 -4.927269  -5.1114492]",CWE-200
CVE-2020-25662,"['CWE-22', 'CWE-732', 'CWE-276', 'CWE-522', 'CWE-427', 'CWE-426', 'CWE-532', 'CWE-203', 'CWE-134', 'CWE-281']","[-4.0621657 -4.2327166 -4.233632  -4.4022193 -4.5615463 -4.566642
 -4.5910606 -4.8288174 -4.8363295 -5.04989  ]",CWE-200
CVE-2020-28973,"['CWE-22', 'CWE-732', 'CWE-276', 'CWE-522', 'CWE-532', 'CWE-426', 'CWE-427', 'CWE-134', 'CWE-203', 'CWE-209']","[-3.3379622 -3.4021711 -3.4102144 -3.7347095 -3.9198897 -3.9566793
 -3.9913857 -4.205752  -4.3256507 -4.4301605]",CWE-200
CVE-2020-3360,"['CWE-276', 'CWE-22', 'CWE-732', 'CWE-522', 'CWE-532', 'CWE-426', 'CWE-427', 'CWE-134', 'CWE-203', 'CWE-209']","[-3.3709688 -3.380143  -3.426841  -3.7514348 -3.882503  -4.018874
 -4.039525  -4.2251773 -4.3616767 -4.45837  ]",CWE-200
CVE-2020-3391,"['CWE-22', 'CWE-732', 'CWE-276', 'CWE-522', 'CWE-532', 'CWE-427', 'CWE-426', 'CWE-203', 'CWE-134', 'CWE-552']","[-3.5110354 -3.6385021 -3.7276747 -3.7475314 -3.9955902 -4.114831
 -4.2419224 -4.4129734 -4.4418635 -4.6411777]",CWE-200
CVE-2020-3411,"['CWE-22', 'CWE-732', 'CWE-276', 'CWE-522', 'CWE-532', 'CWE-427', 'CWE-426', 'CWE-203', 'CWE-134', 'CWE-552']","[-3.5422728 -3.6153913 -3.7699344 -3.7995796 -4.053244  -4.255595
 -4.3437133 -4.43691   -4.491166  -4.649993 ]",CWE-200
CVE-2020-3472,"['CWE-22', 'CWE-732', 'CWE-522', 'CWE-276', 'CWE-532', 'CWE-427', 'CWE-426', 'CWE-134', 'CWE-203', 'CWE-552']","[-3.573634  -3.7272992 -3.7417052 -3.892101  -3.949526  -4.018615
 -4.2637525 -4.4447455 -4.488124  -4.668926 ]",CWE-200
CVE-2020-35518,"['CWE-22', 'CWE-732', 'CWE-276', 'CWE-522', 'CWE-532', 'CWE-427', 'CWE-426', 'CWE-134', 'CWE-203', 'CWE-209']","[-4.1583824 -4.2081585 -4.2497015 -4.5168986 -4.528093  -4.69194
 -4.753522  -4.841061  -4.893735  -5.137917 ]",CWE-200
CVE-2020-36289,"['CWE-22', 'CWE-732', 'CWE-276', 'CWE-522', 'CWE-532', 'CWE-427', 'CWE-134', 'CWE-426', 'CWE-203', 'CWE-209']","[-3.8651643 -3.9544144 -4.080931  -4.1980224 -4.419861  -4.54486
 -4.6456556 -4.693755  -4.79902   -4.895369 ]",CWE-200
CVE-2020-36319,"['CWE-732', 'CWE-22', 'CWE-276', 'CWE-522', 'CWE-532', 'CWE-427', 'CWE-203', 'CWE-426', 'CWE-134', 'CWE-209']","[-3.7270617 -3.8077033 -3.9402113 -3.9786458 -4.163505  -4.358799
 -4.389806  -4.3919272 -4.716802  -4.744603 ]",CWE-200
CVE-2020-5301,"['CWE-22', 'CWE-732', 'CWE-522', 'CWE-276', 'CWE-427', 'CWE-532', 'CWE-426', 'CWE-134', 'CWE-203', 'CWE-552']","[-3.629755  -3.7950838 -3.8358536 -3.8980367 -4.1930485 -4.244881
 -4.3827133 -4.4892917 -4.571447  -4.793612 ]",CWE-200
CVE-2020-7322,"['CWE-732', 'CWE-22', 'CWE-276', 'CWE-522', 'CWE-532', 'CWE-427', 'CWE-426', 'CWE-203', 'CWE-134', 'CWE-209']","[-3.6350176 -3.7243955 -3.767876  -3.9214005 -4.1198792 -4.2909365
 -4.3825026 -4.3886576 -4.4874597 -4.6568274]",CWE-200
CVE-2020-8151,"['CWE-22', 'CWE-732', 'CWE-276', 'CWE-522', 'CWE-532', 'CWE-427', 'CWE-426', 'CWE-203', 'CWE-134', 'CWE-209']","[-3.547435  -3.7370648 -3.883038  -3.9403515 -4.2034006 -4.28381
 -4.331825  -4.507196  -4.6161766 -4.8364697]",CWE-200
CVE-2020-8481,"['CWE-22', 'CWE-276', 'CWE-732', 'CWE-522', 'CWE-427', 'CWE-532', 'CWE-426', 'CWE-203', 'CWE-134', 'CWE-428']","[-3.5312893 -3.6323383 -3.7115023 -3.763404  -4.0294514 -4.0325513
 -4.2378693 -4.378972  -4.7286024 -4.7612658]",CWE-200
CVE-2020-9733,"['CWE-22', 'CWE-732', 'CWE-276', 'CWE-522', 'CWE-532', 'CWE-427', 'CWE-426', 'CWE-203', 'CWE-134', 'CWE-209']","[-3.8588614 -3.8898375 -4.0651994 -4.068595  -4.369234  -4.541635
 -4.595619  -4.7084837 -4.7606454 -4.877748 ]",CWE-200
CVE-2021-0204,"['CWE-732', 'CWE-276', 'CWE-22', 'CWE-522', 'CWE-532', 'CWE-427', 'CWE-134', 'CWE-426', 'CWE-203', 'CWE-209']","[-3.6476543 -3.6720138 -3.7836747 -3.9170501 -4.1946583 -4.3514905
 -4.3980966 -4.438839  -4.540907  -4.6177263]",CWE-200
CVE-2021-0212,"['CWE-22', 'CWE-732', 'CWE-276', 'CWE-522', 'CWE-532', 'CWE-427', 'CWE-426', 'CWE-203', 'CWE-134', 'CWE-209']","[-3.496027  -3.7562363 -3.8692393 -3.9052668 -4.1767726 -4.2254725
 -4.3045497 -4.4714885 -4.6486053 -4.831809 ]",CWE-200
CVE-2021-0321,"['CWE-22', 'CWE-276', 'CWE-732', 'CWE-522', 'CWE-134', 'CWE-427', 'CWE-426', 'CWE-532', 'CWE-552', 'CWE-209']","[-3.4415395 -3.5447245 -3.6842086 -3.792223  -4.0652833 -4.0872808
 -4.1367855 -4.159876  -4.415908  -4.505858 ]",CWE-200
CVE-2021-0403,"['CWE-22', 'CWE-276', 'CWE-732', 'CWE-522', 'CWE-427', 'CWE-134', 'CWE-426', 'CWE-532', 'CWE-552', 'CWE-209']","[-3.4284976 -3.564931  -3.7135425 -3.8049335 -4.100215  -4.1119723
 -4.1516156 -4.1650505 -4.469549  -4.5437903]",CWE-200
CVE-2021-0404,"['CWE-22', 'CWE-276', 'CWE-732', 'CWE-522', 'CWE-134', 'CWE-427', 'CWE-426', 'CWE-532', 'CWE-552', 'CWE-209']","[-3.409922  -3.5077386 -3.6466656 -3.7828426 -4.057406  -4.1020856
 -4.122411  -4.131298  -4.40389   -4.480821 ]",CWE-200
CVE-2021-0518,"['CWE-22', 'CWE-276', 'CWE-732', 'CWE-522', 'CWE-427', 'CWE-134', 'CWE-532', 'CWE-426', 'CWE-552', 'CWE-209']","[-3.4832397 -3.5671818 -3.7348278 -3.8591292 -4.1362557 -4.162506
 -4.188626  -4.205047  -4.5322657 -4.5661573]",CWE-200
CVE-2021-1562,"['CWE-276', 'CWE-22', 'CWE-732', 'CWE-522', 'CWE-532', 'CWE-427', 'CWE-426', 'CWE-134', 'CWE-203', 'CWE-209']","[-3.411239  -3.4470522 -3.4476726 -3.7454128 -3.899706  -3.9895844
 -4.0328593 -4.273484  -4.323476  -4.4868293]",CWE-200
CVE-2021-1725,"['CWE-22', 'CWE-732', 'CWE-276', 'CWE-522', 'CWE-532', 'CWE-427', 'CWE-426', 'CWE-203', 'CWE-134', 'CWE-428']","[-4.2749057 -4.3530135 -4.4636874 -4.603983  -4.665876  -4.7366886
 -4.793089  -4.8858    -5.287817  -5.327353 ]",CWE-200
CVE-2021-20019,"['CWE-732', 'CWE-22', 'CWE-276', 'CWE-522', 'CWE-532', 'CWE-427', 'CWE-203', 'CWE-134', 'CWE-426', 'CWE-552']","[-3.662009  -3.785955  -3.8531964 -3.9489522 -4.1928444 -4.370183
 -4.520355  -4.5410447 -4.5424395 -4.721232 ]",CWE-200
CVE-2021-20067,"['CWE-22', 'CWE-732', 'CWE-276', 'CWE-522', 'CWE-532', 'CWE-426', 'CWE-427', 'CWE-134', 'CWE-203', 'CWE-209']","[-3.3432827 -3.4525485 -3.453042  -3.7391555 -3.9512172 -3.992641
 -4.0331817 -4.202153  -4.3882713 -4.489895 ]",CWE-200
CVE-2021-20092,"['CWE-276', 'CWE-22', 'CWE-732', 'CWE-522', 'CWE-532', 'CWE-426', 'CWE-427', 'CWE-134', 'CWE-203', 'CWE-209']","[-3.3802204 -3.416721  -3.4536638 -3.7851758 -3.892051  -4.0278053
 -4.0760236 -4.1829343 -4.3748693 -4.459124 ]",CWE-200
CVE-2021-20114,"['CWE-22', 'CWE-732', 'CWE-522', 'CWE-276', 'CWE-532', 'CWE-427', 'CWE-426', 'CWE-203', 'CWE-134', 'CWE-552']","[-3.478121  -3.674919  -3.777631  -3.8702343 -4.076461  -4.1827474
 -4.320419  -4.431136  -4.4986157 -4.6495957]",CWE-200
CVE-2021-20239,"['CWE-22', 'CWE-732', 'CWE-276', 'CWE-522', 'CWE-134', 'CWE-426', 'CWE-427', 'CWE-532', 'CWE-203', 'CWE-209']","[-3.7453437 -3.9223447 -3.9880192 -4.0881586 -4.1998906 -4.2556276
 -4.314204  -4.3215947 -4.588249  -4.6882863]",CWE-200
CVE-2021-20281,"['CWE-22', 'CWE-732', 'CWE-276', 'CWE-522', 'CWE-532', 'CWE-427', 'CWE-426', 'CWE-134', 'CWE-203', 'CWE-209']","[-3.744122  -4.011967  -4.0838385 -4.1251545 -4.375994  -4.376281
 -4.4183164 -4.4884033 -4.785175  -4.9159656]",CWE-200
CVE-2021-20409,"['CWE-22', 'CWE-732', 'CWE-276', 'CWE-522', 'CWE-532', 'CWE-427', 'CWE-426', 'CWE-134', 'CWE-203', 'CWE-209']","[-3.4074843 -3.4357805 -3.4421916 -3.7915938 -3.9485269 -4.023253
 -4.055773  -4.2618794 -4.3555684 -4.476607 ]",CWE-200
CVE-2021-20564,"['CWE-22', 'CWE-732', 'CWE-276', 'CWE-522', 'CWE-532', 'CWE-427', 'CWE-426', 'CWE-203', 'CWE-134', 'CWE-209']","[-3.5592163 -3.5906827 -3.8231351 -3.8538804 -4.0991983 -4.199787
 -4.323016  -4.3646536 -4.4548173 -4.6108675]",CWE-200
CVE-2021-21137,"['CWE-22', 'CWE-276', 'CWE-732', 'CWE-522', 'CWE-426', 'CWE-427', 'CWE-532', 'CWE-134', 'CWE-203', 'CWE-552']","[-3.7341285 -3.951419  -4.005188  -4.0329633 -4.424342  -4.4556093
 -4.5674605 -4.6513133 -4.71706   -4.986564 ]",CWE-200
CVE-2021-21217,"['CWE-22', 'CWE-732', 'CWE-276', 'CWE-522', 'CWE-426', 'CWE-427', 'CWE-532', 'CWE-134', 'CWE-203', 'CWE-428']","[-4.0156903 -4.335401  -4.3890953 -4.45051   -4.6246104 -4.631628
 -4.7304416 -4.9314065 -4.970507  -5.312203 ]",CWE-200
CVE-2021-21219,"['CWE-22', 'CWE-276', 'CWE-732', 'CWE-522', 'CWE-426', 'CWE-427', 'CWE-532', 'CWE-134', 'CWE-203', 'CWE-209']","[-4.094255  -4.327588  -4.3403177 -4.455664  -4.6324425 -4.65855
 -4.7187266 -4.9411917 -4.980627  -5.356758 ]",CWE-200
CVE-2021-21421,"['CWE-22', 'CWE-732', 'CWE-276', 'CWE-522', 'CWE-532', 'CWE-427', 'CWE-426', 'CWE-203', 'CWE-134', 'CWE-209']","[-3.6011624 -3.743468  -3.8510096 -3.9116225 -4.214295  -4.2333612
 -4.283479  -4.4267993 -4.698941  -4.9024024]",CWE-200
CVE-2021-21590,"['CWE-22', 'CWE-732', 'CWE-276', 'CWE-522', 'CWE-532', 'CWE-427', 'CWE-426', 'CWE-203', 'CWE-428', 'CWE-209']","[-4.1340265 -4.196572  -4.252526  -4.2800236 -4.3522005 -4.4956484
 -4.6757646 -4.702233  -5.0867763 -5.214224 ]",CWE-200
CVE-2021-21591,"['CWE-22', 'CWE-732', 'CWE-276', 'CWE-522', 'CWE-532', 'CWE-427', 'CWE-426', 'CWE-203', 'CWE-428', 'CWE-209']","[-4.187313  -4.208529  -4.249445  -4.3239284 -4.3468323 -4.517649
 -4.714148  -4.7244563 -5.107132  -5.23292  ]",CWE-200
CVE-2021-21722,"['CWE-22', 'CWE-276', 'CWE-732', 'CWE-522', 'CWE-532', 'CWE-426', 'CWE-427', 'CWE-134', 'CWE-203', 'CWE-209']","[-3.3911476 -3.4643261 -3.4803019 -3.8025525 -3.9794912 -4.0257525
 -4.064995  -4.250411  -4.469914  -4.5671887]",CWE-200
CVE-2021-22134,"['CWE-732', 'CWE-22', 'CWE-276', 'CWE-522', 'CWE-532', 'CWE-427', 'CWE-426', 'CWE-203', 'CWE-134', 'CWE-552']","[-3.5779603 -3.7051022 -3.8171883 -4.006162  -4.0786796 -4.3678975
 -4.4179935 -4.419342  -4.441929  -4.619522 ]",CWE-200
CVE-2021-22137,"['CWE-732', 'CWE-22', 'CWE-276', 'CWE-522', 'CWE-532', 'CWE-427', 'CWE-426', 'CWE-203', 'CWE-134', 'CWE-552']","[-3.49055   -3.5743716 -3.729181  -3.8961668 -4.0277405 -4.2592072
 -4.3069983 -4.346826  -4.3657637 -4.5069685]",CWE-200
CVE-2021-22169,"['CWE-22', 'CWE-732', 'CWE-522', 'CWE-276', 'CWE-532', 'CWE-427', 'CWE-426', 'CWE-134', 'CWE-552', 'CWE-203']","[-3.5787013 -3.7041228 -3.785398  -3.824006  -4.189018  -4.2547574
 -4.263765  -4.291295  -4.570579  -4.630784 ]",CWE-200
CVE-2021-22184,"['CWE-22', 'CWE-732', 'CWE-522', 'CWE-276', 'CWE-532', 'CWE-427', 'CWE-426', 'CWE-134', 'CWE-552', 'CWE-203']","[-3.5260985 -3.6579409 -3.7589567 -3.7968051 -4.1352563 -4.188795
 -4.2097235 -4.254309  -4.5560894 -4.5890007]",CWE-200
CVE-2021-22233,"['CWE-22', 'CWE-732', 'CWE-522', 'CWE-276', 'CWE-532', 'CWE-427', 'CWE-426', 'CWE-134', 'CWE-552', 'CWE-203']","[-3.6076193 -3.7291973 -3.82773   -3.8700626 -4.2282076 -4.259766
 -4.2942314 -4.2972193 -4.6063104 -4.6591105]",CWE-200
CVE-2021-22892,"['CWE-732', 'CWE-22', 'CWE-276', 'CWE-522', 'CWE-532', 'CWE-427', 'CWE-426', 'CWE-203', 'CWE-134', 'CWE-552']","[-3.5409417 -3.5413435 -3.7882981 -3.8051193 -4.0484324 -4.2178297
 -4.310342  -4.3762274 -4.548972  -4.609255 ]",CWE-200
CVE-2021-23386,"['CWE-276', 'CWE-22', 'CWE-732', 'CWE-522', 'CWE-532', 'CWE-426', 'CWE-427', 'CWE-134', 'CWE-203', 'CWE-552']","[-3.3413239 -3.3628716 -3.448178  -3.7240267 -3.9054792 -3.97918
 -3.9951644 -4.2204223 -4.3466187 -4.4854093]",CWE-200
CVE-2021-2401,"['CWE-22', 'CWE-276', 'CWE-732', 'CWE-522', 'CWE-427', 'CWE-426', 'CWE-532', 'CWE-134', 'CWE-203', 'CWE-281']","[-3.7159953 -4.1012154 -4.1258426 -4.135038  -4.3166547 -4.382382
 -4.393243  -4.6543703 -4.7646785 -4.9758897]",CWE-200
CVE-2021-24084,"['CWE-22', 'CWE-276', 'CWE-522', 'CWE-732', 'CWE-281', 'CWE-427', 'CWE-532', 'CWE-426', 'CWE-134', 'CWE-203']","[-4.558595  -5.472075  -5.4866185 -5.5539365 -5.564113  -5.6023903
 -5.616104  -5.618948  -5.878733  -6.2435565]",CWE-200
CVE-2021-24122,"['CWE-22', 'CWE-732', 'CWE-276', 'CWE-522', 'CWE-532', 'CWE-427', 'CWE-426', 'CWE-134', 'CWE-203', 'CWE-209']","[-3.9583619 -4.0790334 -4.2032003 -4.3677855 -4.518835  -4.5827613
 -4.6066685 -4.6655736 -4.856003  -5.1129103]",CWE-200
CVE-2021-24163,"['CWE-732', 'CWE-22', 'CWE-276', 'CWE-522', 'CWE-532', 'CWE-427', 'CWE-426', 'CWE-203', 'CWE-134', 'CWE-209']","[-3.619918  -3.6936417 -3.8476477 -3.916336  -4.1891184 -4.326583
 -4.4705663 -4.4919643 -4.5165634 -4.7191625]",CWE-200
CVE-2021-24164,"['CWE-732', 'CWE-22', 'CWE-276', 'CWE-522', 'CWE-532', 'CWE-427', 'CWE-426', 'CWE-203', 'CWE-134', 'CWE-552']","[-3.5667036 -3.582901  -3.765671  -3.84467   -4.0831633 -4.252151
 -4.3707366 -4.4103007 -4.525029  -4.6114674]",CWE-200
CVE-2021-25364,"['CWE-22', 'CWE-276', 'CWE-732', 'CWE-522', 'CWE-134', 'CWE-427', 'CWE-532', 'CWE-426', 'CWE-552', 'CWE-209']","[-3.5014453 -3.5567863 -3.6866825 -3.82983   -4.1214666 -4.1468716
 -4.189801  -4.2100897 -4.462368  -4.531038 ]",CWE-200
CVE-2021-25809,"['CWE-22', 'CWE-732', 'CWE-522', 'CWE-276', 'CWE-532', 'CWE-427', 'CWE-426', 'CWE-203', 'CWE-134', 'CWE-552']","[-3.4644728 -3.5766077 -3.6939497 -3.7023067 -4.067316  -4.182575
 -4.296467  -4.391662  -4.487276  -4.5482607]",CWE-200
CVE-2021-27434,"['CWE-276', 'CWE-22', 'CWE-732', 'CWE-522', 'CWE-532', 'CWE-426', 'CWE-427', 'CWE-134', 'CWE-203', 'CWE-209']","[-3.4372857 -3.450249  -3.5098598 -3.8056505 -3.9394884 -4.0947237
 -4.0977683 -4.2635245 -4.395496  -4.478547 ]",CWE-200
CVE-2021-27583,"['CWE-732', 'CWE-22', 'CWE-276', 'CWE-522', 'CWE-532', 'CWE-426', 'CWE-427', 'CWE-203', 'CWE-134', 'CWE-552']","[-3.542829  -3.5584433 -3.6440053 -3.8311665 -3.9776554 -4.1714897
 -4.198939  -4.2653747 -4.5195208 -4.5851803]",CWE-200
CVE-2021-28323,"['CWE-22', 'CWE-281', 'CWE-276', 'CWE-522', 'CWE-732', 'CWE-532', 'CWE-427', 'CWE-426', 'CWE-134', 'CWE-203']","[-5.339588  -6.128213  -6.231529  -6.283351  -6.3478055 -6.407271
 -6.424894  -6.4618716 -6.680869  -7.0097585]",CWE-200
CVE-2021-29043,"['CWE-22', 'CWE-732', 'CWE-276', 'CWE-522', 'CWE-532', 'CWE-427', 'CWE-426', 'CWE-203', 'CWE-134', 'CWE-209']","[-3.8319342 -3.9248302 -4.1481776 -4.212902  -4.33064   -4.4616528
 -4.6169205 -4.6341634 -4.6801353 -4.7336607]",CWE-200
CVE-2021-29247,"['CWE-22', 'CWE-732', 'CWE-276', 'CWE-522', 'CWE-532', 'CWE-427', 'CWE-426', 'CWE-203', 'CWE-134', 'CWE-552']","[-3.636057  -3.812569  -3.8841646 -3.925437  -4.243276  -4.260901
 -4.328789  -4.499054  -4.6284246 -4.86644  ]",CWE-200
CVE-2021-29248,"['CWE-22', 'CWE-732', 'CWE-276', 'CWE-522', 'CWE-532', 'CWE-426', 'CWE-427', 'CWE-203', 'CWE-134', 'CWE-552']","[-3.5046177 -3.650261  -3.7715056 -3.819066  -4.078113  -4.158475
 -4.1664977 -4.3806963 -4.522878  -4.7692986]",CWE-200
CVE-2021-30168,"['CWE-22', 'CWE-276', 'CWE-732', 'CWE-522', 'CWE-532', 'CWE-426', 'CWE-427', 'CWE-134', 'CWE-203', 'CWE-209']","[-3.355202  -3.379856  -3.3899093 -3.7192316 -3.898426  -3.9877229
 -3.998024  -4.206853  -4.369692  -4.4773216]",CWE-200
CVE-2021-30169,"['CWE-276', 'CWE-732', 'CWE-22', 'CWE-522', 'CWE-532', 'CWE-427', 'CWE-426', 'CWE-134', 'CWE-203', 'CWE-209']","[-3.3903887 -3.4907792 -3.5123713 -3.7897813 -3.934694  -4.0323005
 -4.067543  -4.2789397 -4.3589487 -4.47888  ]",CWE-200
CVE-2021-3031,"['CWE-276', 'CWE-22', 'CWE-732', 'CWE-522', 'CWE-532', 'CWE-426', 'CWE-427', 'CWE-134', 'CWE-203', 'CWE-209']","[-3.4567723 -3.4845932 -3.5312161 -3.8864465 -4.0268703 -4.075674
 -4.087277  -4.312063  -4.4770684 -4.5403004]",CWE-200
CVE-2021-30638,"['CWE-22', 'CWE-732', 'CWE-276', 'CWE-522', 'CWE-532', 'CWE-427', 'CWE-426', 'CWE-203', 'CWE-134', 'CWE-552']","[-3.4629264 -3.5864606 -3.6438594 -3.7857554 -3.9997625 -4.1082134
 -4.235006  -4.344262  -4.395228  -4.5873947]",CWE-200
CVE-2021-3113,"['CWE-22', 'CWE-732', 'CWE-276', 'CWE-522', 'CWE-532', 'CWE-426', 'CWE-427', 'CWE-203', 'CWE-134', 'CWE-552']","[-3.4329972 -3.6227496 -3.714017  -3.821507  -4.0358825 -4.1573687
 -4.1879816 -4.3757153 -4.6062737 -4.7821746]",CWE-200
CVE-2021-31174,"['CWE-22', 'CWE-276', 'CWE-732', 'CWE-532', 'CWE-522', 'CWE-426', 'CWE-427', 'CWE-281', 'CWE-203', 'CWE-134']","[-4.8415914 -5.082703  -5.3613186 -5.43836   -5.450382  -5.689195
 -5.697562  -5.78664   -5.8687243 -5.911496 ]",CWE-200
CVE-2021-31178,"['CWE-22', 'CWE-276', 'CWE-732', 'CWE-532', 'CWE-522', 'CWE-427', 'CWE-426', 'CWE-281', 'CWE-203', 'CWE-134']","[-4.842297  -5.1535516 -5.4373164 -5.4922123 -5.5255876 -5.7458825
 -5.7635803 -5.7684827 -5.9187446 -5.9700418]",CWE-200
CVE-2021-31546,"['CWE-22', 'CWE-732', 'CWE-522', 'CWE-276', 'CWE-427', 'CWE-532', 'CWE-134', 'CWE-426', 'CWE-552', 'CWE-203']","[-3.6655142 -3.743623  -3.8414164 -3.9482532 -4.3038387 -4.308751
 -4.3969407 -4.4334865 -4.6883473 -4.6930757]",CWE-200
CVE-2021-3167,"['CWE-22', 'CWE-732', 'CWE-276', 'CWE-522', 'CWE-532', 'CWE-427', 'CWE-426', 'CWE-203', 'CWE-134', 'CWE-209']","[-3.5693448 -3.712883  -3.8304558 -3.9262695 -4.1063495 -4.169961
 -4.2627854 -4.5233183 -4.616721  -4.765161 ]",CWE-200
CVE-2021-31918,"['CWE-22', 'CWE-732', 'CWE-522', 'CWE-276', 'CWE-427', 'CWE-532', 'CWE-426', 'CWE-203', 'CWE-134', 'CWE-552']","[-3.7330904 -3.8718915 -3.939972  -3.9463403 -4.2091956 -4.26401
 -4.339933  -4.4810553 -4.6233616 -4.8537216]",CWE-200
CVE-2021-32453,"['CWE-22', 'CWE-276', 'CWE-732', 'CWE-522', 'CWE-532', 'CWE-426', 'CWE-427', 'CWE-134', 'CWE-203', 'CWE-209']","[-3.419723  -3.4499311 -3.490946  -3.82933   -3.954526  -4.063842
 -4.0732193 -4.2958465 -4.409578  -4.495309 ]",CWE-200
CVE-2021-32658,"['CWE-22', 'CWE-732', 'CWE-276', 'CWE-522', 'CWE-427', 'CWE-532', 'CWE-426', 'CWE-203', 'CWE-134', 'CWE-552']","[-3.5640879 -3.6454134 -3.7861962 -3.8027995 -4.046398  -4.0849185
 -4.2558527 -4.390563  -4.4673486 -4.6178145]",CWE-200
CVE-2021-32712,"['CWE-22', 'CWE-732', 'CWE-522', 'CWE-276', 'CWE-427', 'CWE-532', 'CWE-426', 'CWE-134', 'CWE-203', 'CWE-552']","[-3.4823885 -3.6237493 -3.7877805 -3.8607683 -4.171201  -4.1863375
 -4.312788  -4.448089  -4.4827127 -4.653517 ]",CWE-200
CVE-2021-32716,"['CWE-22', 'CWE-732', 'CWE-522', 'CWE-276', 'CWE-532', 'CWE-427', 'CWE-426', 'CWE-134', 'CWE-203', 'CWE-552']","[-3.5912762 -3.6933775 -3.8535435 -3.8983998 -4.2308125 -4.248153
 -4.3941116 -4.4958344 -4.4973383 -4.6852217]",CWE-200
CVE-2021-32717,"['CWE-22', 'CWE-732', 'CWE-276', 'CWE-522', 'CWE-427', 'CWE-532', 'CWE-426', 'CWE-134', 'CWE-203', 'CWE-552']","[-3.5523918 -3.6432753 -3.813855  -3.8271532 -4.170699  -4.220714
 -4.360806  -4.4735627 -4.4787374 -4.6563883]",CWE-200
CVE-2021-32750,"['CWE-22', 'CWE-276', 'CWE-732', 'CWE-522', 'CWE-532', 'CWE-426', 'CWE-427', 'CWE-134', 'CWE-203', 'CWE-209']","[-3.3443775 -3.4166086 -3.43202   -3.7020006 -3.887375  -3.9958107
 -4.040694  -4.209988  -4.40642   -4.4834657]",CWE-200
CVE-2021-32817,"['CWE-22', 'CWE-276', 'CWE-732', 'CWE-522', 'CWE-532', 'CWE-427', 'CWE-426', 'CWE-134', 'CWE-203', 'CWE-209']","[-3.3902755 -3.417871  -3.4262893 -3.7419875 -3.9014966 -4.007188
 -4.0151567 -4.235827  -4.3749595 -4.5122347]",CWE-200
CVE-2021-32820,"['CWE-276', 'CWE-22', 'CWE-732', 'CWE-522', 'CWE-532', 'CWE-427', 'CWE-426', 'CWE-134', 'CWE-203', 'CWE-209']","[-3.509891  -3.5481355 -3.5685978 -3.8728752 -4.0345535 -4.172256
 -4.184446  -4.312917  -4.4819307 -4.563852 ]",CWE-200
CVE-2021-32925,"['CWE-22', 'CWE-732', 'CWE-276', 'CWE-522', 'CWE-532', 'CWE-427', 'CWE-426', 'CWE-203', 'CWE-134', 'CWE-552']","[-3.4599993 -3.625571  -3.8116121 -3.8391886 -4.0997844 -4.249549
 -4.289025  -4.4325066 -4.5648093 -4.680004 ]",CWE-200
CVE-2021-33038,"['CWE-22', 'CWE-732', 'CWE-276', 'CWE-522', 'CWE-427', 'CWE-426', 'CWE-532', 'CWE-134', 'CWE-203', 'CWE-281']","[-3.930113  -4.072204  -4.1541104 -4.240181  -4.4182315 -4.428547
 -4.4645605 -4.6754785 -4.7471867 -4.986445 ]",CWE-200
CVE-2021-33838,"['CWE-22', 'CWE-732', 'CWE-276', 'CWE-522', 'CWE-532', 'CWE-426', 'CWE-427', 'CWE-134', 'CWE-203', 'CWE-209']","[-3.3899004 -3.409115  -3.4290433 -3.7086544 -3.9119797 -4.007271
 -4.065969  -4.2578177 -4.3262563 -4.4896426]",CWE-200
CVE-2021-3426,"['CWE-22', 'CWE-276', 'CWE-732', 'CWE-532', 'CWE-522', 'CWE-427', 'CWE-426', 'CWE-134', 'CWE-203', 'CWE-281']","[-4.482265  -4.6506333 -4.6604724 -4.861888  -4.8843985 -4.95395
 -5.0127883 -5.200314  -5.2922463 -5.4307585]",CWE-200
CVE-2021-3565,"['CWE-200', 'CWE-22', 'CWE-94', 'CWE-59', 'CWE-119', 'CWE-400', 'CWE-787', 'CWE-125', 'CWE-732', 'CWE-434']","[-2.2633228 -3.3606896 -3.401748  -3.429564  -3.4500031 -3.582524
 -3.5891945 -3.6124613 -3.6200156 -3.6266186]",CWE-665
CVE-2017-2662,"['CWE-287', 'CWE-863', 'CWE-295', 'CWE-522', 'CWE-732', 'CWE-862', 'CWE-306', 'CWE-276', 'CWE-290', 'CWE-798']","[-3.3703153 -3.4198105 -3.5155182 -3.6172    -3.6492958 -3.8029652
 -3.9436736 -3.9529898 -4.109892  -4.116334 ]",CWE-269
CVE-2019-14819,"['CWE-295', 'CWE-863', 'CWE-287', 'CWE-522', 'CWE-732', 'CWE-862', 'CWE-346', 'CWE-306', 'CWE-290', 'CWE-276']","[-3.4682338 -3.5375118 -3.5893393 -3.6763828 -3.8157961 -3.9159017
 -3.9490697 -4.1021085 -4.1119356 -4.1256385]",CWE-269
CVE-2019-19345,"['CWE-863', 'CWE-287', 'CWE-732', 'CWE-862', 'CWE-522', 'CWE-295', 'CWE-306', 'CWE-276', 'CWE-798', 'CWE-290']","[-3.3054717 -3.3574595 -3.4353802 -3.592915  -3.6975985 -3.727097
 -3.8523753 -3.938175  -4.0805173 -4.088011 ]",CWE-269
CVE-2019-19351,"['CWE-863', 'CWE-287', 'CWE-732', 'CWE-862', 'CWE-522', 'CWE-295', 'CWE-306', 'CWE-276', 'CWE-798', 'CWE-290']","[-3.2626424 -3.2888942 -3.387702  -3.57708   -3.6568427 -3.7225873
 -3.8181784 -3.9118607 -4.0172853 -4.0921073]",CWE-269
CVE-2019-19354,"['CWE-863', 'CWE-287', 'CWE-295', 'CWE-862', 'CWE-732', 'CWE-522', 'CWE-306', 'CWE-276', 'CWE-798', 'CWE-346']","[-3.180975  -3.28756   -3.3394816 -3.4109457 -3.4326854 -3.655286
 -3.6581414 -3.664875  -3.9000273 -4.185403 ]",CWE-269
CVE-2019-19355,"['CWE-863', 'CWE-287', 'CWE-732', 'CWE-862', 'CWE-295', 'CWE-522', 'CWE-306', 'CWE-276', 'CWE-798', 'CWE-290']","[-3.3045418 -3.4099262 -3.4358003 -3.626199  -3.7576792 -3.7695005
 -3.894816  -3.9520712 -4.1106873 -4.159494 ]",CWE-269
CVE-2019-5644,"['CWE-287', 'CWE-863', 'CWE-295', 'CWE-732', 'CWE-522', 'CWE-862', 'CWE-276', 'CWE-306', 'CWE-798', 'CWE-346']","[-3.4385018 -3.4872322 -3.5528603 -3.6565318 -3.7147074 -3.877177
 -3.9070282 -3.9393587 -4.1655464 -4.2012973]",CWE-269
CVE-2020-0417,"['CWE-863', 'CWE-862', 'CWE-287', 'CWE-306', 'CWE-732', 'CWE-522', 'CWE-798', 'CWE-295', 'CWE-276', 'CWE-307']","[-3.2941842 -3.295076  -3.3250759 -3.5217423 -3.5283732 -3.6065216
 -3.7284887 -3.7301307 -3.7457395 -4.1407347]",CWE-269
CVE-2020-0787,"['CWE-287', 'CWE-295', 'CWE-863', 'CWE-281', 'CWE-522', 'CWE-732', 'CWE-862', 'CWE-276', 'CWE-306', 'CWE-798']","[-5.637421  -5.735016  -6.0092845 -6.013683  -6.1373844 -6.153509
 -6.193252  -6.291154  -6.3148623 -6.3678436]",CWE-269
CVE-2020-10138,"['CWE-295', 'CWE-287', 'CWE-863', 'CWE-732', 'CWE-522', 'CWE-276', 'CWE-862', 'CWE-306', 'CWE-346', 'CWE-290']","[-3.8197744 -3.8836396 -3.9277916 -4.0686665 -4.225398  -4.3241143
 -4.339483  -4.4769955 -4.6121464 -4.6202908]",CWE-269
CVE-2020-10139,"['CWE-287', 'CWE-863', 'CWE-295', 'CWE-732', 'CWE-522', 'CWE-862', 'CWE-276', 'CWE-306', 'CWE-798', 'CWE-346']","[-3.3840358 -3.4192255 -3.4826481 -3.61159   -3.6644855 -3.8208287
 -3.8505814 -3.976544  -4.135563  -4.1629705]",CWE-269
CVE-2020-10143,"['CWE-295', 'CWE-287', 'CWE-863', 'CWE-732', 'CWE-522', 'CWE-862', 'CWE-276', 'CWE-306', 'CWE-346', 'CWE-798']","[-3.5924585 -3.6124167 -3.6491878 -3.8099208 -3.8442643 -3.9509633
 -4.0074677 -4.047774  -4.197704  -4.3158035]",CWE-269
CVE-2020-10699,"['CWE-287', 'CWE-863', 'CWE-295', 'CWE-732', 'CWE-522', 'CWE-276', 'CWE-862', 'CWE-306', 'CWE-798', 'CWE-290']","[-3.5074205 -3.6154118 -3.6280587 -3.7661788 -3.8392143 -3.847153
 -3.9123049 -4.0308537 -4.253682  -4.260413 ]",CWE-269
CVE-2020-11033,"['CWE-287', 'CWE-863', 'CWE-732', 'CWE-862', 'CWE-522', 'CWE-295', 'CWE-306', 'CWE-798', 'CWE-276', 'CWE-307']","[-3.3049061 -3.354386  -3.509048  -3.6044679 -3.7088192 -3.7652297
 -3.769959  -3.9249685 -3.951657  -4.144427 ]",CWE-269
CVE-2020-11469,"['CWE-295', 'CWE-287', 'CWE-863', 'CWE-732', 'CWE-522', 'CWE-862', 'CWE-276', 'CWE-306', 'CWE-346', 'CWE-290']","[-3.4269543 -3.5498505 -3.5586088 -3.7800999 -3.7952933 -3.922537
 -4.006562  -4.1085815 -4.1194744 -4.3054976]",CWE-269
CVE-2020-11492,"['CWE-863', 'CWE-287', 'CWE-295', 'CWE-732', 'CWE-862', 'CWE-276', 'CWE-306', 'CWE-522', 'CWE-798', 'CWE-346']","[-3.1173155 -3.331637  -3.3357792 -3.3904824 -3.3944151 -3.6324978
 -3.6690145 -3.669785  -3.9176207 -4.113443 ]",CWE-269
CVE-2020-11967,"['CWE-863', 'CWE-287', 'CWE-295', 'CWE-732', 'CWE-862', 'CWE-522', 'CWE-276', 'CWE-306', 'CWE-798', 'CWE-290']","[-3.0105286 -3.1654031 -3.2210805 -3.2867627 -3.2913055 -3.51258
 -3.53669   -3.5623393 -3.8080776 -4.0362597]",CWE-269
CVE-2020-13173,"['CWE-295', 'CWE-863', 'CWE-287', 'CWE-732', 'CWE-522', 'CWE-862', 'CWE-276', 'CWE-346', 'CWE-306', 'CWE-290']","[-3.606878  -3.7102838 -3.784138  -3.8565545 -3.9772797 -4.146005
 -4.193238  -4.349342  -4.3601446 -4.410403 ]",CWE-269
CVE-2020-13534,"['CWE-863', 'CWE-287', 'CWE-295', 'CWE-732', 'CWE-862', 'CWE-522', 'CWE-276', 'CWE-306', 'CWE-798', 'CWE-346']","[-3.0606508 -3.2228339 -3.2829356 -3.3431065 -3.360722  -3.5707765
 -3.5904343 -3.6164644 -3.8706336 -4.0921636]",CWE-269
CVE-2020-14306,"['CWE-287', 'CWE-295', 'CWE-863', 'CWE-732', 'CWE-522', 'CWE-862', 'CWE-306', 'CWE-276', 'CWE-346', 'CWE-798']","[-3.5781493 -3.6093976 -3.6386082 -3.8408968 -3.890408  -4.039725
 -4.0876927 -4.09091   -4.2678037 -4.3114195]",CWE-269
CVE-2020-14389,"['CWE-863', 'CWE-287', 'CWE-732', 'CWE-522', 'CWE-295', 'CWE-862', 'CWE-306', 'CWE-276', 'CWE-798', 'CWE-290']","[-3.3867047 -3.4127162 -3.5546534 -3.5986695 -3.6762488 -3.6927009
 -3.8828042 -3.9502342 -4.054996  -4.0896273]",CWE-269
CVE-2020-15149,"['CWE-287', 'CWE-295', 'CWE-863', 'CWE-522', 'CWE-732', 'CWE-862', 'CWE-306', 'CWE-276', 'CWE-290', 'CWE-346']","[-3.4985123 -3.5436227 -3.5677507 -3.722618  -3.8042955 -3.9366949
 -4.026656  -4.0583725 -4.2565317 -4.267639 ]",CWE-269
CVE-2020-15360,"['CWE-295', 'CWE-287', 'CWE-863', 'CWE-522', 'CWE-732', 'CWE-862', 'CWE-276', 'CWE-306', 'CWE-346', 'CWE-798']","[-3.6110926 -3.612887  -3.6757154 -3.8691752 -3.869381  -3.9566362
 -4.0569644 -4.133637  -4.300574  -4.3506494]",CWE-269
CVE-2020-15397,"['CWE-295', 'CWE-863', 'CWE-287', 'CWE-732', 'CWE-522', 'CWE-862', 'CWE-276', 'CWE-306', 'CWE-346', 'CWE-290']","[-3.8336096 -3.86819   -3.9267461 -4.090921  -4.219601  -4.325595
 -4.4080772 -4.48336   -4.5167336 -4.6347   ]",CWE-269
CVE-2020-15663,"['CWE-295', 'CWE-287', 'CWE-732', 'CWE-522', 'CWE-863', 'CWE-346', 'CWE-862', 'CWE-276', 'CWE-306', 'CWE-798']","[-4.127288  -4.220518  -4.492578  -4.5096006 -4.5468287 -4.592812
 -4.7009106 -4.9011884 -4.9322944 -5.130566 ]",CWE-269
CVE-2020-16122,"['CWE-295', 'CWE-863', 'CWE-287', 'CWE-732', 'CWE-346', 'CWE-522', 'CWE-862', 'CWE-276', 'CWE-290', 'CWE-306']","[-3.7901654 -4.0285063 -4.0313044 -4.1341925 -4.143667  -4.161012
 -4.3502264 -4.403911  -4.5316286 -4.6116047]",CWE-269
CVE-2020-1704,"['CWE-295', 'CWE-287', 'CWE-863', 'CWE-522', 'CWE-732', 'CWE-862', 'CWE-346', 'CWE-276', 'CWE-306', 'CWE-290']","[-3.5808225 -3.6255376 -3.6468997 -3.784363  -3.884788  -4.0101743
 -4.0128393 -4.1326323 -4.155583  -4.206674 ]",CWE-269
CVE-2020-1705,"['CWE-287', 'CWE-863', 'CWE-295', 'CWE-732', 'CWE-522', 'CWE-862', 'CWE-306', 'CWE-276', 'CWE-346', 'CWE-798']","[-3.5217953 -3.5333495 -3.5767355 -3.776826  -3.780902  -3.9429834
 -4.031414  -4.0367875 -4.2039123 -4.2819266]",CWE-269
CVE-2020-1706,"['CWE-295', 'CWE-863', 'CWE-287', 'CWE-522', 'CWE-732', 'CWE-862', 'CWE-346', 'CWE-276', 'CWE-290', 'CWE-306']","[-3.4904304 -3.5641356 -3.657616  -3.6925712 -3.7413244 -3.9066513
 -3.9461966 -4.021824  -4.136557  -4.139051 ]",CWE-269
CVE-2020-1707,"['CWE-863', 'CWE-287', 'CWE-732', 'CWE-862', 'CWE-522', 'CWE-295', 'CWE-306', 'CWE-276', 'CWE-798', 'CWE-290']","[-3.2652857 -3.330089  -3.405332  -3.5880966 -3.6749501 -3.6859066
 -3.8195117 -3.9674819 -4.0336413 -4.1116176]",CWE-269
CVE-2020-1708,"['CWE-295', 'CWE-863', 'CWE-287', 'CWE-522', 'CWE-732', 'CWE-862', 'CWE-346', 'CWE-276', 'CWE-290', 'CWE-306']","[-3.488605  -3.5620105 -3.6507697 -3.7186885 -3.7404995 -3.900232
 -4.023398  -4.0248976 -4.139265  -4.154207 ]",CWE-269
CVE-2020-1709,"['CWE-863', 'CWE-287', 'CWE-732', 'CWE-862', 'CWE-295', 'CWE-522', 'CWE-306', 'CWE-276', 'CWE-798', 'CWE-290']","[-3.3308356 -3.3309162 -3.449923  -3.6003308 -3.7120733 -3.714314
 -3.83383   -3.952001  -4.0519557 -4.0553694]",CWE-269
CVE-2020-1742,"['CWE-295', 'CWE-287', 'CWE-863', 'CWE-522', 'CWE-732', 'CWE-862', 'CWE-306', 'CWE-276', 'CWE-346', 'CWE-290']","[-3.6051884 -3.6447668 -3.6567488 -3.861646  -3.8972392 -4.0191565
 -4.1340065 -4.1418033 -4.2798405 -4.382441 ]",CWE-269
CVE-2020-19111,"['CWE-863', 'CWE-287', 'CWE-295', 'CWE-732', 'CWE-862', 'CWE-522', 'CWE-306', 'CWE-276', 'CWE-798', 'CWE-346']","[-3.140767  -3.2620404 -3.3283916 -3.3505888 -3.427842  -3.6077645
 -3.6246433 -3.6498065 -3.872288  -4.12553  ]",CWE-269
CVE-2020-2228,"['CWE-295', 'CWE-287', 'CWE-863', 'CWE-522', 'CWE-732', 'CWE-862', 'CWE-306', 'CWE-276', 'CWE-346', 'CWE-290']","[-3.4785762 -3.5129092 -3.5338926 -3.688091  -3.747017  -3.9220572
 -4.0624385 -4.065973  -4.1758995 -4.2802396]",CWE-269
CVE-2020-23426,"['CWE-287', 'CWE-863', 'CWE-732', 'CWE-522', 'CWE-306', 'CWE-295', 'CWE-862', 'CWE-798', 'CWE-276', 'CWE-307']","[-3.2609997 -3.4397528 -3.61535   -3.6637998 -3.6874259 -3.7967834
 -3.8167732 -3.8185403 -4.0263176 -4.088752 ]",CWE-269
CVE-2020-25582,"['CWE-287', 'CWE-295', 'CWE-863', 'CWE-522', 'CWE-732', 'CWE-306', 'CWE-862', 'CWE-276', 'CWE-798', 'CWE-290']","[-3.7261753 -3.9028685 -4.013277  -4.1259437 -4.1412497 -4.1830764
 -4.2002835 -4.377041  -4.3951125 -4.676091 ]",CWE-269
CVE-2020-25699,"['CWE-863', 'CWE-295', 'CWE-287', 'CWE-732', 'CWE-862', 'CWE-522', 'CWE-276', 'CWE-306', 'CWE-346', 'CWE-798']","[-3.8787124 -3.8840282 -3.9003446 -4.0145755 -4.1487184 -4.154665
 -4.3656282 -4.456352  -4.533808  -4.5574374]",CWE-269
CVE-2020-25711,"['CWE-295', 'CWE-863', 'CWE-287', 'CWE-732', 'CWE-522', 'CWE-862', 'CWE-276', 'CWE-306', 'CWE-346', 'CWE-290']","[-3.6284423 -3.734567  -3.7778134 -3.8213696 -3.9639149 -4.058394
 -4.1815157 -4.2833843 -4.349907  -4.3809013]",CWE-269
CVE-2020-27134,"['CWE-295', 'CWE-863', 'CWE-732', 'CWE-287', 'CWE-522', 'CWE-862', 'CWE-276', 'CWE-346', 'CWE-306', 'CWE-290']","[-3.71722   -3.9373891 -4.029848  -4.0375466 -4.280123  -4.3344564
 -4.4840784 -4.5243435 -4.7029886 -4.759485 ]",CWE-269
CVE-2020-27266,"['CWE-863', 'CWE-287', 'CWE-295', 'CWE-732', 'CWE-862', 'CWE-276', 'CWE-306', 'CWE-522', 'CWE-798', 'CWE-290']","[-3.0081859 -3.1610394 -3.2618668 -3.2719672 -3.2947023 -3.5308366
 -3.5335152 -3.5405753 -3.7687933 -4.0818787]",CWE-269
CVE-2020-27268,"['CWE-863', 'CWE-287', 'CWE-295', 'CWE-732', 'CWE-862', 'CWE-276', 'CWE-306', 'CWE-522', 'CWE-798', 'CWE-346']","[-3.0616815 -3.2026267 -3.2732635 -3.3184514 -3.3341389 -3.5584056
 -3.567847  -3.6095228 -3.8208423 -4.099231 ]",CWE-269
CVE-2020-27339,"['CWE-863', 'CWE-295', 'CWE-287', 'CWE-732', 'CWE-862', 'CWE-276', 'CWE-522', 'CWE-306', 'CWE-798', 'CWE-346']","[-3.2329936 -3.346032  -3.3620489 -3.422731  -3.471866  -3.6704657
 -3.7090786 -3.7468596 -3.9421053 -4.143554 ]",CWE-269
CVE-2020-27362,"['CWE-863', 'CWE-287', 'CWE-295', 'CWE-732', 'CWE-862', 'CWE-306', 'CWE-522', 'CWE-276', 'CWE-798', 'CWE-290']","[-3.117675  -3.2449946 -3.3495123 -3.405827  -3.4277213 -3.6064887
 -3.6334217 -3.6764946 -3.837267  -4.167608 ]",CWE-269
CVE-2020-3214,"['CWE-863', 'CWE-287', 'CWE-295', 'CWE-732', 'CWE-862', 'CWE-306', 'CWE-522', 'CWE-276', 'CWE-798', 'CWE-290']","[-3.0854027 -3.241563  -3.2992222 -3.3536208 -3.3705723 -3.5910091
 -3.6046023 -3.63767   -3.834173  -4.104576 ]",CWE-269
CVE-2020-3215,"['CWE-287', 'CWE-732', 'CWE-863', 'CWE-862', 'CWE-522', 'CWE-306', 'CWE-295', 'CWE-276', 'CWE-798', 'CWE-307']","[-3.411759  -3.5564334 -3.5744784 -3.75901   -3.7656317 -3.8726215
 -3.8922403 -4.024119  -4.1008606 -4.2717   ]",CWE-269
CVE-2020-3393,"['CWE-863', 'CWE-295', 'CWE-287', 'CWE-732', 'CWE-862', 'CWE-522', 'CWE-276', 'CWE-306', 'CWE-798', 'CWE-346']","[-3.1183321 -3.2514677 -3.294982  -3.3576827 -3.3964517 -3.5955431
 -3.6548908 -3.6779418 -3.884596  -4.0656204]",CWE-269
CVE-2020-3426,"['CWE-863', 'CWE-287', 'CWE-295', 'CWE-862', 'CWE-732', 'CWE-522', 'CWE-306', 'CWE-276', 'CWE-798', 'CWE-346']","[-3.1256735 -3.2441995 -3.3111856 -3.3521595 -3.360273  -3.6002274
 -3.6050427 -3.6072552 -3.8913577 -4.133018 ]",CWE-269
CVE-2020-3475,"['CWE-863', 'CWE-287', 'CWE-295', 'CWE-732', 'CWE-862', 'CWE-522', 'CWE-306', 'CWE-276', 'CWE-798', 'CWE-346']","[-3.1967204 -3.3192713 -3.356052  -3.4411519 -3.4715827 -3.6596968
 -3.667352  -3.6923316 -3.9327595 -4.1803417]",CWE-269
CVE-2020-3564,"['CWE-287', 'CWE-732', 'CWE-863', 'CWE-862', 'CWE-522', 'CWE-295', 'CWE-276', 'CWE-306', 'CWE-798', 'CWE-307']","[-3.6391914 -3.6656828 -3.6767528 -3.8483045 -3.9137106 -4.007527
 -4.0981894 -4.098508  -4.291946  -4.353868 ]",CWE-269
CVE-2020-35757,"['CWE-863', 'CWE-287', 'CWE-295', 'CWE-732', 'CWE-862', 'CWE-306', 'CWE-522', 'CWE-276', 'CWE-798', 'CWE-290']","[-3.0933645 -3.2286344 -3.3176455 -3.363233  -3.3732855 -3.5949173
 -3.60044   -3.6119015 -3.8456101 -4.145637 ]",CWE-269
CVE-2020-3595,"['CWE-295', 'CWE-863', 'CWE-287', 'CWE-522', 'CWE-732', 'CWE-276', 'CWE-862', 'CWE-306', 'CWE-346', 'CWE-798']","[-3.2768173 -3.3766818 -3.3955731 -3.4421146 -3.557712  -3.725397
 -3.8225694 -3.8761857 -3.9958937 -4.0713487]",CWE-269
CVE-2020-3600,"['CWE-295', 'CWE-863', 'CWE-287', 'CWE-522', 'CWE-732', 'CWE-276', 'CWE-862', 'CWE-306', 'CWE-346', 'CWE-290']","[-3.2798827 -3.4683175 -3.4928284 -3.5546365 -3.611955  -3.758648
 -3.8940332 -3.975467  -4.065313  -4.1371484]",CWE-269
CVE-2020-36126,"['CWE-863', 'CWE-287', 'CWE-732', 'CWE-295', 'CWE-862', 'CWE-522', 'CWE-276', 'CWE-306', 'CWE-798', 'CWE-290']","[-3.1016123 -3.2406871 -3.348073  -3.3512926 -3.444818  -3.5969963
 -3.6352172 -3.6591172 -3.888454  -4.149949 ]",CWE-269
CVE-2020-4981,"['CWE-287', 'CWE-863', 'CWE-732', 'CWE-295', 'CWE-522', 'CWE-862', 'CWE-306', 'CWE-276', 'CWE-798', 'CWE-290']","[-3.3875644 -3.4543338 -3.608389  -3.64509   -3.6510797 -3.7947934
 -3.8825192 -3.9962537 -4.0535374 -4.102329 ]",CWE-269
CVE-2020-7346,"['CWE-863', 'CWE-287', 'CWE-295', 'CWE-732', 'CWE-862', 'CWE-306', 'CWE-522', 'CWE-276', 'CWE-798', 'CWE-346']","[-3.1512842 -3.2374904 -3.3274834 -3.348317  -3.42222   -3.600707
 -3.632287  -3.6470227 -3.8245113 -4.1570497]",CWE-269
CVE-2020-9452,"['CWE-863', 'CWE-287', 'CWE-295', 'CWE-732', 'CWE-862', 'CWE-522', 'CWE-306', 'CWE-276', 'CWE-798', 'CWE-346']","[-3.1208692 -3.23894   -3.2820728 -3.3778667 -3.4017725 -3.6141963
 -3.623265  -3.6389675 -3.848141  -4.101166 ]",CWE-269
CVE-2021-0304,"['CWE-862', 'CWE-863', 'CWE-287', 'CWE-732', 'CWE-306', 'CWE-522', 'CWE-295', 'CWE-276', 'CWE-798', 'CWE-307']","[-3.3220608 -3.3455474 -3.3538246 -3.5110707 -3.5556736 -3.6338296
 -3.7447443 -3.7660775 -3.7865584 -4.1779995]",CWE-269
CVE-2021-0317,"['CWE-862', 'CWE-863', 'CWE-287', 'CWE-732', 'CWE-306', 'CWE-522', 'CWE-295', 'CWE-276', 'CWE-798', 'CWE-307']","[-3.321011  -3.3348875 -3.3778596 -3.5438209 -3.5712295 -3.6670315
 -3.756615  -3.777533  -3.79005   -4.185582 ]",CWE-269
CVE-2021-0328,"['CWE-863', 'CWE-862', 'CWE-287', 'CWE-732', 'CWE-306', 'CWE-522', 'CWE-276', 'CWE-798', 'CWE-295', 'CWE-307']","[-3.3121696 -3.3219042 -3.3626163 -3.5252714 -3.553349  -3.6170619
 -3.7245026 -3.75017   -3.7505386 -4.1405497]",CWE-269
CVE-2021-0336,"['CWE-862', 'CWE-863', 'CWE-287', 'CWE-732', 'CWE-306', 'CWE-522', 'CWE-295', 'CWE-276', 'CWE-798', 'CWE-307']","[-3.3460968 -3.3793817 -3.3798325 -3.5853162 -3.6219413 -3.6922336
 -3.7160215 -3.7674553 -3.8247452 -4.2246237]",CWE-269
CVE-2021-0345,"['CWE-862', 'CWE-863', 'CWE-287', 'CWE-732', 'CWE-306', 'CWE-522', 'CWE-295', 'CWE-276', 'CWE-798', 'CWE-307']","[-3.3045738 -3.3088121 -3.3530357 -3.4756353 -3.5238526 -3.5764697
 -3.664477  -3.6729486 -3.7203414 -4.113347 ]",CWE-269
CVE-2021-0372,"['CWE-862', 'CWE-287', 'CWE-863', 'CWE-306', 'CWE-732', 'CWE-522', 'CWE-295', 'CWE-798', 'CWE-276', 'CWE-307']","[-3.2605844 -3.2870412 -3.3047962 -3.4808426 -3.495369  -3.5784066
 -3.7069082 -3.7141852 -3.714759  -4.109515 ]",CWE-269
CVE-2021-0376,"['CWE-862', 'CWE-287', 'CWE-863', 'CWE-732', 'CWE-306', 'CWE-522', 'CWE-295', 'CWE-276', 'CWE-798', 'CWE-307']","[-3.3102531 -3.3207994 -3.368598  -3.5311832 -3.5663123 -3.6297278
 -3.734653  -3.769329  -3.7842906 -4.179416 ]",CWE-269
CVE-2021-0385,"['CWE-862', 'CWE-287', 'CWE-863', 'CWE-732', 'CWE-306', 'CWE-522', 'CWE-295', 'CWE-798', 'CWE-276', 'CWE-307']","[-3.2604797 -3.2986052 -3.3135092 -3.43705   -3.4983013 -3.5497608
 -3.6828215 -3.7009346 -3.7076328 -4.1100416]",CWE-269
CVE-2021-0388,"['CWE-862', 'CWE-863', 'CWE-287', 'CWE-732', 'CWE-306', 'CWE-522', 'CWE-295', 'CWE-276', 'CWE-798', 'CWE-307']","[-3.297305  -3.328953  -3.3337367 -3.485648  -3.537231  -3.6253386
 -3.6991134 -3.743242  -3.7634075 -4.1570954]",CWE-269
CVE-2021-0433,"['CWE-287', 'CWE-862', 'CWE-863', 'CWE-732', 'CWE-306', 'CWE-522', 'CWE-295', 'CWE-798', 'CWE-276', 'CWE-307']","[-3.2577202 -3.2886813 -3.3259509 -3.4893765 -3.4915915 -3.5963318
 -3.7025497 -3.7077692 -3.7428975 -4.116527 ]",CWE-269
CVE-2021-0438,"['CWE-862', 'CWE-287', 'CWE-863', 'CWE-732', 'CWE-306', 'CWE-522', 'CWE-276', 'CWE-295', 'CWE-798', 'CWE-307']","[-3.286979  -3.326275  -3.331795  -3.5008845 -3.524724  -3.5932348
 -3.708859  -3.7105021 -3.726013  -4.13655  ]",CWE-269
CVE-2021-0446,"['CWE-863', 'CWE-862', 'CWE-287', 'CWE-732', 'CWE-306', 'CWE-522', 'CWE-295', 'CWE-798', 'CWE-276', 'CWE-307']","[-3.2848759 -3.2897813 -3.3331149 -3.470628  -3.5015266 -3.589579
 -3.6464002 -3.696111  -3.7133207 -4.100538 ]",CWE-269
CVE-2021-0468,"['CWE-862', 'CWE-287', 'CWE-863', 'CWE-732', 'CWE-306', 'CWE-522', 'CWE-295', 'CWE-276', 'CWE-798', 'CWE-307']","[-3.295446  -3.328708  -3.3483143 -3.5045772 -3.556347  -3.6148703
 -3.6887248 -3.7220166 -3.760274  -4.161305 ]",CWE-269
CVE-2021-0472,"['CWE-863', 'CWE-862', 'CWE-287', 'CWE-732', 'CWE-306', 'CWE-522', 'CWE-276', 'CWE-295', 'CWE-798', 'CWE-307']","[-3.2612183 -3.2871268 -3.3211145 -3.434462  -3.552419  -3.5988345
 -3.6547658 -3.6734934 -3.724595  -4.1401067]",CWE-269
CVE-2021-0477,"['CWE-862', 'CWE-863', 'CWE-287', 'CWE-732', 'CWE-306', 'CWE-522', 'CWE-295', 'CWE-276', 'CWE-798', 'CWE-307']","[-3.29445   -3.327736  -3.3470495 -3.503381  -3.565687  -3.6075358
 -3.6666071 -3.7020822 -3.7718701 -4.158496 ]",CWE-269
CVE-2021-0481,"['CWE-862', 'CWE-287', 'CWE-863', 'CWE-732', 'CWE-306', 'CWE-522', 'CWE-295', 'CWE-798', 'CWE-276', 'CWE-307']","[-3.2543721 -3.304856  -3.3303072 -3.5047007 -3.5308206 -3.5891366
 -3.7095754 -3.7277853 -3.7497993 -4.1331396]",CWE-269
CVE-2021-0485,"['CWE-862', 'CWE-287', 'CWE-863', 'CWE-732', 'CWE-306', 'CWE-522', 'CWE-295', 'CWE-798', 'CWE-276', 'CWE-307']","[-3.2756407 -3.281324  -3.3095393 -3.4645905 -3.4876354 -3.597198
 -3.6911976 -3.719664  -3.7279305 -4.1054134]",CWE-269
CVE-2021-0487,"['CWE-862', 'CWE-863', 'CWE-287', 'CWE-732', 'CWE-306', 'CWE-522', 'CWE-295', 'CWE-276', 'CWE-798', 'CWE-307']","[-3.2933123 -3.339635  -3.3424437 -3.5080562 -3.546796  -3.6145556
 -3.6900165 -3.7441716 -3.755112  -4.14606  ]",CWE-269
CVE-2021-0491,"['CWE-863', 'CWE-862', 'CWE-287', 'CWE-732', 'CWE-306', 'CWE-522', 'CWE-295', 'CWE-276', 'CWE-798', 'CWE-307']","[-3.2963655 -3.3451328 -3.3537822 -3.5151362 -3.5987427 -3.6482646
 -3.7094214 -3.7312212 -3.789062  -4.1992645]",CWE-269
CVE-2021-0513,"['CWE-863', 'CWE-862', 'CWE-287', 'CWE-732', 'CWE-306', 'CWE-522', 'CWE-276', 'CWE-295', 'CWE-798', 'CWE-307']","[-3.2999475 -3.3007874 -3.3427112 -3.4880261 -3.5253792 -3.5812805
 -3.7011788 -3.7159486 -3.722957  -4.098526 ]",CWE-269
CVE-2021-0553,"['CWE-862', 'CWE-863', 'CWE-287', 'CWE-732', 'CWE-306', 'CWE-522', 'CWE-295', 'CWE-276', 'CWE-798', 'CWE-307']","[-3.2776637 -3.31281   -3.3466802 -3.489709  -3.5189118 -3.5697904
 -3.6676762 -3.6818378 -3.7003906 -4.107146 ]",CWE-269
CVE-2021-0602,"['CWE-287', 'CWE-862', 'CWE-863', 'CWE-732', 'CWE-306', 'CWE-522', 'CWE-295', 'CWE-798', 'CWE-276', 'CWE-307']","[-3.2383208 -3.2409556 -3.2736459 -3.4644191 -3.4702568 -3.5576293
 -3.6492767 -3.6722004 -3.693505  -4.0758286]",CWE-269
CVE-2021-1092,"['CWE-863', 'CWE-287', 'CWE-295', 'CWE-862', 'CWE-732', 'CWE-306', 'CWE-276', 'CWE-522', 'CWE-798', 'CWE-346']","[-3.206078  -3.3143442 -3.3647723 -3.4492574 -3.4710221 -3.7060342
 -3.7242155 -3.7502387 -3.9516182 -4.2414727]",CWE-269
CVE-2021-1401,"['CWE-863', 'CWE-287', 'CWE-295', 'CWE-862', 'CWE-732', 'CWE-276', 'CWE-522', 'CWE-306', 'CWE-798', 'CWE-346']","[-3.1278212 -3.2346132 -3.2922597 -3.3767805 -3.3924003 -3.6331577
 -3.6359296 -3.638816  -3.8475716 -4.116256 ]",CWE-269
CVE-2021-1505,"['CWE-863', 'CWE-287', 'CWE-732', 'CWE-862', 'CWE-522', 'CWE-295', 'CWE-276', 'CWE-306', 'CWE-290', 'CWE-798']","[-3.3501744 -3.3602633 -3.4125519 -3.5971124 -3.635526  -3.6981194
 -3.7964642 -3.8511934 -4.0193152 -4.0411463]",CWE-269
CVE-2021-1661,"['CWE-287', 'CWE-295', 'CWE-863', 'CWE-281', 'CWE-522', 'CWE-732', 'CWE-862', 'CWE-306', 'CWE-276', 'CWE-798']","[-5.5979676 -5.7014046 -5.9687953 -5.9786754 -6.077049  -6.1518745
 -6.199462  -6.25435   -6.2985196 -6.3164635]",CWE-269
CVE-2021-1732,"['CWE-287', 'CWE-295', 'CWE-863', 'CWE-522', 'CWE-281', 'CWE-732', 'CWE-306', 'CWE-862', 'CWE-798', 'CWE-276']","[-4.785319  -4.9499035 -5.2504897 -5.3305006 -5.4006724 -5.4560785
 -5.483953  -5.5049424 -5.554524  -5.590594 ]",CWE-269
CVE-2021-1782,"['CWE-862', 'CWE-287', 'CWE-732', 'CWE-863', 'CWE-522', 'CWE-276', 'CWE-306', 'CWE-295', 'CWE-798', 'CWE-346']","[-4.182722  -4.1854334 -4.2825933 -4.3356266 -4.516524  -4.523231
 -4.57773   -4.665732  -4.744512  -4.9983797]",CWE-269
CVE-2021-20072,"['CWE-863', 'CWE-287', 'CWE-295', 'CWE-732', 'CWE-862', 'CWE-522', 'CWE-306', 'CWE-276', 'CWE-798', 'CWE-290']","[-3.1299298 -3.2189298 -3.288042  -3.3776968 -3.4079478 -3.6030169
 -3.6157758 -3.6452494 -3.8238385 -4.162096 ]",CWE-269
CVE-2021-20695,"['CWE-863', 'CWE-287', 'CWE-295', 'CWE-732', 'CWE-862', 'CWE-306', 'CWE-276', 'CWE-522', 'CWE-798', 'CWE-346']","[-3.1201441 -3.2467947 -3.3566494 -3.3833969 -3.4328713 -3.589885
 -3.642372  -3.6465406 -3.8711374 -4.1459756]",CWE-269
CVE-2021-21117,"['CWE-287', 'CWE-295', 'CWE-522', 'CWE-863', 'CWE-732', 'CWE-862', 'CWE-306', 'CWE-798', 'CWE-276', 'CWE-346']","[-3.551734  -3.7593606 -3.7785103 -3.789505  -3.878109  -3.9898434
 -4.0773196 -4.2808423 -4.290579  -4.3814616]",CWE-269
CVE-2021-21428,"['CWE-863', 'CWE-287', 'CWE-295', 'CWE-732', 'CWE-522', 'CWE-862', 'CWE-276', 'CWE-306', 'CWE-290', 'CWE-346']","[-3.4394863 -3.4764152 -3.5847454 -3.6721323 -3.809874  -3.8689237
 -4.0461483 -4.0703197 -4.1927843 -4.2441344]",CWE-269
CVE-2021-21430,"['CWE-863', 'CWE-287', 'CWE-295', 'CWE-732', 'CWE-522', 'CWE-862', 'CWE-276', 'CWE-306', 'CWE-290', 'CWE-798']","[-3.3777237 -3.430433  -3.5270615 -3.601351  -3.7471733 -3.7743843
 -3.9244285 -3.9865015 -4.121002  -4.212536 ]",CWE-269
CVE-2021-21502,"['CWE-863', 'CWE-287', 'CWE-732', 'CWE-295', 'CWE-522', 'CWE-862', 'CWE-306', 'CWE-276', 'CWE-798', 'CWE-290']","[-3.2549858 -3.3061056 -3.3908331 -3.4799788 -3.5237813 -3.6155832
 -3.751036  -3.7630036 -3.9677525 -4.0731273]",CWE-269
CVE-2021-21972,"['CWE-295', 'CWE-732', 'CWE-863', 'CWE-522', 'CWE-287', 'CWE-862', 'CWE-276', 'CWE-306', 'CWE-346', 'CWE-290']","[-3.6451542 -3.6587238 -3.6678307 -3.8090262 -3.8144236 -4.020809
 -4.1027446 -4.2358265 -4.270905  -4.326459 ]",CWE-269
CVE-2021-22000,"['CWE-863', 'CWE-287', 'CWE-295', 'CWE-732', 'CWE-862', 'CWE-522', 'CWE-306', 'CWE-276', 'CWE-798', 'CWE-290']","[-3.1619382 -3.1999576 -3.3426983 -3.3734028 -3.4358354 -3.5870252
 -3.5979683 -3.632225  -3.8101392 -4.154002 ]",CWE-269
CVE-2021-22118,"['CWE-863', 'CWE-287', 'CWE-295', 'CWE-732', 'CWE-862', 'CWE-522', 'CWE-306', 'CWE-276', 'CWE-798', 'CWE-346']","[-3.1404183 -3.2639756 -3.3476815 -3.3688312 -3.4193149 -3.6187232
 -3.636516  -3.6419497 -3.9188776 -4.151101 ]",CWE-269
CVE-2021-22159,"['CWE-295', 'CWE-863', 'CWE-287', 'CWE-732', 'CWE-522', 'CWE-862', 'CWE-306', 'CWE-276', 'CWE-346', 'CWE-798']","[-3.5444596 -3.5605829 -3.5669553 -3.7329402 -3.794045  -3.9245775
 -4.0737553 -4.1017118 -4.2858715 -4.3421416]",CWE-269
CVE-2021-22716,"['CWE-863', 'CWE-287', 'CWE-295', 'CWE-732', 'CWE-862', 'CWE-306', 'CWE-522', 'CWE-276', 'CWE-798', 'CWE-290']","[-3.1609325 -3.258206  -3.3838434 -3.3991404 -3.4456658 -3.629591
 -3.6521473 -3.6779058 -3.8851724 -4.1705174]",CWE-269
CVE-2021-22877,"['CWE-287', 'CWE-863', 'CWE-732', 'CWE-522', 'CWE-862', 'CWE-295', 'CWE-306', 'CWE-276', 'CWE-798', 'CWE-290']","[-3.270623  -3.301386  -3.4455216 -3.560723  -3.598665  -3.6479466
 -3.8135443 -3.9115186 -4.0403385 -4.054536 ]",CWE-269
CVE-2021-23275,"['CWE-295', 'CWE-863', 'CWE-732', 'CWE-287', 'CWE-522', 'CWE-862', 'CWE-276', 'CWE-346', 'CWE-306', 'CWE-290']","[-4.0163784 -4.2758474 -4.3563476 -4.436851  -4.5803995 -4.723067
 -4.7297115 -4.8262286 -4.946066  -5.119172 ]",CWE-269
CVE-2021-23873,"['CWE-295', 'CWE-863', 'CWE-287', 'CWE-732', 'CWE-522', 'CWE-862', 'CWE-306', 'CWE-276', 'CWE-346', 'CWE-290']","[-3.3697596 -3.4768958 -3.5825067 -3.704856  -3.8143318 -3.977168
 -4.107645  -4.1163626 -4.128694  -4.195459 ]",CWE-269
CVE-2021-23874,"['CWE-295', 'CWE-863', 'CWE-287', 'CWE-732', 'CWE-522', 'CWE-862', 'CWE-346', 'CWE-276', 'CWE-306', 'CWE-290']","[-3.378333  -3.466794  -3.5518174 -3.7174501 -3.7793713 -3.9962223
 -4.044909  -4.0451355 -4.1027384 -4.195361 ]",CWE-269
CVE-2021-23879,"['CWE-295', 'CWE-287', 'CWE-863', 'CWE-522', 'CWE-732', 'CWE-862', 'CWE-276', 'CWE-306', 'CWE-346', 'CWE-798']","[-3.6196735 -3.6262898 -3.6464221 -3.8683844 -3.882464  -4.029023
 -4.1189604 -4.152487  -4.274549  -4.362087 ]",CWE-269
CVE-2021-23999,"['CWE-295', 'CWE-287', 'CWE-522', 'CWE-863', 'CWE-732', 'CWE-346', 'CWE-862', 'CWE-276', 'CWE-306', 'CWE-281']","[-4.127301  -4.2204947 -4.546323  -4.5838847 -4.594368  -4.6030264
 -4.6850376 -4.9433117 -4.9746137 -5.1192822]",CWE-269
CVE-2021-24184,"['CWE-287', 'CWE-863', 'CWE-295', 'CWE-522', 'CWE-732', 'CWE-862', 'CWE-306', 'CWE-276', 'CWE-798', 'CWE-290']","[-3.3547308 -3.4780662 -3.5325623 -3.5675874 -3.5917628 -3.7487645
 -3.7902093 -3.827914  -4.0278325 -4.170243 ]",CWE-269
CVE-2021-24354,"['CWE-863', 'CWE-287', 'CWE-295', 'CWE-732', 'CWE-862', 'CWE-276', 'CWE-306', 'CWE-522', 'CWE-798', 'CWE-346']","[-3.188831  -3.2811136 -3.37384   -3.4118757 -3.4503753 -3.6488135
 -3.6526089 -3.6686976 -3.8666604 -4.168055 ]",CWE-269
CVE-2021-25167,"['CWE-863', 'CWE-287', 'CWE-732', 'CWE-522', 'CWE-295', 'CWE-862', 'CWE-276', 'CWE-306', 'CWE-798', 'CWE-290']","[-3.3543913 -3.4252372 -3.5827148 -3.5831106 -3.6392472 -3.7721274
 -3.8168132 -3.8492193 -3.9849122 -4.124489 ]",CWE-269
CVE-2021-25250,"['CWE-295', 'CWE-863', 'CWE-287', 'CWE-522', 'CWE-732', 'CWE-276', 'CWE-306', 'CWE-862', 'CWE-346', 'CWE-290']","[-3.7105486 -3.7837963 -3.8489647 -3.905787  -3.993643  -4.22988
 -4.2577233 -4.2926493 -4.4163013 -4.4820642]",CWE-269
CVE-2021-25253,"['CWE-295', 'CWE-863', 'CWE-732', 'CWE-287', 'CWE-522', 'CWE-276', 'CWE-862', 'CWE-346', 'CWE-306', 'CWE-798']","[-3.9200017 -3.9236133 -4.0383325 -4.0460496 -4.090915  -4.2692842
 -4.3963504 -4.4763665 -4.493606  -4.6862473]",CWE-269
CVE-2021-25309,"['CWE-863', 'CWE-287', 'CWE-295', 'CWE-732', 'CWE-862', 'CWE-522', 'CWE-276', 'CWE-306', 'CWE-798', 'CWE-346']","[-3.1549373 -3.2962408 -3.3869796 -3.4279468 -3.4370677 -3.6515667
 -3.6631122 -3.667148  -3.9027567 -4.1451693]",CWE-269
CVE-2021-25357,"['CWE-862', 'CWE-863', 'CWE-287', 'CWE-732', 'CWE-306', 'CWE-522', 'CWE-276', 'CWE-295', 'CWE-798', 'CWE-307']","[-3.2896008 -3.3803134 -3.3808224 -3.5177455 -3.5509572 -3.6528792
 -3.743612  -3.7698188 -3.770007  -4.156261 ]",CWE-269
CVE-2021-25365,"['CWE-862', 'CWE-863', 'CWE-287', 'CWE-732', 'CWE-306', 'CWE-522', 'CWE-295', 'CWE-798', 'CWE-276', 'CWE-307']","[-3.306407  -3.3160682 -3.3612611 -3.523683  -3.5340614 -3.6132565
 -3.7246113 -3.7330031 -3.745225  -4.1446724]",CWE-269
CVE-2021-26415,"['CWE-287', 'CWE-295', 'CWE-863', 'CWE-281', 'CWE-522', 'CWE-732', 'CWE-862', 'CWE-276', 'CWE-306', 'CWE-798']","[-5.6163    -5.712282  -5.9637766 -5.9997783 -6.1088557 -6.1331115
 -6.1809382 -6.2651863 -6.2904778 -6.3307047]",CWE-269
CVE-2021-26708,"['CWE-287', 'CWE-863', 'CWE-295', 'CWE-732', 'CWE-862', 'CWE-522', 'CWE-276', 'CWE-306', 'CWE-798', 'CWE-290']","[-3.5858428 -3.6279538 -3.661372  -3.6961164 -3.7740276 -3.7931192
 -3.9018264 -3.9880471 -4.1062875 -4.303632 ]",CWE-269
CVE-2021-26862,"['CWE-287', 'CWE-295', 'CWE-863', 'CWE-281', 'CWE-522', 'CWE-732', 'CWE-862', 'CWE-276', 'CWE-306', 'CWE-798']","[-5.622214  -5.6932774 -5.9709215 -6.0370917 -6.133114  -6.18023
 -6.2183666 -6.2640266 -6.300043  -6.3597956]",CWE-269
CVE-2021-26866,"['CWE-287', 'CWE-295', 'CWE-863', 'CWE-522', 'CWE-732', 'CWE-281', 'CWE-862', 'CWE-306', 'CWE-798', 'CWE-276']","[-4.813824  -5.028697  -5.2669377 -5.3502636 -5.439216  -5.4865932
 -5.5185723 -5.520834  -5.5778246 -5.6178374]",CWE-269
CVE-2021-26868,"['CWE-287', 'CWE-295', 'CWE-863', 'CWE-522', 'CWE-732', 'CWE-281', 'CWE-862', 'CWE-306', 'CWE-276', 'CWE-798']","[-5.182804  -5.3559055 -5.5822115 -5.6761355 -5.76096   -5.7645125
 -5.8191376 -5.849725  -5.908388  -5.918951 ]",CWE-269
CVE-2021-26873,"['CWE-287', 'CWE-295', 'CWE-281', 'CWE-863', 'CWE-522', 'CWE-732', 'CWE-862', 'CWE-306', 'CWE-276', 'CWE-798']","[-5.52921   -5.6446877 -5.9132614 -5.9216433 -6.01087   -6.0960536
 -6.1178985 -6.182089  -6.2214746 -6.255093 ]",CWE-269
CVE-2021-26887,"['CWE-287', 'CWE-295', 'CWE-863', 'CWE-281', 'CWE-522', 'CWE-732', 'CWE-862', 'CWE-276', 'CWE-306', 'CWE-798']","[-5.569582  -5.6704    -5.916183  -5.9256306 -6.0563393 -6.103268
 -6.113112  -6.2249637 -6.230942  -6.282818 ]",CWE-269
CVE-2021-26889,"['CWE-287', 'CWE-295', 'CWE-863', 'CWE-522', 'CWE-732', 'CWE-281', 'CWE-306', 'CWE-862', 'CWE-798', 'CWE-276']","[-4.8393927 -5.0157437 -5.3004584 -5.3583465 -5.50405   -5.5220776
 -5.5286283 -5.569982  -5.5967884 -5.6449833]",CWE-269
CVE-2021-26900,"['CWE-287', 'CWE-295', 'CWE-863', 'CWE-522', 'CWE-732', 'CWE-306', 'CWE-862', 'CWE-798', 'CWE-276', 'CWE-281']","[-4.4295616 -4.64933   -4.906277  -4.9796066 -5.141228  -5.1455903
 -5.2049465 -5.2375245 -5.2692623 -5.271344 ]",CWE-269
CVE-2021-26909,"['CWE-287', 'CWE-863', 'CWE-295', 'CWE-732', 'CWE-522', 'CWE-862', 'CWE-276', 'CWE-306', 'CWE-346', 'CWE-290']","[-3.6116307 -3.6408777 -3.684549  -3.8258479 -3.8450005 -4.00056
 -4.026078  -4.150493  -4.2386484 -4.30223  ]",CWE-269
CVE-2021-27070,"['CWE-287', 'CWE-295', 'CWE-863', 'CWE-522', 'CWE-306', 'CWE-732', 'CWE-862', 'CWE-798', 'CWE-281', 'CWE-276']","[-4.45252   -4.6914554 -4.9184346 -5.015376  -5.159711  -5.1864643
 -5.216252  -5.2394524 -5.2804275 -5.301741 ]",CWE-269
CVE-2021-27086,"['CWE-287', 'CWE-295', 'CWE-863', 'CWE-522', 'CWE-732', 'CWE-281', 'CWE-862', 'CWE-306', 'CWE-798', 'CWE-276']","[-4.7799387 -4.9765573 -5.250348  -5.3167434 -5.417729  -5.446834
 -5.485143  -5.498345  -5.554424  -5.621147 ]",CWE-269
CVE-2021-27216,"['CWE-287', 'CWE-863', 'CWE-732', 'CWE-862', 'CWE-295', 'CWE-522', 'CWE-306', 'CWE-276', 'CWE-798', 'CWE-290']","[-3.4786177 -3.5870507 -3.6483805 -3.8248086 -3.8363557 -3.845322
 -3.9708128 -4.0577435 -4.17876   -4.24486  ]",CWE-269
CVE-2021-27483,"['CWE-863', 'CWE-287', 'CWE-295', 'CWE-732', 'CWE-862', 'CWE-306', 'CWE-522', 'CWE-276', 'CWE-798', 'CWE-346']","[-3.0772116 -3.2180083 -3.2635553 -3.3506691 -3.3607066 -3.5754278
 -3.6019912 -3.607257  -3.7934558 -4.07814  ]",CWE-269
CVE-2021-27522,"['CWE-863', 'CWE-287', 'CWE-295', 'CWE-862', 'CWE-732', 'CWE-306', 'CWE-276', 'CWE-522', 'CWE-798', 'CWE-346']","[-3.146724  -3.2478633 -3.3598917 -3.3861768 -3.4239275 -3.6221206
 -3.6512587 -3.6549263 -3.9003322 -4.1623173]",CWE-269
CVE-2021-27851,"['CWE-863', 'CWE-295', 'CWE-287', 'CWE-732', 'CWE-522', 'CWE-862', 'CWE-306', 'CWE-276', 'CWE-798', 'CWE-346']","[-3.5071268 -3.5214863 -3.52455   -3.713933  -3.7625422 -3.9071672
 -3.9993703 -4.0294523 -4.2537336 -4.2883363]",CWE-269
CVE-2021-28249,"['CWE-863', 'CWE-287', 'CWE-295', 'CWE-732', 'CWE-862', 'CWE-306', 'CWE-522', 'CWE-276', 'CWE-798', 'CWE-346']","[-3.2144902 -3.276238  -3.371934  -3.490971  -3.5180972 -3.6978405
 -3.713981  -3.7223833 -3.912129  -4.191077 ]",CWE-269
CVE-2021-28269,"['CWE-863', 'CWE-287', 'CWE-295', 'CWE-862', 'CWE-732', 'CWE-522', 'CWE-276', 'CWE-306', 'CWE-798', 'CWE-346']","[-3.1362092 -3.290572  -3.296996  -3.346972  -3.3710983 -3.6004205
 -3.615364  -3.6392536 -3.8652787 -4.1368394]",CWE-269
CVE-2021-28310,"['CWE-287', 'CWE-295', 'CWE-863', 'CWE-522', 'CWE-281', 'CWE-732', 'CWE-306', 'CWE-862', 'CWE-798', 'CWE-276']","[-4.7653193 -4.9735894 -5.233676  -5.311287  -5.425424  -5.4648986
 -5.46926   -5.4875407 -5.5322886 -5.6040044]",CWE-269
CVE-2021-28321,"['CWE-295', 'CWE-287', 'CWE-863', 'CWE-732', 'CWE-281', 'CWE-522', 'CWE-862', 'CWE-306', 'CWE-276', 'CWE-798']","[-5.113972  -5.116689  -5.3919754 -5.509924  -5.514919  -5.5343995
 -5.6553116 -5.744265  -5.7708735 -5.805343 ]",CWE-269
CVE-2021-28375,"['CWE-295', 'CWE-287', 'CWE-732', 'CWE-863', 'CWE-862', 'CWE-522', 'CWE-276', 'CWE-346', 'CWE-306', 'CWE-798']","[-3.7830644 -3.853372  -3.8902206 -3.901209  -3.99288   -4.112522
 -4.1601496 -4.331837  -4.4056044 -4.5120263]",CWE-269
CVE-2021-28664,"['CWE-863', 'CWE-287', 'CWE-295', 'CWE-732', 'CWE-862', 'CWE-306', 'CWE-522', 'CWE-276', 'CWE-798', 'CWE-346']","[-3.0640159 -3.1213512 -3.265115  -3.3205762 -3.341034  -3.5389938
 -3.5536814 -3.5823128 -3.7423184 -4.1016665]",CWE-269
CVE-2021-29449,"['CWE-287', 'CWE-863', 'CWE-295', 'CWE-732', 'CWE-522', 'CWE-276', 'CWE-862', 'CWE-306', 'CWE-798', 'CWE-290']","[-3.3923285 -3.4867916 -3.5814567 -3.6025636 -3.695273  -3.845555
 -3.8462265 -3.964291  -4.1243606 -4.2438626]",CWE-269
CVE-2021-29452,"['CWE-295', 'CWE-287', 'CWE-863', 'CWE-732', 'CWE-522', 'CWE-862', 'CWE-276', 'CWE-306', 'CWE-346', 'CWE-290']","[-3.6190963 -3.6607833 -3.711633  -3.8633132 -3.87343   -4.021411
 -4.1161747 -4.183424  -4.29543   -4.3621545]",CWE-269
CVE-2021-30462,"['CWE-287', 'CWE-863', 'CWE-295', 'CWE-732', 'CWE-522', 'CWE-276', 'CWE-862', 'CWE-306', 'CWE-798', 'CWE-290']","[-3.3522136 -3.4417384 -3.4526358 -3.6137555 -3.634255  -3.8545213
 -3.8820465 -3.927168  -4.0928526 -4.1326275]",CWE-269
CVE-2021-31155,"['CWE-863', 'CWE-287', 'CWE-295', 'CWE-732', 'CWE-862', 'CWE-306', 'CWE-276', 'CWE-522', 'CWE-798', 'CWE-346']","[-3.1020987 -3.185201  -3.2814798 -3.3207316 -3.3868577 -3.546681
 -3.5746024 -3.5919566 -3.785788  -4.0974226]",CWE-269
CVE-2021-31165,"['CWE-287', 'CWE-295', 'CWE-863', 'CWE-522', 'CWE-732', 'CWE-306', 'CWE-862', 'CWE-798', 'CWE-276', 'CWE-281']","[-4.4868    -4.702988  -4.9466934 -5.0081754 -5.16006   -5.2015367
 -5.2334743 -5.248388  -5.312556  -5.3272114]",CWE-269
CVE-2021-31167,"['CWE-287', 'CWE-295', 'CWE-863', 'CWE-522', 'CWE-732', 'CWE-306', 'CWE-862', 'CWE-281', 'CWE-798', 'CWE-276']","[-4.8272104 -5.028522  -5.2630725 -5.3501186 -5.492423  -5.514399
 -5.5232344 -5.5557375 -5.5754824 -5.626647 ]",CWE-269
CVE-2021-31170,"['CWE-287', 'CWE-295', 'CWE-863', 'CWE-522', 'CWE-732', 'CWE-306', 'CWE-281', 'CWE-862', 'CWE-798', 'CWE-276']","[-4.805645  -5.019519  -5.272726  -5.341216  -5.474132  -5.502419
 -5.5185156 -5.5315847 -5.5553026 -5.6209908]",CWE-269
CVE-2021-31187,"['CWE-287', 'CWE-295', 'CWE-863', 'CWE-522', 'CWE-306', 'CWE-732', 'CWE-798', 'CWE-862', 'CWE-276', 'CWE-281']","[-3.9215407 -4.223233  -4.38584   -4.3893695 -4.5866604 -4.620559
 -4.6472244 -4.6743264 -4.8463717 -4.9437723]",CWE-269
CVE-2021-31188,"['CWE-287', 'CWE-295', 'CWE-863', 'CWE-281', 'CWE-522', 'CWE-732', 'CWE-862', 'CWE-306', 'CWE-276', 'CWE-798']","[-5.5264893 -5.604429  -5.870616  -5.930297  -6.0128894 -6.046036
 -6.103273  -6.186529  -6.1921616 -6.23157  ]",CWE-269
CVE-2021-3162,"['CWE-863', 'CWE-287', 'CWE-295', 'CWE-732', 'CWE-862', 'CWE-306', 'CWE-276', 'CWE-522', 'CWE-798', 'CWE-290']","[-3.0989275 -3.2427676 -3.2873628 -3.3304186 -3.3496253 -3.59089
 -3.6083567 -3.6270318 -3.8507583 -4.12195  ]",CWE-269
CVE-2021-31771,"['CWE-863', 'CWE-287', 'CWE-295', 'CWE-732', 'CWE-862', 'CWE-522', 'CWE-306', 'CWE-276', 'CWE-798', 'CWE-290']","[-3.054855  -3.2032611 -3.2951696 -3.3438914 -3.3768103 -3.602493
 -3.6048052 -3.6273944 -3.851226  -4.1004653]",CWE-269
CVE-2021-31859,"['CWE-863', 'CWE-287', 'CWE-295', 'CWE-862', 'CWE-732', 'CWE-306', 'CWE-276', 'CWE-522', 'CWE-798', 'CWE-290']","[-3.074487  -3.1663516 -3.2606533 -3.3070133 -3.3381438 -3.5016272
 -3.5506802 -3.5742486 -3.7916946 -4.0796394]",CWE-269
CVE-2021-31956,"['CWE-287', 'CWE-295', 'CWE-281', 'CWE-863', 'CWE-522', 'CWE-732', 'CWE-862', 'CWE-306', 'CWE-276', 'CWE-798']","[-5.6750426 -5.740984  -6.017428  -6.04057   -6.158464  -6.177398
 -6.2615724 -6.32988   -6.334789  -6.3777876]",CWE-269
CVE-2021-31958,"['CWE-287', 'CWE-295', 'CWE-863', 'CWE-281', 'CWE-522', 'CWE-732', 'CWE-862', 'CWE-276', 'CWE-306', 'CWE-798']","[-5.642453  -5.685707  -5.9671826 -5.993949  -6.097294  -6.150995
 -6.1808887 -6.2542963 -6.264599  -6.3348775]",CWE-269
CVE-2021-31979,"['CWE-287', 'CWE-295', 'CWE-281', 'CWE-863', 'CWE-522', 'CWE-732', 'CWE-862', 'CWE-306', 'CWE-276', 'CWE-798']","[-5.622809  -5.7256594 -6.020785  -6.0329156 -6.1308765 -6.1825404
 -6.230012  -6.3046756 -6.345541  -6.358617 ]",CWE-269
CVE-2021-32457,"['CWE-863', 'CWE-287', 'CWE-295', 'CWE-862', 'CWE-732', 'CWE-276', 'CWE-522', 'CWE-306', 'CWE-798', 'CWE-346']","[-3.0917635 -3.2439067 -3.3254118 -3.378883  -3.414279  -3.611741
 -3.6300325 -3.6452441 -3.883675  -4.0928435]",CWE-269
CVE-2021-32739,"['CWE-287', 'CWE-863', 'CWE-732', 'CWE-522', 'CWE-295', 'CWE-862', 'CWE-306', 'CWE-798', 'CWE-276', 'CWE-290']","[-3.2613933 -3.3991456 -3.596124  -3.6360228 -3.676197  -3.8391364
 -3.8614607 -4.029413  -4.034255  -4.232574 ]",CWE-269
CVE-2021-33026,"['CWE-295', 'CWE-287', 'CWE-863', 'CWE-522', 'CWE-732', 'CWE-862', 'CWE-306', 'CWE-276', 'CWE-346', 'CWE-798']","[-3.460363  -3.5214214 -3.5659316 -3.7267048 -3.7331853 -3.8632522
 -4.032599  -4.0336366 -4.166108  -4.2788005]",CWE-269
CVE-2021-33527,"['CWE-863', 'CWE-287', 'CWE-295', 'CWE-732', 'CWE-862', 'CWE-276', 'CWE-522', 'CWE-306', 'CWE-798', 'CWE-346']","[-3.1521733 -3.2160525 -3.2835057 -3.3494513 -3.4006262 -3.5400746
 -3.5646536 -3.6078167 -3.814299  -4.1111674]",CWE-269
CVE-2021-33771,"['CWE-287', 'CWE-295', 'CWE-863', 'CWE-281', 'CWE-522', 'CWE-732', 'CWE-862', 'CWE-306', 'CWE-276', 'CWE-798']","[-5.530463  -5.633498  -5.934356  -5.940001  -6.0538063 -6.115571
 -6.1273675 -6.225055  -6.236504  -6.287546 ]",CWE-269
CVE-2021-34462,"['CWE-287', 'CWE-295', 'CWE-863', 'CWE-522', 'CWE-281', 'CWE-732', 'CWE-306', 'CWE-862', 'CWE-798', 'CWE-276']","[-4.832563  -4.996482  -5.311353  -5.387526  -5.4849    -5.50989
 -5.5345964 -5.543775  -5.6181297 -5.6303144]",CWE-269
CVE-2021-34498,"['CWE-287', 'CWE-295', 'CWE-863', 'CWE-281', 'CWE-522', 'CWE-732', 'CWE-862', 'CWE-306', 'CWE-276', 'CWE-798']","[-5.5948954 -5.6521425 -5.9475417 -5.9620867 -6.0620527 -6.111501
 -6.160425  -6.2346163 -6.2589564 -6.290896 ]",CWE-269
CVE-2021-34510,"['CWE-287', 'CWE-295', 'CWE-863', 'CWE-522', 'CWE-281', 'CWE-732', 'CWE-862', 'CWE-306', 'CWE-798', 'CWE-276']","[-4.8547482 -5.0123677 -5.320744  -5.3780107 -5.5210514 -5.5223856
 -5.5451746 -5.558612  -5.607833  -5.6596437]",CWE-269
CVE-2021-34513,"['CWE-287', 'CWE-295', 'CWE-863', 'CWE-522', 'CWE-306', 'CWE-732', 'CWE-862', 'CWE-798', 'CWE-281', 'CWE-276']","[-4.418465  -4.7053423 -4.896882  -4.9440727 -5.124062  -5.125754
 -5.1348567 -5.182635  -5.2591486 -5.307666 ]",CWE-269
CVE-2021-34516,"['CWE-287', 'CWE-295', 'CWE-863', 'CWE-281', 'CWE-522', 'CWE-732', 'CWE-862', 'CWE-276', 'CWE-306', 'CWE-798']","[-5.621719  -5.691887  -5.9389663 -5.9603953 -6.074686  -6.117823
 -6.169933  -6.2513094 -6.263903  -6.2952857]",CWE-269
CVE-2021-34523,"['CWE-287', 'CWE-863', 'CWE-295', 'CWE-732', 'CWE-522', 'CWE-862', 'CWE-306', 'CWE-798', 'CWE-276', 'CWE-307']","[-3.4127884 -3.4902968 -3.688672  -3.7433994 -3.7477784 -3.8807416
 -3.885597  -4.0871825 -4.111268  -4.1594925]",CWE-269
CVE-2021-34621,"['CWE-863', 'CWE-287', 'CWE-295', 'CWE-732', 'CWE-862', 'CWE-276', 'CWE-522', 'CWE-306', 'CWE-798', 'CWE-346']","[-3.0886517 -3.216009  -3.2997043 -3.3494627 -3.3933494 -3.5842803
 -3.6156363 -3.6298301 -3.835788  -4.114617 ]",CWE-269
CVE-2021-3493,"['CWE-295', 'CWE-287', 'CWE-863', 'CWE-522', 'CWE-732', 'CWE-346', 'CWE-862', 'CWE-276', 'CWE-290', 'CWE-306']","[-3.8292303 -3.9369817 -4.027541  -4.143058  -4.1649065 -4.252878
 -4.2980685 -4.4702806 -4.5051947 -4.528905 ]",CWE-269
CVE-2015-0535,"['CWE-863', 'CWE-295', 'CWE-287', 'CWE-862', 'CWE-732', 'CWE-522', 'CWE-269', 'CWE-276', 'CWE-306', 'CWE-290']","[-3.5062242 -3.6643083 -3.6857786 -3.7183726 -3.808939  -3.8268938
 -3.8777986 -3.9395099 -4.1588326 -4.430387 ]",CWE-284
CVE-2015-3152,"['CWE-269', 'CWE-287', 'CWE-295', 'CWE-863', 'CWE-862', 'CWE-732', 'CWE-522', 'CWE-276', 'CWE-306', 'CWE-281']","[-4.2211504 -4.5084486 -4.5953417 -4.649872  -4.867805  -5.0674915
 -5.120047  -5.143258  -5.223223  -5.301201 ]",CWE-284
CVE-2016-0767,"['CWE-863', 'CWE-862', 'CWE-287', 'CWE-732', 'CWE-306', 'CWE-276', 'CWE-269', 'CWE-295', 'CWE-522', 'CWE-798']","[-2.8354077 -2.9241133 -3.11549   -3.1963518 -3.3878565 -3.4198534
 -3.4290102 -3.467975  -3.6202192 -3.844082 ]",CWE-284
CVE-2016-2119,"['CWE-287', 'CWE-863', 'CWE-862', 'CWE-295', 'CWE-269', 'CWE-522', 'CWE-732', 'CWE-276', 'CWE-306', 'CWE-290']","[-3.5979152 -3.611528  -3.7417154 -3.7623806 -3.833913  -3.983769
 -3.9888525 -4.078523  -4.266492  -4.462158 ]",CWE-284
CVE-2016-2192,"['CWE-863', 'CWE-862', 'CWE-287', 'CWE-732', 'CWE-306', 'CWE-276', 'CWE-269', 'CWE-295', 'CWE-522', 'CWE-798']","[-2.7977302 -2.8870173 -3.067246  -3.2301424 -3.4125109 -3.416631
 -3.4269998 -3.4729812 -3.635026  -3.8489015]",CWE-284
CVE-2016-4514,"['CWE-863', 'CWE-862', 'CWE-287', 'CWE-732', 'CWE-269', 'CWE-295', 'CWE-306', 'CWE-276', 'CWE-522', 'CWE-798']","[-2.7316175 -2.873427  -3.0489612 -3.160327  -3.2979293 -3.3950536
 -3.4263275 -3.448199  -3.5537794 -3.8619466]",CWE-284
CVE-2016-5334,"['CWE-863', 'CWE-287', 'CWE-269', 'CWE-295', 'CWE-862', 'CWE-522', 'CWE-732', 'CWE-276', 'CWE-306', 'CWE-290']","[-3.70605   -3.7841365 -3.823534  -3.864335  -3.9906754 -4.1827955
 -4.193506  -4.356389  -4.4314713 -4.649059 ]",CWE-284
CVE-2016-5385,"['CWE-269', 'CWE-295', 'CWE-863', 'CWE-862', 'CWE-287', 'CWE-732', 'CWE-522', 'CWE-346', 'CWE-276', 'CWE-306']","[-4.358678  -4.771754  -4.8217278 -4.835955  -4.9070115 -4.9331303
 -5.2319155 -5.241328  -5.2485776 -5.5125327]",CWE-284
CVE-2016-5787,"['CWE-863', 'CWE-862', 'CWE-287', 'CWE-732', 'CWE-269', 'CWE-295', 'CWE-306', 'CWE-276', 'CWE-522', 'CWE-798']","[-2.8537712 -2.9142308 -3.1264386 -3.2675567 -3.466503  -3.475377
 -3.4790816 -3.5191028 -3.6281252 -3.9340794]",CWE-284
CVE-2016-6797,"['CWE-863', 'CWE-287', 'CWE-862', 'CWE-732', 'CWE-269', 'CWE-522', 'CWE-295', 'CWE-306', 'CWE-276', 'CWE-798']","[-3.399013  -3.4311633 -3.5423737 -3.7385693 -3.812801  -3.8399096
 -3.9242723 -3.9744072 -4.0136976 -4.288892 ]",CWE-284
CVE-2018-7847,"['CWE-863', 'CWE-862', 'CWE-287', 'CWE-732', 'CWE-269', 'CWE-295', 'CWE-306', 'CWE-276', 'CWE-522', 'CWE-798']","[-2.8709257 -2.9768813 -3.14988   -3.272237  -3.4199374 -3.5070953
 -3.5273514 -3.5345552 -3.635426  -3.9373322]",CWE-284
CVE-2020-25238,"['CWE-863', 'CWE-287', 'CWE-295', 'CWE-862', 'CWE-269', 'CWE-522', 'CWE-732', 'CWE-276', 'CWE-306', 'CWE-290']","[-3.6502879 -3.6938443 -3.719739  -3.8488662 -3.8511846 -4.0371175
 -4.0518794 -4.262921  -4.3288617 -4.5724983]",CWE-284
CVE-2020-25629,"['CWE-863', 'CWE-287', 'CWE-862', 'CWE-732', 'CWE-522', 'CWE-306', 'CWE-269', 'CWE-276', 'CWE-295', 'CWE-798']","[-3.0524454 -3.0914047 -3.1959796 -3.537863  -3.6104622 -3.6198573
 -3.7103667 -3.7305288 -3.8196251 -3.919261 ]",CWE-284
CVE-2020-25634,"['CWE-863', 'CWE-287', 'CWE-862', 'CWE-295', 'CWE-732', 'CWE-269', 'CWE-522', 'CWE-276', 'CWE-306', 'CWE-290']","[-3.2315722 -3.4240158 -3.494628  -3.6359372 -3.6393912 -3.6693845
 -3.7802756 -3.9092093 -3.962141  -4.324657 ]",CWE-284
CVE-2020-27831,"['CWE-863', 'CWE-287', 'CWE-862', 'CWE-295', 'CWE-269', 'CWE-732', 'CWE-522', 'CWE-276', 'CWE-306', 'CWE-290']","[-3.4488928 -3.5704653 -3.6601212 -3.8180084 -3.8517692 -3.9081533
 -3.9113562 -4.0526896 -4.188861  -4.414601 ]",CWE-284
CVE-2021-1231,"['CWE-863', 'CWE-862', 'CWE-287', 'CWE-732', 'CWE-269', 'CWE-306', 'CWE-276', 'CWE-295', 'CWE-522', 'CWE-798']","[-2.8001175 -2.9261    -3.1290076 -3.2488072 -3.3960433 -3.442818
 -3.4664433 -3.5169368 -3.6590006 -3.885666 ]",CWE-284
CVE-2021-21399,"['CWE-287', 'CWE-863', 'CWE-862', 'CWE-732', 'CWE-269', 'CWE-522', 'CWE-295', 'CWE-306', 'CWE-276', 'CWE-798']","[-3.315823  -3.3256886 -3.5768898 -3.7480376 -3.7904522 -3.810101
 -3.8776274 -3.9247072 -4.060817  -4.255714 ]",CWE-284
CVE-2021-24146,"['CWE-863', 'CWE-287', 'CWE-862', 'CWE-732', 'CWE-295', 'CWE-269', 'CWE-522', 'CWE-306', 'CWE-276', 'CWE-290']","[-3.3569772 -3.4170036 -3.496609  -3.6369443 -3.7085493 -3.7250466
 -3.805186  -3.9551692 -3.957096  -4.3401403]",CWE-284
CVE-2021-24215,"['CWE-863', 'CWE-862', 'CWE-287', 'CWE-269', 'CWE-732', 'CWE-295', 'CWE-522', 'CWE-276', 'CWE-306', 'CWE-798']","[-3.4197392 -3.5105543 -3.5180516 -3.6657903 -3.6855614 -3.7589304
 -3.8372078 -3.9804826 -4.0211697 -4.430296 ]",CWE-284
CVE-2021-24219,"['CWE-269', 'CWE-295', 'CWE-863', 'CWE-862', 'CWE-732', 'CWE-287', 'CWE-522', 'CWE-276', 'CWE-346', 'CWE-306']","[-4.369401  -4.6915703 -4.9057846 -5.0334435 -5.093049  -5.1339784
 -5.274198  -5.282345  -5.3569326 -5.7289133]",CWE-284
CVE-2021-24238,"['CWE-863', 'CWE-269', 'CWE-295', 'CWE-287', 'CWE-862', 'CWE-732', 'CWE-522', 'CWE-276', 'CWE-306', 'CWE-290']","[-3.7621171 -3.8236403 -3.879292  -3.8872395 -3.9028294 -4.130172
 -4.200596  -4.3436403 -4.505447  -4.808126 ]",CWE-284
CVE-2021-24318,"['CWE-863', 'CWE-862', 'CWE-287', 'CWE-732', 'CWE-269', 'CWE-295', 'CWE-306', 'CWE-276', 'CWE-522', 'CWE-552']","[-2.783123  -2.8916433 -3.033667  -3.2268076 -3.3812296 -3.4070578
 -3.4080887 -3.457681  -3.5399594 -3.8676298]",CWE-284
CVE-2021-24352,"['CWE-863', 'CWE-862', 'CWE-287', 'CWE-732', 'CWE-306', 'CWE-295', 'CWE-276', 'CWE-269', 'CWE-522', 'CWE-798']","[-2.8010333 -2.8679276 -3.0982795 -3.216326  -3.3746336 -3.4204297
 -3.4242666 -3.44659   -3.611768  -3.872549 ]",CWE-284
CVE-2021-24353,"['CWE-863', 'CWE-862', 'CWE-287', 'CWE-732', 'CWE-306', 'CWE-295', 'CWE-269', 'CWE-276', 'CWE-522', 'CWE-798']","[-2.829767  -2.8975995 -3.0958753 -3.222635  -3.400107  -3.4315236
 -3.4328222 -3.4654725 -3.5853033 -3.8827274]",CWE-284
CVE-2021-24355,"['CWE-863', 'CWE-862', 'CWE-287', 'CWE-732', 'CWE-269', 'CWE-306', 'CWE-276', 'CWE-295', 'CWE-522', 'CWE-798']","[-2.7885933 -2.903403  -3.1338208 -3.2735722 -3.4337    -3.4542282
 -3.4799352 -3.4934168 -3.660284  -3.927471 ]",CWE-284
CVE-2021-24356,"['CWE-863', 'CWE-862', 'CWE-287', 'CWE-732', 'CWE-269', 'CWE-306', 'CWE-295', 'CWE-276', 'CWE-522', 'CWE-798']","[-2.7889946 -2.9535396 -3.079644  -3.2581868 -3.4071658 -3.4432895
 -3.4862146 -3.5245044 -3.577061  -3.8850954]",CWE-284
CVE-2021-24359,"['CWE-863', 'CWE-862', 'CWE-287', 'CWE-732', 'CWE-269', 'CWE-276', 'CWE-306', 'CWE-295', 'CWE-522', 'CWE-798']","[-2.8777611 -3.0039954 -3.1062207 -3.326118  -3.4497151 -3.4538584
 -3.488837  -3.5238404 -3.640471  -3.932991 ]",CWE-284
CVE-2021-24473,"['CWE-863', 'CWE-862', 'CWE-287', 'CWE-732', 'CWE-276', 'CWE-269', 'CWE-295', 'CWE-306', 'CWE-522', 'CWE-798']","[-2.8566775 -2.981241  -3.1728988 -3.2385168 -3.4612675 -3.467515
 -3.489045  -3.5353816 -3.6263497 -3.9317145]",CWE-284
CVE-2021-28798,"['CWE-863', 'CWE-287', 'CWE-862', 'CWE-732', 'CWE-522', 'CWE-306', 'CWE-295', 'CWE-269', 'CWE-276', 'CWE-798']","[-3.0303526 -3.2065911 -3.294583  -3.3235092 -3.4741817 -3.5930238
 -3.808669  -3.8542066 -3.8860564 -3.9592075]",CWE-284
CVE-2016-4029,"['CWE-287', 'CWE-522', 'CWE-863', 'CWE-798', 'CWE-862', 'CWE-732', 'CWE-306', 'CWE-295', 'CWE-552', 'CWE-290']","[-2.943215  -3.1907365 -3.2040236 -3.38545   -3.468142  -3.4913194
 -3.5069137 -3.6051407 -3.6335056 -3.664619 ]",CWE-285
CVE-2018-13382,"['CWE-287', 'CWE-522', 'CWE-863', 'CWE-798', 'CWE-552', 'CWE-862', 'CWE-732', 'CWE-290', 'CWE-306', 'CWE-295']","[-3.085961  -3.258697  -3.2589896 -3.4570718 -3.5002756 -3.5185826
 -3.5358663 -3.5708296 -3.5867064 -3.6609356]",CWE-285
CVE-2018-20826,"['CWE-287', 'CWE-522', 'CWE-863', 'CWE-798', 'CWE-732', 'CWE-295', 'CWE-306', 'CWE-862', 'CWE-552', 'CWE-290']","[-3.1410887 -3.300392  -3.326424  -3.4695597 -3.5100603 -3.552589
 -3.562646  -3.6210573 -3.6633759 -3.667148 ]",CWE-285
CVE-2019-14870,"['CWE-295', 'CWE-863', 'CWE-287', 'CWE-269', 'CWE-346', 'CWE-522', 'CWE-732', 'CWE-862', 'CWE-290', 'CWE-276']","[-3.9933484 -4.011262  -4.024079  -4.026362  -4.1140895 -4.1518493
 -4.2454386 -4.2484384 -4.307495  -4.368764 ]",CWE-285
CVE-2019-3842,"['CWE-295', 'CWE-269', 'CWE-346', 'CWE-863', 'CWE-287', 'CWE-522', 'CWE-862', 'CWE-290', 'CWE-732', 'CWE-276']","[-4.023303  -4.087942  -4.134703  -4.2178254 -4.2271776 -4.2983527
 -4.4372544 -4.4568954 -4.4731636 -4.551687 ]",CWE-285
CVE-2020-15084,"['CWE-287', 'CWE-522', 'CWE-863', 'CWE-295', 'CWE-290', 'CWE-798', 'CWE-862', 'CWE-306', 'CWE-732', 'CWE-552']","[-2.9802964 -3.1939342 -3.298509  -3.397872  -3.4248133 -3.5346005
 -3.547773  -3.580226  -3.5942745 -3.634003 ]",CWE-285
CVE-2020-24402,"['CWE-287', 'CWE-863', 'CWE-522', 'CWE-798', 'CWE-552', 'CWE-732', 'CWE-306', 'CWE-862', 'CWE-639', 'CWE-290']","[-3.07487   -3.2720277 -3.3060238 -3.4471545 -3.5003407 -3.5004559
 -3.5080204 -3.5560412 -3.6292036 -3.658154 ]",CWE-285
CVE-2021-21022,"['CWE-287', 'CWE-863', 'CWE-522', 'CWE-732', 'CWE-306', 'CWE-862', 'CWE-798', 'CWE-552', 'CWE-639', 'CWE-295']","[-3.1252036 -3.2400882 -3.349464  -3.4672167 -3.506458  -3.5122325
 -3.5144815 -3.5754461 -3.6696413 -3.712825 ]",CWE-285
CVE-2021-21362,"['CWE-287', 'CWE-522', 'CWE-863', 'CWE-295', 'CWE-290', 'CWE-798', 'CWE-552', 'CWE-732', 'CWE-306', 'CWE-862']","[-3.0198653 -3.2563882 -3.2715735 -3.4267492 -3.4836063 -3.4956498
 -3.5418203 -3.5661473 -3.5820887 -3.5899332]",CWE-285
CVE-2021-32619,"['CWE-287', 'CWE-522', 'CWE-863', 'CWE-295', 'CWE-290', 'CWE-798', 'CWE-732', 'CWE-306', 'CWE-552', 'CWE-862']","[-3.015756  -3.1965172 -3.3170643 -3.3603902 -3.480872  -3.4844654
 -3.583754  -3.5842931 -3.5914304 -3.6329234]",CWE-285
CVE-2021-32620,"['CWE-287', 'CWE-522', 'CWE-863', 'CWE-798', 'CWE-306', 'CWE-732', 'CWE-552', 'CWE-295', 'CWE-862', 'CWE-290']","[-2.9648597 -3.1842077 -3.311749  -3.4411216 -3.5337746 -3.534715
 -3.5771828 -3.6329956 -3.6591809 -3.66894  ]",CWE-285
CVE-2021-35964,"['CWE-863', 'CWE-287', 'CWE-798', 'CWE-732', 'CWE-306', 'CWE-522', 'CWE-862', 'CWE-552', 'CWE-295', 'CWE-290']","[-2.723341  -2.8295174 -2.9664612 -2.9679272 -2.9856255 -2.9864779
 -2.9869995 -3.0686269 -3.214998  -3.2462463]",CWE-285
CVE-2007-4188,"['CWE-798', 'CWE-522', 'CWE-306', 'CWE-295', 'CWE-290', 'CWE-521', 'CWE-294', 'CWE-307', 'CWE-640', 'CWE-425']","[-2.7733653 -2.8896775 -2.8906045 -3.4091187 -3.8054044 -3.889996
 -3.9102042 -3.952905  -3.9717455 -4.307453 ]",CWE-287
CVE-2007-6013,"['CWE-798', 'CWE-522', 'CWE-306', 'CWE-295', 'CWE-307', 'CWE-521', 'CWE-640', 'CWE-290', 'CWE-294', 'CWE-425']","[-3.365646  -3.4016724 -3.410877  -3.8443904 -4.434801  -4.4575233
 -4.4711514 -4.4941554 -4.6393213 -4.882666 ]",CWE-287
CVE-2008-0087,"['CWE-295', 'CWE-522', 'CWE-306', 'CWE-798', 'CWE-290', 'CWE-640', 'CWE-307', 'CWE-521', 'CWE-294', 'CWE-425']","[-4.927348  -5.4531913 -5.5248    -5.583105  -6.3113937 -6.3993554
 -6.4730115 -6.5351734 -6.761826  -6.8184996]",CWE-287
CVE-2008-0961,"['CWE-798', 'CWE-306', 'CWE-522', 'CWE-295', 'CWE-290', 'CWE-521', 'CWE-294', 'CWE-307', 'CWE-640', 'CWE-425']","[-2.8808384 -2.993351  -2.9949398 -3.5032752 -3.9125369 -3.9870262
 -4.010194  -4.0621586 -4.0916495 -4.3991547]",CWE-287
CVE-2008-1672,"['CWE-522', 'CWE-295', 'CWE-798', 'CWE-306', 'CWE-290', 'CWE-521', 'CWE-640', 'CWE-307', 'CWE-294', 'CWE-425']","[-3.4059145 -3.5316076 -3.5616887 -3.5724902 -4.179316  -4.4060054
 -4.4280043 -4.544049  -4.601135  -4.8146906]",CWE-287
CVE-2008-2369,"['CWE-798', 'CWE-522', 'CWE-306', 'CWE-295', 'CWE-290', 'CWE-521', 'CWE-294', 'CWE-307', 'CWE-640', 'CWE-425']","[-2.8432248 -2.9523964 -2.9629939 -3.4727173 -3.8827426 -3.9359953
 -3.9680312 -4.022286  -4.0438375 -4.3622656]",CWE-287
CVE-2008-2433,"['CWE-798', 'CWE-306', 'CWE-522', 'CWE-295', 'CWE-290', 'CWE-521', 'CWE-294', 'CWE-307', 'CWE-640', 'CWE-425']","[-2.7998285 -2.907669  -2.940864  -3.4328105 -3.85712   -3.9127748
 -3.9459221 -3.989964  -4.036093  -4.315185 ]",CWE-287
CVE-2008-5784,"['CWE-798', 'CWE-306', 'CWE-522', 'CWE-295', 'CWE-290', 'CWE-521', 'CWE-294', 'CWE-307', 'CWE-640', 'CWE-425']","[-2.8730025 -2.9949372 -3.0079582 -3.5081325 -3.9316173 -3.9870005
 -4.0035276 -4.046134  -4.0804954 -4.3789973]",CWE-287
CVE-2008-7109,"['CWE-798', 'CWE-306', 'CWE-522', 'CWE-295', 'CWE-290', 'CWE-521', 'CWE-294', 'CWE-307', 'CWE-640', 'CWE-425']","[-2.7663214 -2.8426492 -2.8707516 -3.3605998 -3.7701619 -3.8353496
 -3.8792348 -3.9550316 -3.9915802 -4.3216777]",CWE-287
CVE-2009-0265,"['CWE-295', 'CWE-522', 'CWE-798', 'CWE-306', 'CWE-290', 'CWE-640', 'CWE-521', 'CWE-307', 'CWE-294', 'CWE-425']","[-3.6833951 -3.7076876 -3.7318552 -3.79869   -4.556664  -4.643703
 -4.6598644 -4.752523  -4.8491273 -5.079316 ]",CWE-287
CVE-2009-1048,"['CWE-798', 'CWE-306', 'CWE-522', 'CWE-295', 'CWE-290', 'CWE-521', 'CWE-294', 'CWE-307', 'CWE-640', 'CWE-425']","[-2.8713682 -2.9482698 -2.96676   -3.4862266 -3.8883138 -3.9764125
 -3.9812331 -4.038132  -4.0565977 -4.392476 ]",CWE-287
CVE-2009-3168,"['CWE-798', 'CWE-306', 'CWE-522', 'CWE-295', 'CWE-290', 'CWE-521', 'CWE-294', 'CWE-307', 'CWE-640', 'CWE-425']","[-2.819671  -2.9332597 -2.9424217 -3.4538143 -3.8573003 -3.913654
 -3.9425488 -4.008725  -4.02809   -4.3420796]",CWE-287
CVE-2012-4245,"['CWE-798', 'CWE-522', 'CWE-306', 'CWE-295', 'CWE-290', 'CWE-640', 'CWE-521', 'CWE-307', 'CWE-294', 'CWE-425']","[-3.580583  -3.5928612 -3.6237879 -3.7108643 -4.4462376 -4.4517884
 -4.4599614 -4.6054287 -4.710123  -4.8736687]",CWE-287
CVE-2014-4872,"['CWE-798', 'CWE-522', 'CWE-306', 'CWE-295', 'CWE-290', 'CWE-521', 'CWE-294', 'CWE-307', 'CWE-640', 'CWE-425']","[-2.7697375 -2.8770087 -2.8915606 -3.3702118 -3.7837167 -3.8589818
 -3.8751447 -3.9553323 -3.9950867 -4.3069215]",CWE-287
CVE-2017-7562,"['CWE-295', 'CWE-522', 'CWE-798', 'CWE-306', 'CWE-290', 'CWE-640', 'CWE-521', 'CWE-307', 'CWE-294', 'CWE-425']","[-4.666291  -5.2482934 -5.444697  -5.5320067 -6.005183  -6.0582676
 -6.202469  -6.2733207 -6.4886103 -6.495159 ]",CWE-287
CVE-2018-14643,"['CWE-798', 'CWE-522', 'CWE-306', 'CWE-295', 'CWE-521', 'CWE-290', 'CWE-307', 'CWE-640', 'CWE-294', 'CWE-425']","[-3.3796916 -3.4680734 -3.4898736 -3.8818197 -4.3524685 -4.4258204
 -4.462451  -4.48111   -4.5792274 -4.809919 ]",CWE-287
CVE-2019-19104,"['CWE-798', 'CWE-306', 'CWE-522', 'CWE-295', 'CWE-290', 'CWE-521', 'CWE-294', 'CWE-307', 'CWE-640', 'CWE-425']","[-2.7997253 -2.8679655 -2.910994  -3.4205956 -3.832493  -3.889086
 -3.927251  -3.9932177 -4.018074  -4.3528757]",CWE-287
CVE-2019-3884,"['CWE-798', 'CWE-306', 'CWE-522', 'CWE-295', 'CWE-521', 'CWE-290', 'CWE-307', 'CWE-640', 'CWE-294', 'CWE-425']","[-3.20958   -3.2547317 -3.3150077 -3.6469715 -4.2090755 -4.2225337
 -4.2331457 -4.3000736 -4.453222  -4.67945  ]",CWE-287
CVE-2020-10126,"['CWE-798', 'CWE-522', 'CWE-306', 'CWE-295', 'CWE-290', 'CWE-521', 'CWE-294', 'CWE-307', 'CWE-640', 'CWE-425']","[-2.8918242 -3.012627  -3.025527  -3.5356574 -3.9612436 -3.989132
 -4.016328  -4.0600924 -4.1070876 -4.4026012]",CWE-287
CVE-2020-10135,"['CWE-295', 'CWE-522', 'CWE-798', 'CWE-306', 'CWE-290', 'CWE-640', 'CWE-521', 'CWE-307', 'CWE-294', 'CWE-425']","[-3.6899507 -3.8515472 -4.01835   -4.116218  -4.6871347 -4.7400455
 -4.8997188 -4.9989753 -5.099849  -5.263791 ]",CWE-287
CVE-2020-11012,"['CWE-522', 'CWE-306', 'CWE-798', 'CWE-295', 'CWE-290', 'CWE-640', 'CWE-521', 'CWE-307', 'CWE-294', 'CWE-425']","[-3.2481208 -3.2789524 -3.3196247 -3.4534354 -4.1264987 -4.162303
 -4.190551  -4.3126817 -4.347444  -4.644901 ]",CWE-287
CVE-2020-12505,"['CWE-798', 'CWE-306', 'CWE-522', 'CWE-295', 'CWE-290', 'CWE-521', 'CWE-294', 'CWE-307', 'CWE-640', 'CWE-425']","[-2.8021336 -2.922277  -2.9303758 -3.4646668 -3.8909755 -3.9153166
 -3.9359365 -3.9783418 -4.046671  -4.3366985]",CWE-287
CVE-2020-12506,"['CWE-798', 'CWE-522', 'CWE-306', 'CWE-295', 'CWE-290', 'CWE-521', 'CWE-294', 'CWE-307', 'CWE-640', 'CWE-425']","[-2.8000712 -2.9200444 -2.9529123 -3.4701025 -3.8756733 -3.9117649
 -3.9156415 -3.96029   -4.0004387 -4.329496 ]",CWE-287
CVE-2020-12812,"['CWE-798', 'CWE-306', 'CWE-522', 'CWE-295', 'CWE-290', 'CWE-640', 'CWE-521', 'CWE-307', 'CWE-294', 'CWE-425']","[-3.2963514 -3.3507106 -3.376566  -3.7555544 -4.3079762 -4.3084106
 -4.3330455 -4.333072  -4.536872  -4.77697  ]",CWE-287
CVE-2020-13963,"['CWE-522', 'CWE-798', 'CWE-306', 'CWE-295', 'CWE-290', 'CWE-521', 'CWE-640', 'CWE-307', 'CWE-294', 'CWE-425']","[-3.2267969 -3.2712421 -3.347905  -3.624524  -4.202341  -4.223201
 -4.2612634 -4.2895756 -4.471769  -4.727004 ]",CWE-287
CVE-2020-14494,"['CWE-798', 'CWE-306', 'CWE-522', 'CWE-295', 'CWE-521', 'CWE-307', 'CWE-290', 'CWE-640', 'CWE-294', 'CWE-425']","[-3.203104  -3.2101746 -3.219602  -3.7817838 -4.2078753 -4.2438664
 -4.360009  -4.3695726 -4.4565716 -4.72946  ]",CWE-287
CVE-2020-15078,"['CWE-295', 'CWE-522', 'CWE-798', 'CWE-306', 'CWE-640', 'CWE-290', 'CWE-521', 'CWE-307', 'CWE-294', 'CWE-425']","[-4.0130124 -4.0423293 -4.161342  -4.2489934 -4.771868  -4.8507214
 -4.992922  -5.021147  -5.1974726 -5.277473 ]",CWE-287
CVE-2020-15136,"['CWE-522', 'CWE-306', 'CWE-295', 'CWE-798', 'CWE-290', 'CWE-521', 'CWE-640', 'CWE-307', 'CWE-294', 'CWE-425']","[-3.3814092 -3.4422565 -3.499867  -3.5046067 -4.196165  -4.245606
 -4.297866  -4.439687  -4.482079  -4.7611365]",CWE-287
CVE-2020-15164,"['CWE-522', 'CWE-306', 'CWE-295', 'CWE-798', 'CWE-290', 'CWE-640', 'CWE-521', 'CWE-307', 'CWE-294', 'CWE-425']","[-3.247718  -3.4200842 -3.421065  -3.4734855 -4.171192  -4.3577943
 -4.3579426 -4.531216  -4.540461  -4.8727803]",CWE-287
CVE-2020-15222,"['CWE-798', 'CWE-522', 'CWE-306', 'CWE-295', 'CWE-290', 'CWE-640', 'CWE-521', 'CWE-307', 'CWE-294', 'CWE-425']","[-3.227164  -3.2315195 -3.2403717 -3.3385005 -4.0240736 -4.1305614
 -4.1753626 -4.2608423 -4.2953863 -4.6219974]",CWE-287
CVE-2020-15243,"['CWE-522', 'CWE-306', 'CWE-798', 'CWE-295', 'CWE-290', 'CWE-640', 'CWE-521', 'CWE-307', 'CWE-294', 'CWE-425']","[-3.3177733 -3.4336703 -3.4438188 -3.4978325 -4.142516  -4.3273783
 -4.3367424 -4.47647   -4.5037637 -4.78329  ]",CWE-287
CVE-2020-16098,"['CWE-798', 'CWE-306', 'CWE-522', 'CWE-295', 'CWE-640', 'CWE-290', 'CWE-521', 'CWE-307', 'CWE-294', 'CWE-425']","[-3.3733444 -3.4192462 -3.441628  -3.785135  -4.264094  -4.2782235
 -4.3026376 -4.318788  -4.433544  -4.6544323]",CWE-287
CVE-2020-16102,"['CWE-306', 'CWE-798', 'CWE-522', 'CWE-295', 'CWE-521', 'CWE-640', 'CWE-290', 'CWE-307', 'CWE-294', 'CWE-425']","[-3.2425463 -3.2801764 -3.3193586 -3.768252  -4.2186985 -4.238498
 -4.242124  -4.2430716 -4.334109  -4.6008334]",CWE-287
CVE-2020-1675,"['CWE-522', 'CWE-295', 'CWE-798', 'CWE-306', 'CWE-290', 'CWE-521', 'CWE-640', 'CWE-307', 'CWE-294', 'CWE-425']","[-3.3244452 -3.3791628 -3.4040267 -3.4081678 -4.138844  -4.210675
 -4.242956  -4.403069  -4.4725246 -4.7464185]",CWE-287
CVE-2020-19419,"['CWE-798', 'CWE-306', 'CWE-522', 'CWE-295', 'CWE-290', 'CWE-521', 'CWE-294', 'CWE-307', 'CWE-640', 'CWE-425']","[-2.835212  -2.9286232 -2.9320931 -3.4478292 -3.873214  -3.9343724
 -3.9430606 -3.989419  -4.036806  -4.347829 ]",CWE-287
CVE-2020-21934,"['CWE-798', 'CWE-522', 'CWE-306', 'CWE-295', 'CWE-290', 'CWE-521', 'CWE-294', 'CWE-307', 'CWE-640', 'CWE-425']","[-2.7541752 -2.8630912 -2.8645258 -3.3816051 -3.7987995 -3.8445797
 -3.8670475 -3.9531353 -3.9865208 -4.2802687]",CWE-287
CVE-2020-22001,"['CWE-798', 'CWE-306', 'CWE-522', 'CWE-295', 'CWE-290', 'CWE-521', 'CWE-294', 'CWE-307', 'CWE-640', 'CWE-425']","[-2.7652762 -2.8890603 -2.8940318 -3.4087284 -3.8104317 -3.8740768
 -3.8989642 -3.9325309 -3.9699423 -4.289044 ]",CWE-287
CVE-2020-25218,"['CWE-798', 'CWE-306', 'CWE-522', 'CWE-295', 'CWE-290', 'CWE-521', 'CWE-294', 'CWE-307', 'CWE-640', 'CWE-425']","[-2.8180456 -2.911237  -2.9359527 -3.4315426 -3.849052  -3.9143655
 -3.9630537 -4.0216694 -4.053964  -4.3681035]",CWE-287
CVE-2020-35758,"['CWE-798', 'CWE-522', 'CWE-306', 'CWE-295', 'CWE-290', 'CWE-521', 'CWE-294', 'CWE-307', 'CWE-640', 'CWE-425']","[-2.8171158 -2.9525857 -2.977297  -3.4986222 -3.912967  -3.9590468
 -3.9656947 -4.0232058 -4.067016  -4.366393 ]",CWE-287
CVE-2020-36125,"['CWE-798', 'CWE-306', 'CWE-522', 'CWE-295', 'CWE-290', 'CWE-521', 'CWE-294', 'CWE-307', 'CWE-640', 'CWE-425']","[-2.8346276 -2.9971468 -2.9991443 -3.5389798 -3.9486485 -3.9765255
 -3.9782906 -4.003765  -4.050908  -4.3462443]",CWE-287
CVE-2020-3952,"['CWE-522', 'CWE-798', 'CWE-306', 'CWE-295', 'CWE-290', 'CWE-521', 'CWE-640', 'CWE-307', 'CWE-294', 'CWE-425']","[-3.2491817 -3.3047597 -3.3398278 -3.4929569 -4.174105  -4.17991
 -4.27243   -4.3189106 -4.4659586 -4.755108 ]",CWE-287
CVE-2020-4670,"['CWE-798', 'CWE-522', 'CWE-306', 'CWE-295', 'CWE-290', 'CWE-521', 'CWE-640', 'CWE-307', 'CWE-294', 'CWE-425']","[-3.3291485 -3.3332658 -3.3579605 -3.5576565 -4.197803  -4.229047
 -4.2679024 -4.3043313 -4.419673  -4.69882  ]",CWE-287
CVE-2021-0570,"['CWE-798', 'CWE-306', 'CWE-522', 'CWE-295', 'CWE-307', 'CWE-521', 'CWE-290', 'CWE-640', 'CWE-294', 'CWE-425']","[-3.2081852 -3.2549877 -3.4354963 -3.809173  -4.2644763 -4.2772737
 -4.337848  -4.3624554 -4.3933935 -4.63469  ]",CWE-287
CVE-2021-0571,"['CWE-798', 'CWE-306', 'CWE-522', 'CWE-295', 'CWE-307', 'CWE-290', 'CWE-521', 'CWE-640', 'CWE-294', 'CWE-425']","[-3.2553768 -3.2683008 -3.4410057 -3.7488387 -4.2502747 -4.292788
 -4.2982144 -4.3857727 -4.4305134 -4.611865 ]",CWE-287
CVE-2021-0572,"['CWE-798', 'CWE-306', 'CWE-522', 'CWE-295', 'CWE-307', 'CWE-521', 'CWE-290', 'CWE-294', 'CWE-640', 'CWE-425']","[-3.1932924 -3.2033215 -3.3956714 -3.6887844 -4.227423  -4.279803
 -4.3353453 -4.3815885 -4.391298  -4.6126804]",CWE-287
CVE-2021-1543,"['CWE-798', 'CWE-306', 'CWE-522', 'CWE-295', 'CWE-290', 'CWE-521', 'CWE-294', 'CWE-307', 'CWE-640', 'CWE-425']","[-2.7882876 -2.8841696 -2.9147456 -3.4026818 -3.8306317 -3.8868957
 -3.9261427 -3.9697826 -4.0191708 -4.320977 ]",CWE-287
CVE-2021-20107,"['CWE-798', 'CWE-306', 'CWE-522', 'CWE-295', 'CWE-290', 'CWE-521', 'CWE-294', 'CWE-307', 'CWE-640', 'CWE-425']","[-2.8200302 -2.893158  -2.904975  -3.4126    -3.8233721 -3.900856
 -3.9462268 -4.027324  -4.0638843 -4.3800535]",CWE-287
CVE-2021-21125,"['CWE-522', 'CWE-295', 'CWE-798', 'CWE-306', 'CWE-290', 'CWE-640', 'CWE-521', 'CWE-307', 'CWE-294', 'CWE-425']","[-3.7885523 -3.9787464 -4.002212  -4.049206  -4.7494874 -4.9376326
 -5.0067816 -5.0083213 -5.0796    -5.363585 ]",CWE-287
CVE-2021-21126,"['CWE-522', 'CWE-295', 'CWE-798', 'CWE-306', 'CWE-290', 'CWE-640', 'CWE-521', 'CWE-307', 'CWE-294', 'CWE-425']","[-3.7690842 -3.9358473 -3.9525611 -3.9860928 -4.6872525 -4.884034
 -4.9329243 -4.944673  -5.006318  -5.247504 ]",CWE-287
CVE-2021-21131,"['CWE-522', 'CWE-295', 'CWE-798', 'CWE-306', 'CWE-290', 'CWE-640', 'CWE-521', 'CWE-307', 'CWE-294', 'CWE-425']","[-3.7318404 -3.9088676 -3.943267  -3.9783747 -4.6848783 -4.858253
 -4.928469  -4.9440823 -5.012042  -5.29022  ]",CWE-287
CVE-2021-21141,"['CWE-522', 'CWE-306', 'CWE-798', 'CWE-295', 'CWE-290', 'CWE-640', 'CWE-307', 'CWE-521', 'CWE-294', 'CWE-425']","[-3.7150207 -3.7552018 -3.7745197 -3.8531232 -4.7056723 -4.721434
 -4.7257314 -4.8167343 -4.826837  -5.04137  ]",CWE-287
CVE-2021-21177,"['CWE-295', 'CWE-522', 'CWE-798', 'CWE-306', 'CWE-290', 'CWE-640', 'CWE-307', 'CWE-521', 'CWE-294', 'CWE-425']","[-3.9720964 -4.0062857 -4.1849375 -4.270502  -4.9502435 -5.0270505
 -5.156448  -5.2037725 -5.261566  -5.422253 ]",CWE-287
CVE-2021-21986,"['CWE-522', 'CWE-295', 'CWE-306', 'CWE-798', 'CWE-290', 'CWE-521', 'CWE-640', 'CWE-307', 'CWE-294', 'CWE-425']","[-3.6787226 -3.7475665 -3.7972069 -3.8242188 -4.5926976 -4.62015
 -4.6760917 -4.728354  -4.9701557 -5.1245823]",CWE-287
CVE-2021-22858,"['CWE-522', 'CWE-306', 'CWE-798', 'CWE-295', 'CWE-290', 'CWE-640', 'CWE-521', 'CWE-307', 'CWE-294', 'CWE-425']","[-3.2430844 -3.2775881 -3.305659  -3.4452093 -4.068112  -4.1456485
 -4.2014413 -4.3241677 -4.391513  -4.6844163]",CWE-287
CVE-2021-22893,"['CWE-798', 'CWE-306', 'CWE-522', 'CWE-295', 'CWE-521', 'CWE-640', 'CWE-290', 'CWE-307', 'CWE-294', 'CWE-425']","[-3.3816884 -3.3961833 -3.4338212 -3.5895264 -4.1731677 -4.273294
 -4.3171186 -4.3418484 -4.4800014 -4.752333 ]",CWE-287
CVE-2021-22997,"['CWE-295', 'CWE-522', 'CWE-798', 'CWE-306', 'CWE-640', 'CWE-290', 'CWE-521', 'CWE-307', 'CWE-294', 'CWE-425']","[-3.5557141 -3.6222358 -3.6818793 -3.7916243 -4.484847  -4.5247116
 -4.612798  -4.6546965 -4.7816677 -4.9717712]",CWE-287
CVE-2021-26697,"['CWE-522', 'CWE-798', 'CWE-306', 'CWE-295', 'CWE-290', 'CWE-521', 'CWE-640', 'CWE-307', 'CWE-294', 'CWE-425']","[-3.2766626 -3.357912  -3.3669496 -3.6578822 -4.170066  -4.1986384
 -4.2639728 -4.350536  -4.4498806 -4.8049793]",CWE-287
CVE-2021-26923,"['CWE-522', 'CWE-306', 'CWE-798', 'CWE-295', 'CWE-290', 'CWE-640', 'CWE-521', 'CWE-307', 'CWE-294', 'CWE-425']","[-3.348188  -3.4505901 -3.4702182 -3.4904187 -4.1782365 -4.250982
 -4.3098097 -4.516163  -4.5366764 -4.8179374]",CWE-287
CVE-2021-27215,"['CWE-522', 'CWE-306', 'CWE-798', 'CWE-295', 'CWE-290', 'CWE-640', 'CWE-521', 'CWE-294', 'CWE-307', 'CWE-425']","[-3.383738  -3.4212823 -3.4553697 -3.4726279 -4.051443  -4.278839
 -4.2893834 -4.4604893 -4.47026   -4.7166553]",CWE-287
CVE-2021-28122,"['CWE-522', 'CWE-798', 'CWE-306', 'CWE-295', 'CWE-290', 'CWE-640', 'CWE-521', 'CWE-307', 'CWE-294', 'CWE-425']","[-3.1509304 -3.2264318 -3.2485375 -3.4120443 -4.007357  -4.0965505
 -4.1717916 -4.2913136 -4.304084  -4.601574 ]",CWE-287
CVE-2021-28124,"['CWE-522', 'CWE-798', 'CWE-306', 'CWE-295', 'CWE-290', 'CWE-640', 'CWE-521', 'CWE-307', 'CWE-294', 'CWE-425']","[-3.1728358 -3.2744339 -3.350219  -3.4309695 -4.083561  -4.1372557
 -4.2765384 -4.3536572 -4.382597  -4.671292 ]",CWE-287
CVE-2021-28148,"['CWE-522', 'CWE-798', 'CWE-306', 'CWE-295', 'CWE-290', 'CWE-521', 'CWE-640', 'CWE-307', 'CWE-294', 'CWE-425']","[-3.3062851 -3.3890314 -3.399721  -3.5308485 -4.188307  -4.244322
 -4.259423  -4.344982  -4.4943    -4.7670197]",CWE-287
CVE-2021-28958,"['CWE-306', 'CWE-522', 'CWE-798', 'CWE-295', 'CWE-290', 'CWE-521', 'CWE-640', 'CWE-307', 'CWE-294', 'CWE-425']","[-3.412227  -3.4177465 -3.421337  -3.5764782 -4.2232966 -4.2414184
 -4.2537313 -4.3966637 -4.5156813 -4.8180127]",CWE-287
CVE-2021-29203,"['CWE-522', 'CWE-295', 'CWE-306', 'CWE-798', 'CWE-290', 'CWE-640', 'CWE-521', 'CWE-307', 'CWE-294', 'CWE-425']","[-3.2473817 -3.3190885 -3.4755957 -3.514191  -4.1124015 -4.285599
 -4.2991614 -4.5067573 -4.5425267 -4.8042493]",CWE-287
CVE-2021-30640,"['CWE-295', 'CWE-306', 'CWE-798', 'CWE-522', 'CWE-640', 'CWE-290', 'CWE-521', 'CWE-307', 'CWE-294', 'CWE-425']","[-3.8811433 -3.886165  -3.9087365 -3.9444594 -4.7353992 -4.749526
 -4.8428607 -4.9006834 -5.0555167 -5.1218443]",CWE-287
CVE-2021-32033,"['CWE-798', 'CWE-306', 'CWE-522', 'CWE-295', 'CWE-290', 'CWE-521', 'CWE-294', 'CWE-307', 'CWE-640', 'CWE-425']","[-2.8004067 -2.8709636 -2.8885624 -3.38341   -3.8095703 -3.8589633
 -3.896     -3.9689958 -4.0191083 -4.3386188]",CWE-287
CVE-2021-32729,"['CWE-522', 'CWE-798', 'CWE-306', 'CWE-295', 'CWE-521', 'CWE-307', 'CWE-640', 'CWE-290', 'CWE-294', 'CWE-425']","[-3.3657303 -3.3749065 -3.3750656 -3.7902389 -4.2190614 -4.304304
 -4.367189  -4.382188  -4.5294137 -4.798611 ]",CWE-287
CVE-2021-32738,"['CWE-798', 'CWE-306', 'CWE-522', 'CWE-295', 'CWE-290', 'CWE-521', 'CWE-294', 'CWE-307', 'CWE-640', 'CWE-425']","[-2.8244562 -2.8930163 -2.9032567 -3.3983414 -3.8216033 -3.8771658
 -3.9216843 -3.9847574 -4.037076  -4.3585176]",CWE-287
CVE-2021-33842,"['CWE-798', 'CWE-306', 'CWE-522', 'CWE-295', 'CWE-290', 'CWE-521', 'CWE-294', 'CWE-307', 'CWE-640', 'CWE-425']","[-2.8161688 -2.8543546 -2.9030297 -3.3934662 -3.816994  -3.875657
 -3.9074304 -3.965234  -4.0103703 -4.323132 ]",CWE-287
CVE-2021-34166,"['CWE-798', 'CWE-306', 'CWE-522', 'CWE-295', 'CWE-290', 'CWE-521', 'CWE-294', 'CWE-307', 'CWE-640', 'CWE-425']","[-2.7613485 -2.8595002 -2.8612285 -3.38308   -3.8150582 -3.854885
 -3.8770695 -3.9450781 -3.991419  -4.2883635]",CWE-287
CVE-2021-3547,"['CWE-522', 'CWE-798', 'CWE-306', 'CWE-295', 'CWE-290', 'CWE-640', 'CWE-521', 'CWE-307', 'CWE-294', 'CWE-425']","[-3.48462   -3.5517642 -3.5823853 -3.674523  -4.3313403 -4.3879533
 -4.4318833 -4.5419097 -4.594579  -4.8336587]",CWE-287
CVE-2021-35941,"['CWE-798', 'CWE-306', 'CWE-522', 'CWE-295', 'CWE-290', 'CWE-521', 'CWE-294', 'CWE-307', 'CWE-640', 'CWE-425']","[-2.7930794 -2.8953395 -2.896771  -3.4224274 -3.8267717 -3.880915
 -3.9098477 -3.980156  -4.004811  -4.3233905]",CWE-287
CVE-2021-35973,"['CWE-798', 'CWE-522', 'CWE-306', 'CWE-295', 'CWE-290', 'CWE-521', 'CWE-294', 'CWE-307', 'CWE-640', 'CWE-425']","[-2.7700303 -2.8777263 -2.8840933 -3.3981884 -3.7938054 -3.8388286
 -3.8806095 -3.947046  -3.986061  -4.322594 ]",CWE-287
CVE-2021-36124,"['CWE-798', 'CWE-306', 'CWE-522', 'CWE-295', 'CWE-290', 'CWE-521', 'CWE-307', 'CWE-294', 'CWE-640', 'CWE-425']","[-2.5602698 -2.5849307 -2.7718012 -3.105811  -3.6227977 -3.6384585
 -3.6515107 -3.7738295 -3.8020778 -4.0284915]",CWE-287
CVE-2021-36128,"['CWE-798', 'CWE-522', 'CWE-306', 'CWE-295', 'CWE-290', 'CWE-521', 'CWE-640', 'CWE-307', 'CWE-294', 'CWE-425']","[-3.3654234 -3.3951898 -3.4580872 -3.7355824 -4.4117312 -4.4723277
 -4.4855394 -4.4874253 -4.6261473 -4.8352537]",CWE-287
CVE-2018-1882,"['CWE-798', 'CWE-319', 'CWE-326', 'CWE-327', 'CWE-312', 'CWE-347', 'CWE-354', 'CWE-425', 'CWE-330', 'CWE-916']","[-2.3554616 -2.41889   -2.618614  -2.6456995 -2.778152  -2.869001
 -3.0620985 -3.1584861 -3.167153  -3.2076616]",CWE-311
CVE-2019-18254,"['CWE-798', 'CWE-319', 'CWE-326', 'CWE-327', 'CWE-312', 'CWE-347', 'CWE-354', 'CWE-330', 'CWE-425', 'CWE-916']","[-2.4501832 -2.486417  -2.695218  -2.721001  -2.8006308 -2.9497998
 -3.1521547 -3.1703591 -3.206543  -3.2436478]",CWE-311
CVE-2020-10124,"['CWE-798', 'CWE-319', 'CWE-312', 'CWE-326', 'CWE-327', 'CWE-347', 'CWE-354', 'CWE-425', 'CWE-916', 'CWE-338']","[-2.182509  -2.3160057 -2.6037693 -2.6634266 -2.8435879 -2.933402
 -3.157642  -3.2493553 -3.2555022 -3.3175123]",CWE-311
CVE-2020-10267,"['CWE-798', 'CWE-319', 'CWE-327', 'CWE-326', 'CWE-312', 'CWE-347', 'CWE-354', 'CWE-330', 'CWE-425', 'CWE-916']","[-2.4508    -2.5909193 -2.7526624 -2.77249   -2.898943  -3.018471
 -3.2192745 -3.2699862 -3.2792516 -3.3332582]",CWE-311
CVE-2020-10273,"['CWE-798', 'CWE-319', 'CWE-326', 'CWE-327', 'CWE-312', 'CWE-347', 'CWE-354', 'CWE-330', 'CWE-425', 'CWE-916']","[-2.4504051 -2.499849  -2.72503   -2.7413654 -2.836386  -2.9850318
 -3.1890137 -3.1960492 -3.281202  -3.2927434]",CWE-311
CVE-2020-10281,"['CWE-319', 'CWE-798', 'CWE-327', 'CWE-347', 'CWE-312', 'CWE-326', 'CWE-338', 'CWE-330', 'CWE-352', 'CWE-425']","[-3.0363934 -3.0966554 -3.2084813 -3.3215835 -3.3466253 -3.3548708
 -3.564231  -3.5911176 -3.6166735 -3.6705859]",CWE-311
CVE-2020-12032,"['CWE-798', 'CWE-319', 'CWE-327', 'CWE-326', 'CWE-312', 'CWE-347', 'CWE-354', 'CWE-425', 'CWE-330', 'CWE-916']","[-2.3956435 -2.4723072 -2.6663039 -2.6812568 -2.8410685 -2.9431913
 -3.1097202 -3.1656318 -3.172726  -3.2310746]",CWE-311
CVE-2020-12730,"['CWE-798', 'CWE-319', 'CWE-326', 'CWE-327', 'CWE-312', 'CWE-347', 'CWE-354', 'CWE-330', 'CWE-425', 'CWE-916']","[-2.4552393 -2.504094  -2.682554  -2.720444  -2.8783689 -2.954194
 -3.1451442 -3.183564  -3.1986878 -3.2461016]",CWE-311
CVE-2020-12801,"['CWE-319', 'CWE-347', 'CWE-327', 'CWE-798', 'CWE-326', 'CWE-312', 'CWE-330', 'CWE-338', 'CWE-352', 'CWE-425']","[-3.2473967 -3.4096072 -3.4827373 -3.594649  -3.6663394 -3.6792827
 -3.7145274 -3.951332  -3.954702  -3.9900343]",CWE-311
CVE-2020-24396,"['CWE-798', 'CWE-319', 'CWE-327', 'CWE-326', 'CWE-312', 'CWE-347', 'CWE-354', 'CWE-330', 'CWE-425', 'CWE-916']","[-2.3617148 -2.4573112 -2.7183547 -2.736513  -2.8107505 -2.959566
 -3.1540692 -3.2041192 -3.2119849 -3.22546  ]",CWE-311
CVE-2021-23211,"['CWE-798', 'CWE-319', 'CWE-327', 'CWE-326', 'CWE-312', 'CWE-347', 'CWE-330', 'CWE-425', 'CWE-352', 'CWE-354']","[-3.0621336 -3.0681915 -3.1649194 -3.2751896 -3.3062744 -3.3287272
 -3.5157096 -3.6011992 -3.6489527 -3.6712615]",CWE-311
CVE-2021-26100,"['CWE-319', 'CWE-798', 'CWE-327', 'CWE-326', 'CWE-347', 'CWE-312', 'CWE-352', 'CWE-330', 'CWE-338', 'CWE-494']","[-2.927856  -3.021191  -3.0559661 -3.1044605 -3.1324387 -3.2278783
 -3.365023  -3.4427783 -3.5487156 -3.5613856]",CWE-311
CVE-2021-34825,"['CWE-319', 'CWE-798', 'CWE-327', 'CWE-347', 'CWE-312', 'CWE-326', 'CWE-330', 'CWE-352', 'CWE-338', 'CWE-425']","[-3.2416148 -3.317199  -3.407766  -3.4764543 -3.5685565 -3.5699306
 -3.6882386 -3.7335176 -3.8496096 -3.8938303]",CWE-311
CVE-2021-27378,"['CWE-327', 'CWE-326', 'CWE-319', 'CWE-311', 'CWE-347', 'CWE-798', 'CWE-345', 'CWE-312', 'CWE-916', 'CWE-331']","[-3.3237824 -3.3454816 -3.386378  -3.400412  -3.4367502 -3.545526
 -3.6922119 -3.758591  -3.8353486 -3.9006464]",CWE-330
CVE-2019-10943,"['CWE-352', 'CWE-319', 'CWE-327', 'CWE-312', 'CWE-326', 'CWE-330', 'CWE-311', 'CWE-916', 'CWE-347', 'CWE-346']","[-3.879841  -3.9845192 -4.041911  -4.1501565 -4.179323  -4.2618065
 -4.2789783 -4.3259835 -4.3752    -4.4215236]",CWE-345
CVE-2019-1667,"['CWE-352', 'CWE-312', 'CWE-327', 'CWE-319', 'CWE-798', 'CWE-916', 'CWE-311', 'CWE-326', 'CWE-330', 'CWE-347']","[-3.5373476 -3.6552033 -3.690455  -3.6917436 -3.738562  -3.8005538
 -3.8125606 -3.823176  -3.9876688 -4.026898 ]",CWE-345
CVE-2021-1403,"['CWE-352', 'CWE-319', 'CWE-312', 'CWE-798', 'CWE-327', 'CWE-326', 'CWE-311', 'CWE-916', 'CWE-330', 'CWE-347']","[-3.667714  -3.700468  -3.7635925 -3.7936754 -3.8047414 -3.8764186
 -3.9150136 -3.9522178 -4.0254903 -4.1800594]",CWE-345
CVE-2021-21231,"['CWE-346', 'CWE-352', 'CWE-319', 'CWE-330', 'CWE-327', 'CWE-347', 'CWE-326', 'CWE-312', 'CWE-311', 'CWE-916']","[-4.220351  -4.293542  -4.465908  -4.5256414 -4.527286  -4.6147428
 -4.6674347 -4.753269  -4.8168793 -4.8895125]",CWE-345
CVE-2016-10707,"['CWE-200', 'CWE-22', 'CWE-434', 'CWE-94', 'CWE-522', 'CWE-502', 'CWE-276', 'CWE-59', 'CWE-125', 'CWE-732']","[-3.5007858 -3.5757086 -3.6854043 -3.7069235 -3.770995  -3.778898
 -3.8131642 -3.8134396 -3.8244832 -3.8836312]",CWE-400
CVE-2017-0886,"['CWE-200', 'CWE-125', 'CWE-732', 'CWE-94', 'CWE-276', 'CWE-22', 'CWE-434', 'CWE-787', 'CWE-522', 'CWE-59']","[-3.3336368 -3.3969982 -3.470901  -3.5160224 -3.5351071 -3.5853813
 -3.5943606 -3.595764  -3.6459627 -3.6743586]",CWE-400
CVE-2017-16021,"['CWE-200', 'CWE-22', 'CWE-276', 'CWE-94', 'CWE-522', 'CWE-732', 'CWE-434', 'CWE-125', 'CWE-59', 'CWE-502']","[-3.2473555 -3.3965921 -3.5148323 -3.5181928 -3.535704  -3.551993
 -3.5667086 -3.5729234 -3.6755238 -3.6800194]",CWE-400
CVE-2019-16215,"['CWE-200', 'CWE-22', 'CWE-125', 'CWE-94', 'CWE-732', 'CWE-434', 'CWE-276', 'CWE-522', 'CWE-787', 'CWE-119']","[-3.0593956 -3.4411187 -3.4625177 -3.4636674 -3.5007024 -3.502512
 -3.6646523 -3.6773233 -3.687661  -3.6990845]",CWE-400
CVE-2019-19343,"['CWE-502', 'CWE-434', 'CWE-200', 'CWE-611', 'CWE-22', 'CWE-601', 'CWE-276', 'CWE-125', 'CWE-732', 'CWE-59']","[-3.4878526 -3.531048  -3.7431767 -3.8902688 -3.895254  -3.903328
 -3.9044971 -3.9313617 -4.000915  -4.0583024]",CWE-400
CVE-2020-10641,"['CWE-200', 'CWE-22', 'CWE-125', 'CWE-434', 'CWE-276', 'CWE-94', 'CWE-732', 'CWE-502', 'CWE-787', 'CWE-522']","[-3.26728   -3.429314  -3.4548259 -3.4665735 -3.5175724 -3.5785697
 -3.5943668 -3.6068468 -3.6416376 -3.6935904]",CWE-400
CVE-2020-10717,"['CWE-200', 'CWE-125', 'CWE-59', 'CWE-787', 'CWE-22', 'CWE-119', 'CWE-416', 'CWE-276', 'CWE-94', 'CWE-522']","[-3.4280727 -3.5106301 -3.5480375 -3.6328123 -3.6628444 -3.6839774
 -3.7347019 -3.745306  -3.7673302 -3.7708635]",CWE-400
CVE-2020-10781,"['CWE-200', 'CWE-125', 'CWE-787', 'CWE-119', 'CWE-416', 'CWE-22', 'CWE-94', 'CWE-276', 'CWE-59', 'CWE-120']","[-3.1105487 -3.2953463 -3.3927453 -3.448087  -3.514156  -3.5352457
 -3.5763903 -3.5769343 -3.6655612 -3.7108185]",CWE-400
CVE-2020-12655,"['CWE-200', 'CWE-125', 'CWE-787', 'CWE-119', 'CWE-22', 'CWE-416', 'CWE-276', 'CWE-94', 'CWE-59', 'CWE-434']","[-3.1052861 -3.2514784 -3.3925567 -3.4861367 -3.5139208 -3.5280988
 -3.5389545 -3.5993695 -3.6824436 -3.698766 ]",CWE-400
CVE-2020-14307,"['CWE-502', 'CWE-434', 'CWE-611', 'CWE-200', 'CWE-601', 'CWE-276', 'CWE-22', 'CWE-125', 'CWE-732', 'CWE-918']","[-3.6288464 -3.6560783 -3.8696675 -3.9309597 -3.9859378 -4.0165176
 -4.0225406 -4.084358  -4.0887904 -4.095486 ]",CWE-400
CVE-2020-14378,"['CWE-200', 'CWE-787', 'CWE-125', 'CWE-416', 'CWE-59', 'CWE-772', 'CWE-502', 'CWE-434', 'CWE-119', 'CWE-276']","[-3.446092  -3.5268114 -3.5968907 -3.65773   -3.7143917 -3.844302
 -3.892765  -3.935199  -3.936799  -3.9492166]",CWE-400
CVE-2020-15100,"['CWE-200', 'CWE-22', 'CWE-434', 'CWE-276', 'CWE-732', 'CWE-94', 'CWE-125', 'CWE-918', 'CWE-532', 'CWE-502']","[-3.167124  -3.2982323 -3.3796544 -3.4917397 -3.4991796 -3.5472755
 -3.5484471 -3.5873332 -3.638811  -3.6592934]",CWE-400
CVE-2020-15101,"['CWE-200', 'CWE-22', 'CWE-434', 'CWE-732', 'CWE-94', 'CWE-276', 'CWE-918', 'CWE-125', 'CWE-532', 'CWE-502']","[-3.2042594 -3.2991447 -3.376067  -3.5099747 -3.5693934 -3.5772095
 -3.5778766 -3.5869288 -3.66767   -3.6724887]",CWE-400
CVE-2020-15114,"['CWE-200', 'CWE-22', 'CWE-434', 'CWE-94', 'CWE-125', 'CWE-276', 'CWE-502', 'CWE-732', 'CWE-59', 'CWE-787']","[-3.2686226 -3.4251716 -3.5085843 -3.5429585 -3.565551  -3.5660582
 -3.6058443 -3.6106777 -3.640018  -3.7053313]",CWE-400
CVE-2020-1600,"['CWE-200', 'CWE-125', 'CWE-787', 'CWE-276', 'CWE-732', 'CWE-94', 'CWE-434', 'CWE-772', 'CWE-22', 'CWE-119']","[-3.0894237 -3.301592  -3.4286063 -3.499972  -3.5298293 -3.5808923
 -3.6035213 -3.6426377 -3.685751  -3.7311983]",CWE-400
CVE-2020-1625,"['CWE-200', 'CWE-125', 'CWE-276', 'CWE-732', 'CWE-434', 'CWE-787', 'CWE-94', 'CWE-772', 'CWE-22', 'CWE-522']","[-3.038758  -3.3301256 -3.3861463 -3.4234216 -3.485017  -3.4892535
 -3.4904728 -3.5725398 -3.5858173 -3.6635683]",CWE-400
CVE-2020-1730,"['CWE-200', 'CWE-125', 'CWE-772', 'CWE-59', 'CWE-502', 'CWE-787', 'CWE-434', 'CWE-770', 'CWE-416', 'CWE-401']","[-3.602331  -3.882456  -4.000987  -4.003066  -4.0093117 -4.0228486
 -4.0296917 -4.0914636 -4.119415  -4.12709  ]",CWE-400
CVE-2020-20213,"['CWE-125', 'CWE-200', 'CWE-787', 'CWE-276', 'CWE-732', 'CWE-434', 'CWE-22', 'CWE-119', 'CWE-120', 'CWE-94']","[-3.3287802 -3.361875  -3.4538035 -3.5287578 -3.533798  -3.5944839
 -3.610148  -3.6166904 -3.621201  -3.6286795]",CWE-400
CVE-2020-25644,"['CWE-502', 'CWE-434', 'CWE-200', 'CWE-611', 'CWE-601', 'CWE-732', 'CWE-918', 'CWE-276', 'CWE-22', 'CWE-125']","[-3.7580695 -3.82952   -4.007609  -4.0176697 -4.090596  -4.2296495
 -4.238595  -4.2582307 -4.258858  -4.275257 ]",CWE-400
CVE-2020-25689,"['CWE-502', 'CWE-434', 'CWE-200', 'CWE-611', 'CWE-601', 'CWE-125', 'CWE-732', 'CWE-22', 'CWE-276', 'CWE-918']","[-3.7101638 -3.895274  -3.9132307 -4.0790195 -4.093159  -4.2162127
 -4.2494636 -4.257812  -4.2968583 -4.3120675]",CWE-400
CVE-2020-25704,"['CWE-200', 'CWE-125', 'CWE-787', 'CWE-119', 'CWE-416', 'CWE-22', 'CWE-276', 'CWE-94', 'CWE-59', 'CWE-120']","[-3.0879056 -3.2333739 -3.3380399 -3.4310365 -3.4907255 -3.4961286
 -3.53267   -3.548959  -3.6401417 -3.6716979]",CWE-400
CVE-2020-3189,"['CWE-200', 'CWE-276', 'CWE-732', 'CWE-434', 'CWE-125', 'CWE-22', 'CWE-94', 'CWE-522', 'CWE-787', 'CWE-120']","[-3.2974403 -3.392238  -3.4058957 -3.4321089 -3.4385016 -3.4957237
 -3.5346296 -3.5936494 -3.6235397 -3.6759312]",CWE-400
CVE-2020-3195,"['CWE-200', 'CWE-732', 'CWE-125', 'CWE-276', 'CWE-434', 'CWE-22', 'CWE-94', 'CWE-522', 'CWE-120', 'CWE-787']","[-3.5714774 -3.59375   -3.642054  -3.656823  -3.6660337 -3.794464
 -3.8046029 -3.8829792 -3.89091   -3.8917515]",CWE-400
CVE-2020-3203,"['CWE-125', 'CWE-200', 'CWE-276', 'CWE-434', 'CWE-732', 'CWE-22', 'CWE-787', 'CWE-772', 'CWE-416', 'CWE-532']","[-3.1071682 -3.1141593 -3.1199298 -3.2172706 -3.2649825 -3.2882974
 -3.3076034 -3.3283167 -3.3560016 -3.3564012]",CWE-400
CVE-2020-3505,"['CWE-200', 'CWE-125', 'CWE-276', 'CWE-434', 'CWE-787', 'CWE-732', 'CWE-22', 'CWE-772', 'CWE-416', 'CWE-119']","[-2.9742696 -3.0979397 -3.1642778 -3.2697735 -3.3063357 -3.3066554
 -3.3288462 -3.3485265 -3.3579686 -3.3972573]",CWE-400
CVE-2020-3543,"['CWE-200', 'CWE-125', 'CWE-276', 'CWE-434', 'CWE-787', 'CWE-732', 'CWE-772', 'CWE-416', 'CWE-22', 'CWE-532']","[-3.0281527 -3.124341  -3.155433  -3.305908  -3.3143497 -3.3158205
 -3.3499417 -3.3692136 -3.3838854 -3.4149268]",CWE-400
CVE-2020-3566,"['CWE-200', 'CWE-125', 'CWE-787', 'CWE-276', 'CWE-416', 'CWE-22', 'CWE-434', 'CWE-732', 'CWE-119', 'CWE-94']","[-3.0509589 -3.0840979 -3.1980805 -3.2482033 -3.3234963 -3.3426752
 -3.3810043 -3.3829165 -3.3840418 -3.4007063]",CWE-400
CVE-2020-3569,"['CWE-200', 'CWE-125', 'CWE-276', 'CWE-434', 'CWE-22', 'CWE-772', 'CWE-732', 'CWE-416', 'CWE-787', 'CWE-94']","[-2.9945874 -3.0710227 -3.1120834 -3.2422187 -3.2500224 -3.2828152
 -3.2857556 -3.292273  -3.29337   -3.3355844]",CWE-400
CVE-2020-3572,"['CWE-200', 'CWE-732', 'CWE-434', 'CWE-276', 'CWE-125', 'CWE-94', 'CWE-22', 'CWE-522', 'CWE-120', 'CWE-770']","[-3.5395992 -3.5578458 -3.5602562 -3.620257  -3.6499403 -3.7795334
 -3.7840617 -3.8141057 -3.8531768 -3.8570218]",CWE-400
CVE-2020-5243,"['CWE-200', 'CWE-22', 'CWE-125', 'CWE-276', 'CWE-94', 'CWE-434', 'CWE-522', 'CWE-732', 'CWE-787', 'CWE-59']","[-3.2086363 -3.4111788 -3.5057542 -3.5475056 -3.5521493 -3.5699039
 -3.587472  -3.5982947 -3.667788  -3.6970153]",CWE-400
CVE-2020-6867,"['CWE-200', 'CWE-22', 'CWE-434', 'CWE-125', 'CWE-276', 'CWE-94', 'CWE-502', 'CWE-522', 'CWE-732', 'CWE-532']","[-3.2591503 -3.3531451 -3.4708314 -3.5222883 -3.54965   -3.551599
 -3.5830388 -3.5833488 -3.590217  -3.6511328]",CWE-400
CVE-2020-8229,"['CWE-200', 'CWE-22', 'CWE-94', 'CWE-434', 'CWE-125', 'CWE-276', 'CWE-119', 'CWE-732', 'CWE-522', 'CWE-59']","[-3.31402   -3.3924265 -3.4287026 -3.536536  -3.5656254 -3.5705724
 -3.6376517 -3.6580489 -3.67547   -3.7060642]",CWE-400
CVE-2021-0202,"['CWE-200', 'CWE-276', 'CWE-125', 'CWE-434', 'CWE-22', 'CWE-732', 'CWE-772', 'CWE-787', 'CWE-94', 'CWE-416']","[-3.0855463 -3.1084895 -3.1086838 -3.2425358 -3.2657526 -3.2701008
 -3.2894702 -3.298631  -3.3193164 -3.3382235]",CWE-400
CVE-2021-0230,"['CWE-200', 'CWE-125', 'CWE-276', 'CWE-732', 'CWE-787', 'CWE-434', 'CWE-22', 'CWE-772', 'CWE-416', 'CWE-532']","[-3.0416143 -3.0634384 -3.1018481 -3.2468107 -3.2806609 -3.2906275
 -3.3079967 -3.3200793 -3.321661  -3.37218  ]",CWE-400
CVE-2021-0257,"['CWE-200', 'CWE-276', 'CWE-125', 'CWE-732', 'CWE-434', 'CWE-787', 'CWE-22', 'CWE-772', 'CWE-94', 'CWE-416']","[-3.0071063 -3.080745  -3.1207528 -3.2537496 -3.2688577 -3.2785199
 -3.2872581 -3.3025439 -3.3433697 -3.355783 ]",CWE-400
CVE-2021-1066,"['CWE-200', 'CWE-125', 'CWE-276', 'CWE-787', 'CWE-434', 'CWE-22', 'CWE-732', 'CWE-94', 'CWE-119', 'CWE-772']","[-3.041462  -3.170577  -3.2433236 -3.350264  -3.354837  -3.360224
 -3.3633792 -3.4136336 -3.4304388 -3.4309943]",CWE-400
CVE-2021-1563,"['CWE-125', 'CWE-200', 'CWE-276', 'CWE-787', 'CWE-732', 'CWE-434', 'CWE-416', 'CWE-22', 'CWE-772', 'CWE-532']","[-3.043312  -3.0956726 -3.1246462 -3.264644  -3.2816083 -3.2884293
 -3.3003454 -3.3222077 -3.3281875 -3.376039 ]",CWE-400
CVE-2021-1564,"['CWE-200', 'CWE-125', 'CWE-276', 'CWE-787', 'CWE-22', 'CWE-434', 'CWE-732', 'CWE-416', 'CWE-772', 'CWE-94']","[-3.03996   -3.0823317 -3.1561968 -3.2548425 -3.2716553 -3.272471
 -3.2887924 -3.3356738 -3.3488305 -3.3652575]",CWE-400
CVE-2021-20185,"['CWE-200', 'CWE-125', 'CWE-22', 'CWE-94', 'CWE-276', 'CWE-434', 'CWE-787', 'CWE-732', 'CWE-522', 'CWE-119']","[-2.973748  -3.2521627 -3.389131  -3.393133  -3.3995204 -3.4246535
 -3.4708192 -3.498048  -3.578693  -3.5898974]",CWE-400
CVE-2021-20216,"['CWE-200', 'CWE-434', 'CWE-125', 'CWE-502', 'CWE-772', 'CWE-59', 'CWE-787', 'CWE-276', 'CWE-22', 'CWE-770']","[-3.5957847 -3.8488255 -3.8634198 -3.8905036 -3.8972833 -3.9000204
 -4.014093  -4.0147266 -4.0294585 -4.0337234]",CWE-400
CVE-2021-20234,"['CWE-200', 'CWE-94', 'CWE-125', 'CWE-22', 'CWE-59', 'CWE-787', 'CWE-276', 'CWE-119', 'CWE-522', 'CWE-732']","[-3.2116518 -3.470463  -3.4936407 -3.506262  -3.538321  -3.5845084
 -3.5874286 -3.6038926 -3.6461854 -3.6533484]",CWE-400
CVE-2021-20237,"['CWE-200', 'CWE-125', 'CWE-94', 'CWE-22', 'CWE-59', 'CWE-276', 'CWE-787', 'CWE-434', 'CWE-119', 'CWE-522']","[-3.2203298 -3.4778056 -3.4943597 -3.5414987 -3.5846024 -3.6230824
 -3.631889  -3.6431818 -3.649381  -3.682636 ]",CWE-400
CVE-2021-20265,"['CWE-200', 'CWE-125', 'CWE-787', 'CWE-119', 'CWE-416', 'CWE-22', 'CWE-276', 'CWE-94', 'CWE-59', 'CWE-120']","[-3.1747649 -3.263125  -3.3985176 -3.4951794 -3.52402   -3.5348418
 -3.5593395 -3.6383793 -3.7261262 -3.7453616]",CWE-400
CVE-2021-21235,"['CWE-200', 'CWE-22', 'CWE-732', 'CWE-94', 'CWE-276', 'CWE-434', 'CWE-125', 'CWE-522', 'CWE-59', 'CWE-532']","[-3.0922427 -3.367561  -3.5273817 -3.5577726 -3.5784247 -3.5958564
 -3.609756  -3.6226623 -3.6693022 -3.7211018]",CWE-400
CVE-2021-21274,"['CWE-200', 'CWE-22', 'CWE-94', 'CWE-276', 'CWE-125', 'CWE-434', 'CWE-522', 'CWE-732', 'CWE-787', 'CWE-59']","[-3.175551  -3.4711332 -3.4897425 -3.5671585 -3.5804243 -3.5906084
 -3.6269207 -3.6329086 -3.7061076 -3.7120764]",CWE-400
CVE-2021-21285,"['CWE-200', 'CWE-125', 'CWE-502', 'CWE-434', 'CWE-772', 'CWE-787', 'CWE-59', 'CWE-22', 'CWE-119', 'CWE-94']","[-3.7597888 -4.016636  -4.0787034 -4.095265  -4.1140013 -4.1510825
 -4.182392  -4.2040043 -4.2205057 -4.3082194]",CWE-400
CVE-2021-21293,"['CWE-200', 'CWE-22', 'CWE-125', 'CWE-434', 'CWE-276', 'CWE-732', 'CWE-502', 'CWE-94', 'CWE-522', 'CWE-787']","[-3.2100575 -3.4354472 -3.4518402 -3.5033002 -3.5268848 -3.5885065
 -3.6012247 -3.6414871 -3.6509452 -3.6738236]",CWE-400
CVE-2021-21294,"['CWE-200', 'CWE-22', 'CWE-125', 'CWE-434', 'CWE-94', 'CWE-276', 'CWE-732', 'CWE-522', 'CWE-787', 'CWE-502']","[-3.2354643 -3.2538095 -3.4443636 -3.4721785 -3.4742076 -3.503951
 -3.5379324 -3.5768914 -3.637292  -3.6848564]",CWE-400
CVE-2021-21317,"['CWE-200', 'CWE-22', 'CWE-732', 'CWE-434', 'CWE-276', 'CWE-522', 'CWE-125', 'CWE-94', 'CWE-787', 'CWE-918']","[-3.1517873 -3.4118636 -3.5614226 -3.5722008 -3.584205  -3.5893788
 -3.6010635 -3.6352658 -3.7304573 -3.7365546]",CWE-400
CVE-2021-21375,"['CWE-200', 'CWE-434', 'CWE-125', 'CWE-502', 'CWE-22', 'CWE-59', 'CWE-276', 'CWE-601', 'CWE-787', 'CWE-94']","[-3.5560555 -3.765528  -3.8577602 -3.8829434 -3.924616  -3.9339588
 -3.9638655 -3.9855456 -3.9896002 -4.0327787]",CWE-400
CVE-2021-22174,"['CWE-200', 'CWE-125', 'CWE-787', 'CWE-772', 'CWE-119', 'CWE-59', 'CWE-416', 'CWE-434', 'CWE-22', 'CWE-502']","[-3.5639017 -3.8211918 -3.8327022 -3.914569  -3.9199493 -3.9853652
 -4.0144663 -4.0314794 -4.0512743 -4.102127 ]",CWE-400
CVE-2021-22553,"['CWE-200', 'CWE-22', 'CWE-434', 'CWE-94', 'CWE-125', 'CWE-732', 'CWE-522', 'CWE-276', 'CWE-59', 'CWE-502']","[-3.1577797 -3.3614058 -3.4684217 -3.473113  -3.4745908 -3.5575294
 -3.5795567 -3.5851862 -3.6349847 -3.6821764]",CWE-400
CVE-2021-22883,"['CWE-200', 'CWE-125', 'CWE-502', 'CWE-772', 'CWE-434', 'CWE-787', 'CWE-59', 'CWE-119', 'CWE-770', 'CWE-22']","[-3.9339476 -4.249195  -4.2823133 -4.379477  -4.3805842 -4.4067235
 -4.4467864 -4.4806733 -4.5128617 -4.5359645]",CWE-400
CVE-2021-22906,"['CWE-200', 'CWE-125', 'CWE-276', 'CWE-434', 'CWE-787', 'CWE-732', 'CWE-22', 'CWE-94', 'CWE-772', 'CWE-416']","[-3.0765264 -3.1027925 -3.1318588 -3.227188  -3.264751  -3.269275
 -3.2818062 -3.3230581 -3.3300622 -3.3659   ]",CWE-400
CVE-2021-25174,"['CWE-125', 'CWE-787', 'CWE-200', 'CWE-434', 'CWE-732', 'CWE-22', 'CWE-120', 'CWE-276', 'CWE-770', 'CWE-415']","[-3.3333898 -3.5371628 -3.6601486 -3.7711804 -3.879671  -3.9257007
 -3.9291117 -3.933926  -3.9460785 -3.9493358]",CWE-400
CVE-2021-26945,"['CWE-125', 'CWE-787', 'CWE-415', 'CWE-120', 'CWE-732', 'CWE-94', 'CWE-276', 'CWE-59', 'CWE-134', 'CWE-22']","[-2.8990521 -2.926267  -3.0089684 -3.0319247 -3.1314325 -3.138965
 -3.1778061 -3.1972914 -3.2554853 -3.2555022]",CWE-400
CVE-2021-27385,"['CWE-200', 'CWE-434', 'CWE-22', 'CWE-276', 'CWE-125', 'CWE-502', 'CWE-522', 'CWE-732', 'CWE-918', 'CWE-611']","[-3.2531152 -3.414944  -3.4602373 -3.515315  -3.543569  -3.5524516
 -3.58329   -3.6223621 -3.6321242 -3.6370776]",CWE-400
CVE-2021-27617,"['CWE-200', 'CWE-22', 'CWE-434', 'CWE-276', 'CWE-732', 'CWE-125', 'CWE-94', 'CWE-522', 'CWE-532', 'CWE-502']","[-3.2084959 -3.2698996 -3.3469625 -3.4256742 -3.4609466 -3.4797947
 -3.4880998 -3.5107226 -3.5546398 -3.5627415]",CWE-400
CVE-2021-27921,"['CWE-200', 'CWE-125', 'CWE-787', 'CWE-434', 'CWE-772', 'CWE-502', 'CWE-59', 'CWE-22', 'CWE-119', 'CWE-94']","[-3.5416255 -3.7302082 -3.8092427 -3.8286397 -3.9179807 -3.9186776
 -3.9306586 -3.9506884 -3.9945526 -4.0210743]",CWE-400
CVE-2021-27922,"['CWE-200', 'CWE-125', 'CWE-434', 'CWE-787', 'CWE-772', 'CWE-502', 'CWE-59', 'CWE-22', 'CWE-770', 'CWE-119']","[-3.528421  -3.7405999 -3.7805119 -3.8228269 -3.8683445 -3.886718
 -3.8984172 -3.9217768 -4.0103683 -4.012411 ]",CWE-400
CVE-2021-27923,"['CWE-200', 'CWE-125', 'CWE-434', 'CWE-787', 'CWE-772', 'CWE-59', 'CWE-502', 'CWE-22', 'CWE-119', 'CWE-770']","[-3.51776   -3.7093306 -3.7896106 -3.7926729 -3.8521714 -3.8791282
 -3.8998117 -3.9199932 -3.967006  -3.983029 ]",CWE-400
CVE-2021-28039,"['CWE-200', 'CWE-125', 'CWE-787', 'CWE-276', 'CWE-119', 'CWE-22', 'CWE-434', 'CWE-732', 'CWE-772', 'CWE-94']","[-3.1986675 -3.385879  -3.5518553 -3.5778115 -3.595852  -3.604901
 -3.6487792 -3.698161  -3.7015448 -3.7043595]",CWE-400
CVE-2021-28165,"['CWE-200', 'CWE-22', 'CWE-434', 'CWE-59', 'CWE-94', 'CWE-125', 'CWE-276', 'CWE-522', 'CWE-732', 'CWE-502']","[-3.399776  -3.6572092 -3.7001243 -3.8032837 -3.824455  -3.9133017
 -3.9220712 -3.9394372 -3.9475493 -3.968355 ]",CWE-400
CVE-2021-28651,"['CWE-200', 'CWE-125', 'CWE-59', 'CWE-787', 'CWE-434', 'CWE-502', 'CWE-772', 'CWE-770', 'CWE-601', 'CWE-119']","[-3.6588337 -3.8686535 -3.9194295 -3.9359097 -3.9386103 -3.9761946
 -3.9847755 -4.054808  -4.078508  -4.1001415]",CWE-400
CVE-2021-28665,"['CWE-200', 'CWE-22', 'CWE-434', 'CWE-94', 'CWE-276', 'CWE-732', 'CWE-125', 'CWE-522', 'CWE-532', 'CWE-918']","[-3.3495266 -3.4599743 -3.6149294 -3.7052796 -3.7239833 -3.744778
 -3.7500834 -3.806721  -3.8377957 -3.850236 ]",CWE-400
CVE-2021-28971,"['CWE-200', 'CWE-125', 'CWE-787', 'CWE-119', 'CWE-416', 'CWE-22', 'CWE-772', 'CWE-276', 'CWE-94', 'CWE-434']","[-3.1042802 -3.4760432 -3.6030877 -3.7049704 -3.7086651 -3.7201807
 -3.7256148 -3.7580922 -3.7815676 -3.7856119]",CWE-400
CVE-2021-28994,"['CWE-200', 'CWE-434', 'CWE-22', 'CWE-502', 'CWE-276', 'CWE-601', 'CWE-732', 'CWE-611', 'CWE-125', 'CWE-94']","[-3.4083111 -3.5566788 -3.7080083 -3.7997217 -3.8558838 -3.862127
 -3.8714492 -3.8898728 -3.905401  -3.937962 ]",CWE-400
CVE-2021-29453,"['CWE-200', 'CWE-22', 'CWE-434', 'CWE-276', 'CWE-125', 'CWE-502', 'CWE-732', 'CWE-94', 'CWE-532', 'CWE-522']","[-3.3821602 -3.478071  -3.5688117 -3.5803633 -3.583386  -3.6093886
 -3.645906  -3.6602616 -3.6787376 -3.6793227]",CWE-400
CVE-2021-29471,"['CWE-200', 'CWE-22', 'CWE-434', 'CWE-94', 'CWE-125', 'CWE-276', 'CWE-732', 'CWE-502', 'CWE-522', 'CWE-787']","[-3.21816   -3.520767  -3.5566044 -3.5688827 -3.5980532 -3.6158276
 -3.6514988 -3.6683817 -3.701632  -3.7177296]",CWE-400
CVE-2021-29932,"['CWE-200', 'CWE-22', 'CWE-276', 'CWE-732', 'CWE-94', 'CWE-522', 'CWE-125', 'CWE-434', 'CWE-59', 'CWE-787']","[-3.184953  -3.393263  -3.4961417 -3.5163412 -3.522491  -3.5481043
 -3.557913  -3.5898147 -3.6250267 -3.6436074]",CWE-400
CVE-2021-30468,"['CWE-22', 'CWE-434', 'CWE-200', 'CWE-522', 'CWE-732', 'CWE-502', 'CWE-276', 'CWE-125', 'CWE-94', 'CWE-532']","[-3.2853248 -3.3185658 -3.3970654 -3.4870389 -3.5141933 -3.5227368
 -3.5483086 -3.565045  -3.6053417 -3.672029 ]",CWE-400
CVE-2021-3181,"['CWE-200', 'CWE-125', 'CWE-787', 'CWE-59', 'CWE-772', 'CWE-502', 'CWE-770', 'CWE-434', 'CWE-601', 'CWE-416']","[-3.7075226 -3.9712281 -4.003803  -4.0217967 -4.041048  -4.0592127
 -4.0672145 -4.0689344 -4.1384516 -4.140032 ]",CWE-400
CVE-2021-32699,"['CWE-200', 'CWE-276', 'CWE-125', 'CWE-732', 'CWE-434', 'CWE-22', 'CWE-787', 'CWE-772', 'CWE-94', 'CWE-918']","[-2.9743245 -3.1091607 -3.111079  -3.2124803 -3.2183468 -3.268887
 -3.291221  -3.3307767 -3.34151   -3.3733263]",CWE-400
CVE-2021-33840,"['CWE-200', 'CWE-125', 'CWE-276', 'CWE-732', 'CWE-434', 'CWE-787', 'CWE-772', 'CWE-22', 'CWE-416', 'CWE-94']","[-2.9775553 -3.083221  -3.0840108 -3.2511451 -3.257717  -3.259414
 -3.2987862 -3.3028357 -3.3225453 -3.3238492]",CWE-400
CVE-2021-35041,"['CWE-200', 'CWE-125', 'CWE-276', 'CWE-787', 'CWE-434', 'CWE-22', 'CWE-732', 'CWE-416', 'CWE-94', 'CWE-119']","[-3.064095  -3.1262877 -3.191617  -3.3220427 -3.3453877 -3.3495126
 -3.3998704 -3.4017985 -3.4270954 -3.434959 ]",CWE-400
CVE-2019-14905,"['CWE-200', 'CWE-502', 'CWE-668', 'CWE-22', 'CWE-400', 'CWE-434', 'CWE-611', 'CWE-59', 'CWE-601', 'CWE-119']","[-3.7202952 -3.8010573 -3.9241304 -3.949783  -3.9552932 -4.0204053
 -4.030605  -4.032716  -4.064589  -4.122764 ]",CWE-610
CVE-2021-29610,"['CWE-787', 'CWE-119', 'CWE-125', 'CWE-908', 'CWE-416', 'CWE-120', 'CWE-200', 'CWE-704', 'CWE-415', 'CWE-843']","[-3.0589874 -3.064648  -3.1861963 -3.3010314 -3.3423035 -3.3822591
 -3.548694  -3.5577712 -3.6428106 -3.6654716]",CWE-665
CVE-2021-29613,"['CWE-787', 'CWE-119', 'CWE-125', 'CWE-908', 'CWE-416', 'CWE-120', 'CWE-704', 'CWE-415', 'CWE-843', 'CWE-200']","[-3.0627487 -3.0723002 -3.2112195 -3.2457032 -3.3400812 -3.3585901
 -3.4910004 -3.5599298 -3.5835814 -3.6283755]",CWE-665
CVE-2021-29614,"['CWE-787', 'CWE-119', 'CWE-125', 'CWE-908', 'CWE-120', 'CWE-416', 'CWE-704', 'CWE-415', 'CWE-200', 'CWE-843']","[-3.0290337 -3.092089  -3.1551414 -3.1980548 -3.3232942 -3.3896658
 -3.4649594 -3.5271657 -3.5726712 -3.578671 ]",CWE-665
CVE-2019-11784,"['CWE-22', 'CWE-732', 'CWE-200', 'CWE-522', 'CWE-552', 'CWE-203', 'CWE-276', 'CWE-532', 'CWE-134', 'CWE-426']","[-3.4514894 -3.5958793 -3.6128924 -3.6870975 -4.0428276 -4.1789308
 -4.23357   -4.302406  -4.349818  -4.3941336]",CWE-668
CVE-2019-11785,"['CWE-22', 'CWE-732', 'CWE-200', 'CWE-522', 'CWE-552', 'CWE-203', 'CWE-276', 'CWE-532', 'CWE-134', 'CWE-426']","[-3.4670308 -3.559768  -3.5845034 -3.6822512 -4.105145  -4.1828394
 -4.219307  -4.312975  -4.3328667 -4.437846 ]",CWE-668
CVE-2020-10685,"['CWE-200', 'CWE-22', 'CWE-732', 'CWE-522', 'CWE-203', 'CWE-532', 'CWE-276', 'CWE-427', 'CWE-209', 'CWE-426']","[-3.8109882 -4.079655  -4.3366523 -4.4465938 -4.6492224 -4.6681366
 -4.763257  -4.891688  -5.034582  -5.0444865]",CWE-668
CVE-2020-10744,"['CWE-22', 'CWE-200', 'CWE-522', 'CWE-732', 'CWE-203', 'CWE-276', 'CWE-532', 'CWE-427', 'CWE-552', 'CWE-426']","[-3.6716769 -3.7589056 -3.8450308 -3.8911316 -4.1708384 -4.3041425
 -4.4262147 -4.4277935 -4.50879   -4.5681577]",CWE-668
CVE-2020-1733,"['CWE-200', 'CWE-22', 'CWE-732', 'CWE-522', 'CWE-203', 'CWE-276', 'CWE-532', 'CWE-427', 'CWE-209', 'CWE-426']","[-3.739426  -4.204671  -4.248418  -4.4196377 -4.5182343 -4.605736
 -4.6516986 -4.8459563 -4.9444933 -4.9696875]",CWE-668
CVE-2020-9381,"['CWE-22', 'CWE-200', 'CWE-732', 'CWE-522', 'CWE-532', 'CWE-203', 'CWE-276', 'CWE-426', 'CWE-552', 'CWE-427']","[-3.2624748 -3.5322268 -3.59721   -3.6582391 -3.9261565 -4.033649
 -4.0429897 -4.0854487 -4.106078  -4.242462 ]",CWE-668
CVE-2021-0232,"['CWE-22', 'CWE-522', 'CWE-200', 'CWE-732', 'CWE-532', 'CWE-203', 'CWE-427', 'CWE-426', 'CWE-552', 'CWE-276']","[-3.2472265 -3.62473   -3.6472788 -3.7773566 -3.9231212 -4.1296096
 -4.156326  -4.161682  -4.1831784 -4.2063556]",CWE-668
CVE-2021-0466,"['CWE-22', 'CWE-200', 'CWE-732', 'CWE-522', 'CWE-276', 'CWE-552', 'CWE-134', 'CWE-426', 'CWE-203', 'CWE-532']","[-3.2715242 -3.367759  -3.60571   -3.8032992 -3.9725966 -3.9914055
 -4.1571755 -4.2295847 -4.291025  -4.320506 ]",CWE-668
CVE-2021-0552,"['CWE-22', 'CWE-200', 'CWE-732', 'CWE-522', 'CWE-276', 'CWE-552', 'CWE-134', 'CWE-426', 'CWE-203', 'CWE-532']","[-3.307915  -3.3652263 -3.6002235 -3.7605257 -4.0220823 -4.0388856
 -4.139234  -4.248309  -4.28463   -4.3337   ]",CWE-668
CVE-2021-20416,"['CWE-22', 'CWE-522', 'CWE-200', 'CWE-732', 'CWE-532', 'CWE-427', 'CWE-426', 'CWE-203', 'CWE-276', 'CWE-552']","[-3.2977784 -3.6426928 -3.7015533 -3.7710173 -4.0729394 -4.1074185
 -4.146854  -4.16532   -4.2349567 -4.25302  ]",CWE-668
CVE-2021-21382,"['CWE-22', 'CWE-732', 'CWE-200', 'CWE-522', 'CWE-552', 'CWE-532', 'CWE-276', 'CWE-203', 'CWE-426', 'CWE-134']","[-3.250314  -3.3139164 -3.4670546 -3.482672  -3.81149   -3.849232
 -3.8602695 -3.950161  -4.109992  -4.2352037]",CWE-668
CVE-2021-23135,"['CWE-22', 'CWE-200', 'CWE-732', 'CWE-522', 'CWE-532', 'CWE-203', 'CWE-552', 'CWE-426', 'CWE-276', 'CWE-427']","[-3.134358  -3.3927712 -3.5468073 -3.5585668 -3.874397  -4.0060906
 -4.0888534 -4.100211  -4.100411  -4.182811 ]",CWE-668
CVE-2021-23391,"['CWE-22', 'CWE-732', 'CWE-522', 'CWE-200', 'CWE-532', 'CWE-552', 'CWE-276', 'CWE-426', 'CWE-203', 'CWE-427']","[-3.131751  -3.2725213 -3.420106  -3.4631846 -3.773008  -3.7943578
 -3.8399498 -3.9547644 -3.9550855 -4.0884414]",CWE-668
CVE-2021-24374,"['CWE-22', 'CWE-200', 'CWE-522', 'CWE-732', 'CWE-532', 'CWE-203', 'CWE-276', 'CWE-426', 'CWE-427', 'CWE-552']","[-3.4007576 -3.5147452 -3.7620347 -3.8182764 -4.003725  -4.119253
 -4.1709127 -4.2844696 -4.3215737 -4.333522 ]",CWE-668
CVE-2021-26027,"['CWE-22', 'CWE-200', 'CWE-732', 'CWE-522', 'CWE-552', 'CWE-276', 'CWE-134', 'CWE-532', 'CWE-203', 'CWE-427']","[-3.2547812 -3.306839  -3.473813  -3.6409988 -3.905937  -4.0330915
 -4.04783   -4.104228  -4.1130586 -4.2574143]",CWE-668
CVE-2021-26313,"['CWE-200', 'CWE-22', 'CWE-732', 'CWE-203', 'CWE-532', 'CWE-522', 'CWE-276', 'CWE-427', 'CWE-426', 'CWE-428']","[-3.9017074 -4.381325  -4.677517  -4.6781263 -4.7560453 -4.8748207
 -5.061095  -5.1894693 -5.2339406 -5.4131904]",CWE-668
CVE-2021-26314,"['CWE-200', 'CWE-22', 'CWE-203', 'CWE-732', 'CWE-522', 'CWE-532', 'CWE-427', 'CWE-276', 'CWE-426', 'CWE-428']","[-4.3007092 -4.600811  -4.8542933 -4.8972635 -4.964628  -5.0808177
 -5.2687383 -5.311676  -5.3854933 -5.601368 ]",CWE-668
CVE-2021-27043,"['CWE-200', 'CWE-22', 'CWE-732', 'CWE-203', 'CWE-522', 'CWE-532', 'CWE-426', 'CWE-276', 'CWE-427', 'CWE-281']","[-4.968576  -5.3355517 -5.7079744 -5.736279  -5.8643064 -5.915822
 -6.054132  -6.089294  -6.1656575 -6.304361 ]",CWE-668
CVE-2021-27375,"['CWE-22', 'CWE-200', 'CWE-522', 'CWE-732', 'CWE-532', 'CWE-203', 'CWE-276', 'CWE-426', 'CWE-552', 'CWE-427']","[-3.301526  -3.6101513 -3.719274  -3.7940857 -4.024547  -4.05195
 -4.1892114 -4.2154145 -4.2529426 -4.2986608]",CWE-668
CVE-2021-29958,"['CWE-22', 'CWE-200', 'CWE-522', 'CWE-732', 'CWE-532', 'CWE-203', 'CWE-427', 'CWE-276', 'CWE-426', 'CWE-552']","[-3.375578  -3.6094866 -3.6909199 -3.717321  -4.0633917 -4.1104274
 -4.184603  -4.2349567 -4.237856  -4.259038 ]",CWE-668
CVE-2021-30190,"['CWE-22', 'CWE-732', 'CWE-522', 'CWE-200', 'CWE-552', 'CWE-532', 'CWE-276', 'CWE-203', 'CWE-426', 'CWE-427']","[-3.1610096 -3.255265  -3.4083753 -3.4110365 -3.7701447 -3.8074095
 -3.8380785 -3.9307342 -4.044045  -4.169112 ]",CWE-668
CVE-2021-31412,"['CWE-22', 'CWE-732', 'CWE-200', 'CWE-522', 'CWE-203', 'CWE-276', 'CWE-532', 'CWE-426', 'CWE-552', 'CWE-209']","[-3.6160636 -3.7051735 -3.7114248 -4.0108438 -4.1373324 -4.247129
 -4.2957807 -4.497478  -4.5544024 -4.5641603]",CWE-668
CVE-2021-31547,"['CWE-22', 'CWE-200', 'CWE-732', 'CWE-522', 'CWE-276', 'CWE-552', 'CWE-203', 'CWE-134', 'CWE-532', 'CWE-427']","[-3.2986007 -3.3196526 -3.606917  -3.6337063 -4.127802  -4.1393194
 -4.2416983 -4.2586813 -4.3238964 -4.3654275]",CWE-668
CVE-2021-31548,"['CWE-22', 'CWE-200', 'CWE-732', 'CWE-522', 'CWE-552', 'CWE-276', 'CWE-134', 'CWE-203', 'CWE-532', 'CWE-427']","[-3.2551734 -3.3451834 -3.564938  -3.630459  -4.107346  -4.116115
 -4.1650553 -4.2090073 -4.258246  -4.368325 ]",CWE-668
CVE-2021-31552,"['CWE-22', 'CWE-200', 'CWE-732', 'CWE-522', 'CWE-552', 'CWE-276', 'CWE-134', 'CWE-532', 'CWE-203', 'CWE-427']","[-3.280989  -3.32499   -3.5902517 -3.6389124 -4.10154   -4.1264067
 -4.1954536 -4.2455907 -4.258     -4.355455 ]",CWE-668
CVE-2021-31554,"['CWE-22', 'CWE-200', 'CWE-732', 'CWE-522', 'CWE-552', 'CWE-276', 'CWE-134', 'CWE-203', 'CWE-532', 'CWE-427']","[-3.2342153 -3.3226883 -3.552118  -3.6337912 -4.1016693 -4.1048903
 -4.1793375 -4.2228785 -4.276028  -4.3553066]",CWE-668
CVE-2021-32726,"['CWE-200', 'CWE-732', 'CWE-22', 'CWE-522', 'CWE-552', 'CWE-532', 'CWE-134', 'CWE-276', 'CWE-203', 'CWE-209']","[-3.4980285 -3.4991326 -3.5120173 -3.7533896 -3.9912214 -4.16316
 -4.175583  -4.182422  -4.282345  -4.406195 ]",CWE-668
CVE-2021-32731,"['CWE-22', 'CWE-200', 'CWE-522', 'CWE-732', 'CWE-203', 'CWE-532', 'CWE-552', 'CWE-276', 'CWE-427', 'CWE-426']","[-3.3204253 -3.6333983 -3.6349978 -3.7418332 -4.1493196 -4.169258
 -4.187534  -4.253728  -4.32647   -4.3542557]",CWE-668
CVE-2021-32760,"['CWE-22', 'CWE-522', 'CWE-200', 'CWE-732', 'CWE-203', 'CWE-532', 'CWE-427', 'CWE-276', 'CWE-426', 'CWE-552']","[-3.6033154 -3.6997209 -3.793223  -3.9537487 -4.198077  -4.202945
 -4.3207016 -4.337178  -4.396539  -4.4427   ]",CWE-668
CVE-2021-34075,"['CWE-22', 'CWE-200', 'CWE-732', 'CWE-522', 'CWE-203', 'CWE-552', 'CWE-532', 'CWE-276', 'CWE-426', 'CWE-134']","[-3.3473728 -3.6488369 -3.7288318 -3.7403965 -4.1448812 -4.1657495
 -4.2179303 -4.233876  -4.270492  -4.376653 ]",CWE-668
CVE-2021-35197,"['CWE-22', 'CWE-200', 'CWE-732', 'CWE-522', 'CWE-552', 'CWE-134', 'CWE-276', 'CWE-203', 'CWE-532', 'CWE-427']","[-3.3279335 -3.3687398 -3.6319726 -3.6436865 -4.1131473 -4.1654134
 -4.1786976 -4.2596054 -4.275416  -4.354694 ]",CWE-668
CVE-2021-35211,"['CWE-22', 'CWE-522', 'CWE-200', 'CWE-732', 'CWE-532', 'CWE-203', 'CWE-552', 'CWE-276', 'CWE-427', 'CWE-426']","[-3.3436787 -3.5337307 -3.6420684 -3.7259035 -4.1202006 -4.1267
 -4.1734867 -4.2128315 -4.261156  -4.293681 ]",CWE-668
CVE-2021-35299,"['CWE-22', 'CWE-200', 'CWE-732', 'CWE-522', 'CWE-552', 'CWE-203', 'CWE-532', 'CWE-276', 'CWE-426', 'CWE-134']","[-3.4162133 -3.6400044 -3.646641  -3.7933674 -4.0538425 -4.127006
 -4.229001  -4.295582  -4.4101777 -4.414244 ]",CWE-668
CVE-2021-35958,"['CWE-22', 'CWE-732', 'CWE-200', 'CWE-522', 'CWE-276', 'CWE-552', 'CWE-532', 'CWE-203', 'CWE-134', 'CWE-209']","[-3.3313172 -3.4441202 -3.5681965 -3.847295  -3.9227924 -4.0569606
 -4.141041  -4.1673093 -4.177731  -4.2667146]",CWE-668
CVE-2017-2618,[],[],CWE-682
CVE-2020-28396,"['CWE-345', 'CWE-798', 'CWE-352', 'CWE-326', 'CWE-319', 'CWE-312', 'CWE-330', 'CWE-327', 'CWE-916', 'CWE-311']","[-3.0189207 -3.4964516 -3.6511583 -3.6591334 -3.7472403 -3.7650728
 -3.7979503 -3.8402815 -3.8477216 -3.8927014]",CWE-693
CVE-2020-1741,[],[],CWE-697
CVE-2020-28200,[],[],CWE-697
CVE-2014-4982,"['CWE-77', 'CWE-89', 'CWE-94', 'CWE-20', 'CWE-78', 'CWE-79', 'CWE-119', 'CWE-120', 'CWE-190', 'CWE-125']","[-3.3256235 -3.3338056 -3.4720125 -3.5009286 -3.5201151 -3.56565
 -3.641678  -3.9037762 -3.9609196 -3.9951553]",CWE-74
CVE-2016-10524,"['CWE-77', 'CWE-89', 'CWE-79', 'CWE-78', 'CWE-94', 'CWE-20', 'CWE-119', 'CWE-190', 'CWE-120', 'CWE-125']","[-3.3800151 -3.4293823 -3.508677  -3.5995822 -3.6261694 -3.6517692
 -3.7665782 -3.9174755 -4.0324755 -4.09475  ]",CWE-74
CVE-2018-3963,"['CWE-77', 'CWE-89', 'CWE-94', 'CWE-119', 'CWE-78', 'CWE-20', 'CWE-79', 'CWE-120', 'CWE-125', 'CWE-190']","[-3.2224553 -3.234662  -3.3533356 -3.4130275 -3.4835045 -3.5618513
 -3.6017401 -3.7317457 -3.8970685 -3.9290357]",CWE-74
CVE-2019-16011,"['CWE-77', 'CWE-20', 'CWE-78', 'CWE-89', 'CWE-94', 'CWE-119', 'CWE-79', 'CWE-125', 'CWE-190', 'CWE-120']","[-3.0002677 -3.1070411 -3.2425435 -3.28844   -3.3364663 -3.354506
 -3.455201  -3.55099   -3.5537808 -3.5788596]",CWE-74
CVE-2019-17101,"['CWE-77', 'CWE-20', 'CWE-89', 'CWE-78', 'CWE-94', 'CWE-119', 'CWE-79', 'CWE-120', 'CWE-125', 'CWE-190']","[-2.93398   -3.1358774 -3.179176  -3.237761  -3.2631633 -3.3010323
 -3.3803322 -3.5637362 -3.5891862 -3.653926 ]",CWE-74
CVE-2019-17661,"['CWE-77', 'CWE-89', 'CWE-79', 'CWE-94', 'CWE-20', 'CWE-78', 'CWE-119', 'CWE-190', 'CWE-125', 'CWE-120']","[-3.3417501 -3.3442767 -3.449531  -3.4933474 -3.523275  -3.5460632
 -3.6068156 -3.9747636 -4.029583  -4.0496407]",CWE-74
CVE-2019-19919,"['CWE-77', 'CWE-89', 'CWE-94', 'CWE-79', 'CWE-78', 'CWE-20', 'CWE-119', 'CWE-190', 'CWE-120', 'CWE-125']","[-3.3951664 -3.4086337 -3.53144   -3.5368571 -3.5563433 -3.5948489
 -3.6715086 -3.9464738 -4.021819  -4.078989 ]",CWE-74
CVE-2019-4186,"['CWE-89', 'CWE-77', 'CWE-79', 'CWE-20', 'CWE-94', 'CWE-78', 'CWE-119', 'CWE-190', 'CWE-120', 'CWE-116']","[-3.3554583 -3.3658412 -3.4375713 -3.5183399 -3.5786393 -3.6216433
 -3.7131348 -3.9848695 -4.0455155 -4.0780606]",CWE-74
CVE-2019-8341,"['CWE-89', 'CWE-77', 'CWE-20', 'CWE-94', 'CWE-79', 'CWE-119', 'CWE-78', 'CWE-190', 'CWE-120', 'CWE-125']","[-3.404716  -3.4822848 -3.5547693 -3.5788324 -3.59629   -3.6608098
 -3.705143  -3.9321072 -4.055466  -4.107717 ]",CWE-74
CVE-2020-11060,"['CWE-77', 'CWE-89', 'CWE-20', 'CWE-79', 'CWE-94', 'CWE-78', 'CWE-119', 'CWE-120', 'CWE-125', 'CWE-787']","[-3.0588174 -3.1165736 -3.305491  -3.3522923 -3.4765086 -3.4968107
 -3.594266  -3.7719011 -3.8233266 -3.927353 ]",CWE-74
CVE-2020-11073,"['CWE-77', 'CWE-89', 'CWE-79', 'CWE-20', 'CWE-94', 'CWE-119', 'CWE-78', 'CWE-190', 'CWE-1236', 'CWE-125']","[-3.4471362 -3.5110137 -3.5528288 -3.651311  -3.6887438 -3.7377217
 -3.7615986 -3.9786406 -4.130904  -4.1574955]",CWE-74
CVE-2020-15143,"['CWE-77', 'CWE-89', 'CWE-20', 'CWE-79', 'CWE-94', 'CWE-78', 'CWE-119', 'CWE-190', 'CWE-120', 'CWE-125']","[-3.3342772 -3.3576035 -3.517038  -3.5499787 -3.5697615 -3.6022844
 -3.6167972 -3.9234984 -3.989421  -4.0459027]",CWE-74
CVE-2020-15146,"['CWE-77', 'CWE-89', 'CWE-20', 'CWE-79', 'CWE-94', 'CWE-78', 'CWE-119', 'CWE-190', 'CWE-120', 'CWE-116']","[-3.3979604 -3.4002628 -3.5316975 -3.573598  -3.6374056 -3.6987443
 -3.7384613 -3.9731193 -4.0439405 -4.136963 ]",CWE-74
CVE-2020-15227,"['CWE-77', 'CWE-89', 'CWE-79', 'CWE-20', 'CWE-94', 'CWE-78', 'CWE-119', 'CWE-190', 'CWE-120', 'CWE-116']","[-3.307761  -3.425025  -3.5504196 -3.6028416 -3.6151836 -3.6152208
 -3.7248545 -3.9658635 -4.0126305 -4.0827103]",CWE-74
CVE-2020-15238,"['CWE-190', 'CWE-20', 'CWE-79', 'CWE-119', 'CWE-94', 'CWE-89', 'CWE-77', 'CWE-787', 'CWE-78', 'CWE-125']","[-3.692059  -3.7576072 -3.9158573 -3.9612849 -4.026333  -4.040094
 -4.051942  -4.0974793 -4.1303554 -4.1623554]",CWE-74
CVE-2020-15255,"['CWE-77', 'CWE-89', 'CWE-94', 'CWE-78', 'CWE-79', 'CWE-119', 'CWE-20', 'CWE-120', 'CWE-190', 'CWE-125']","[-3.3582633 -3.4609747 -3.570953  -3.5854213 -3.5965672 -3.6071887
 -3.6434016 -3.9205387 -3.9211807 -4.0372233]",CWE-74
CVE-2020-26140,"['CWE-77', 'CWE-20', 'CWE-89', 'CWE-78', 'CWE-94', 'CWE-119', 'CWE-79', 'CWE-125', 'CWE-120', 'CWE-190']","[-2.917009  -3.1016834 -3.2244575 -3.2609088 -3.2920253 -3.3141112
 -3.3813014 -3.5033212 -3.5569627 -3.5635526]",CWE-74
CVE-2020-27211,"['CWE-77', 'CWE-20', 'CWE-78', 'CWE-89', 'CWE-119', 'CWE-94', 'CWE-79', 'CWE-120', 'CWE-125', 'CWE-190']","[-2.9868093 -3.181591  -3.2576032 -3.2743032 -3.2890804 -3.3520756
 -3.447851  -3.5497127 -3.591059  -3.6330376]",CWE-74
CVE-2020-5247,"['CWE-20', 'CWE-89', 'CWE-77', 'CWE-79', 'CWE-94', 'CWE-190', 'CWE-119', 'CWE-78', 'CWE-120', 'CWE-125']","[-3.574975  -3.5860586 -3.6       -3.603233  -3.772676  -3.824778
 -3.8317435 -3.921095  -4.1406236 -4.148178 ]",CWE-74
CVE-2020-8186,"['CWE-77', 'CWE-89', 'CWE-20', 'CWE-94', 'CWE-79', 'CWE-78', 'CWE-119', 'CWE-190', 'CWE-125', 'CWE-120']","[-3.4104977 -3.449785  -3.5123656 -3.526211  -3.5493872 -3.6037087
 -3.6276855 -3.863835  -4.0060644 -4.0472918]",CWE-74
CVE-2020-8644,"['CWE-89', 'CWE-77', 'CWE-94', 'CWE-79', 'CWE-20', 'CWE-78', 'CWE-119', 'CWE-190', 'CWE-120', 'CWE-116']","[-3.452681  -3.4646337 -3.571053  -3.5987444 -3.634853  -3.665368
 -3.769523  -3.9949088 -4.010485  -4.1182957]",CWE-74
CVE-2020-9743,"['CWE-79', 'CWE-77', 'CWE-89', 'CWE-20', 'CWE-78', 'CWE-119', 'CWE-94', 'CWE-125', 'CWE-120', 'CWE-190']","[-3.191984  -3.2042444 -3.3095315 -3.334011  -3.5910606 -3.6479769
 -3.6594732 -3.8290493 -3.9213526 -3.9587293]",CWE-74
CVE-2021-21244,"['CWE-77', 'CWE-89', 'CWE-20', 'CWE-79', 'CWE-94', 'CWE-78', 'CWE-119', 'CWE-116', 'CWE-125', 'CWE-120']","[-3.2139833 -3.3628306 -3.5192263 -3.5289838 -3.5313919 -3.592204
 -3.665901  -3.8595285 -3.882355  -3.890655 ]",CWE-74
CVE-2021-21248,"['CWE-77', 'CWE-89', 'CWE-20', 'CWE-79', 'CWE-94', 'CWE-78', 'CWE-119', 'CWE-120', 'CWE-125', 'CWE-190']","[-3.2132554 -3.2975016 -3.4517193 -3.4915485 -3.529982  -3.5598042
 -3.6582613 -3.8477015 -3.883528  -3.8835468]",CWE-74
CVE-2021-21249,"['CWE-77', 'CWE-89', 'CWE-20', 'CWE-94', 'CWE-79', 'CWE-78', 'CWE-119', 'CWE-125', 'CWE-190', 'CWE-116']","[-3.246931  -3.3576174 -3.513694  -3.5555286 -3.5647984 -3.6236036
 -3.6588888 -3.884346  -3.8901854 -3.8963718]",CWE-74
CVE-2021-21263,"['CWE-77', 'CWE-89', 'CWE-20', 'CWE-79', 'CWE-94', 'CWE-78', 'CWE-119', 'CWE-190', 'CWE-120', 'CWE-116']","[-3.2146735 -3.2167225 -3.3767097 -3.430674  -3.4642951 -3.549449
 -3.718219  -3.9475458 -4.000301  -4.0248656]",CWE-74
CVE-2021-21277,"['CWE-77', 'CWE-89', 'CWE-79', 'CWE-94', 'CWE-78', 'CWE-20', 'CWE-119', 'CWE-190', 'CWE-120', 'CWE-125']","[-3.313937  -3.3881125 -3.490699  -3.5229962 -3.55384   -3.553902
 -3.5610123 -3.9225473 -3.989102  -4.076963 ]",CWE-74
CVE-2021-21305,"['CWE-77', 'CWE-89', 'CWE-79', 'CWE-94', 'CWE-20', 'CWE-78', 'CWE-119', 'CWE-190', 'CWE-125', 'CWE-120']","[-3.4016237 -3.452353  -3.5636063 -3.5713227 -3.5906177 -3.608898
 -3.626665  -3.9589345 -4.0045652 -4.041599 ]",CWE-74
CVE-2021-21313,"['CWE-77', 'CWE-89', 'CWE-20', 'CWE-79', 'CWE-78', 'CWE-94', 'CWE-119', 'CWE-120', 'CWE-125', 'CWE-787']","[-3.0636714 -3.1312551 -3.2909517 -3.3239264 -3.4858627 -3.493256
 -3.5954268 -3.771914  -3.781025  -3.940669 ]",CWE-74
CVE-2021-21333,"['CWE-89', 'CWE-77', 'CWE-20', 'CWE-94', 'CWE-79', 'CWE-78', 'CWE-119', 'CWE-120', 'CWE-190', 'CWE-116']","[-3.3540926 -3.4398446 -3.44452   -3.5461864 -3.5663638 -3.6354175
 -3.7482746 -3.9953992 -3.9980218 -4.0678964]",CWE-74
CVE-2021-22204,"['CWE-190', 'CWE-20', 'CWE-77', 'CWE-119', 'CWE-94', 'CWE-79', 'CWE-89', 'CWE-78', 'CWE-125', 'CWE-787']","[-3.7095535 -3.7663865 -3.93784   -3.997168  -4.0038466 -4.0091467
 -4.061171  -4.140026  -4.144133  -4.152387 ]",CWE-74
CVE-2021-24144,"['CWE-77', 'CWE-20', 'CWE-89', 'CWE-78', 'CWE-94', 'CWE-79', 'CWE-119', 'CWE-125', 'CWE-190', 'CWE-120']","[-2.9508271 -3.117188  -3.1829412 -3.2050495 -3.3146718 -3.3738015
 -3.42874   -3.5787406 -3.5971014 -3.6352553]",CWE-74
CVE-2021-26543,"['CWE-77', 'CWE-20', 'CWE-78', 'CWE-119', 'CWE-89', 'CWE-94', 'CWE-79', 'CWE-125', 'CWE-190', 'CWE-120']","[-2.99059   -3.13304   -3.2541776 -3.324901  -3.3540354 -3.4064775
 -3.490099  -3.548479  -3.5605361 -3.5940387]",CWE-74
CVE-2021-27185,"['CWE-89', 'CWE-77', 'CWE-79', 'CWE-20', 'CWE-78', 'CWE-94', 'CWE-119', 'CWE-190', 'CWE-120', 'CWE-125']","[-3.4549952 -3.4572976 -3.5067928 -3.5240953 -3.5732331 -3.589278
 -3.6938124 -3.9142482 -4.0508747 -4.0690756]",CWE-74
CVE-2021-27611,"['CWE-77', 'CWE-89', 'CWE-20', 'CWE-94', 'CWE-79', 'CWE-78', 'CWE-119', 'CWE-120', 'CWE-116', 'CWE-190']","[-3.3864403 -3.4176085 -3.4888315 -3.5311594 -3.5840554 -3.7137742
 -3.800829  -4.107488  -4.115478  -4.127264 ]",CWE-74
CVE-2021-29501,"['CWE-77', 'CWE-89', 'CWE-79', 'CWE-20', 'CWE-94', 'CWE-78', 'CWE-119', 'CWE-190', 'CWE-120', 'CWE-1236']","[-3.3468819 -3.4123387 -3.474647  -3.5561721 -3.6385574 -3.6452706
 -3.6523635 -3.8922546 -4.029749  -4.0455537]",CWE-74
CVE-2021-29502,"['CWE-89', 'CWE-77', 'CWE-79', 'CWE-20', 'CWE-94', 'CWE-78', 'CWE-119', 'CWE-190', 'CWE-120', 'CWE-125']","[-3.4223378 -3.43363   -3.5191257 -3.5628092 -3.5862715 -3.5938003
 -3.6497319 -3.8313842 -3.988304  -4.012816 ]",CWE-74
CVE-2021-32647,"['CWE-77', 'CWE-20', 'CWE-78', 'CWE-89', 'CWE-94', 'CWE-119', 'CWE-79', 'CWE-125', 'CWE-190', 'CWE-120']","[-2.9303203 -3.0280275 -3.225978  -3.2525034 -3.3402262 -3.353468
 -3.3990476 -3.5515552 -3.590108  -3.5933244]",CWE-74
CVE-2021-32756,"['CWE-77', 'CWE-20', 'CWE-78', 'CWE-89', 'CWE-119', 'CWE-94', 'CWE-79', 'CWE-125', 'CWE-120', 'CWE-190']","[-2.9918065 -3.093167  -3.2430322 -3.2543144 -3.3483164 -3.373209
 -3.3886492 -3.5456986 -3.5813785 -3.597774 ]",CWE-74
CVE-2019-6575,"['CWE-476', 'CWE-209', 'CWE-754', 'CWE-354', 'CWE-252', 'CWE-273']",[-4.829806  -5.3422194 -5.405743  -6.087272  -6.375478  -6.713764 ],CWE-755
CVE-2020-10292,"['CWE-754', 'CWE-476', 'CWE-354', 'CWE-209', 'CWE-252', 'CWE-273']",[-3.1562057 -3.6215944 -3.764981  -3.9179614 -4.689107  -4.9478273],CWE-755
CVE-2020-14304,"['CWE-754', 'CWE-476', 'CWE-209', 'CWE-354', 'CWE-252', 'CWE-273']",[-3.7282016 -3.8605266 -4.346487  -4.3844433 -4.96113   -5.2828503],CWE-755
CVE-2020-15117,"['CWE-754', 'CWE-476', 'CWE-354', 'CWE-209', 'CWE-252', 'CWE-273']",[-3.8026657 -4.2202997 -4.395532  -4.41734   -5.3329306 -5.6187654],CWE-755
CVE-2020-15223,"['CWE-754', 'CWE-476', 'CWE-209', 'CWE-354', 'CWE-252', 'CWE-273']",[-3.6738026 -3.9681246 -4.20066   -4.318575  -5.141994  -5.37363  ],CWE-755
CVE-2020-15566,"['CWE-476', 'CWE-754', 'CWE-209', 'CWE-354', 'CWE-252', 'CWE-273']",[-3.762695  -3.8505104 -4.3947096 -4.586422  -4.989621  -5.348619 ],CWE-755
CVE-2020-1681,"['CWE-754', 'CWE-476', 'CWE-209', 'CWE-354', 'CWE-252', 'CWE-273']",[-3.5326664 -4.056955  -4.19083   -4.229473  -4.999842  -5.299273 ],CWE-755
CVE-2020-5802,"['CWE-754', 'CWE-476', 'CWE-209', 'CWE-354', 'CWE-252', 'CWE-273']",[-3.6961725 -4.1696606 -4.170701  -4.3425694 -5.072578  -5.3606954],CWE-755
CVE-2021-20588,"['CWE-476', 'CWE-209', 'CWE-754', 'CWE-354', 'CWE-252', 'CWE-273']",[-5.8654537 -6.880462  -7.0884466 -7.74163   -7.8358526 -8.142041 ],CWE-755
CVE-2021-34549,"['CWE-754', 'CWE-476', 'CWE-209', 'CWE-354', 'CWE-252', 'CWE-273']",[-3.6994615 -4.1392617 -4.334006  -4.3754954 -5.1375914 -5.4711776],CWE-755
CVE-2021-21046,"['CWE-120', 'CWE-787', 'CWE-125', 'CWE-416', 'CWE-415', 'CWE-824']",[-2.4536982 -2.9942622 -3.1509964 -3.3293107 -3.333848  -3.6045437],CWE-788
CVE-2021-21048,"['CWE-120', 'CWE-787', 'CWE-125', 'CWE-415', 'CWE-416', 'CWE-824']",[-2.3880076 -3.0029776 -3.1771357 -3.2582557 -3.3553622 -3.5573335],CWE-788
CVE-2021-21058,"['CWE-120', 'CWE-787', 'CWE-125', 'CWE-416', 'CWE-415', 'CWE-824']",[-2.4372718 -2.927894  -3.099135  -3.2834039 -3.3491821 -3.6779237],CWE-788
CVE-2021-21059,"['CWE-120', 'CWE-787', 'CWE-125', 'CWE-415', 'CWE-416', 'CWE-824']",[-2.3751264 -3.014927  -3.1065524 -3.2466955 -3.3065207 -3.6031861],CWE-788
CVE-2021-21062,"['CWE-120', 'CWE-787', 'CWE-125', 'CWE-415', 'CWE-416', 'CWE-824']",[-2.4021847 -3.0555956 -3.1329646 -3.2455482 -3.3570383 -3.5130436],CWE-788
CVE-2021-21063,"['CWE-120', 'CWE-787', 'CWE-125', 'CWE-415', 'CWE-416', 'CWE-824']",[-2.4098766 -2.9977362 -3.1939569 -3.3100262 -3.371913  -3.6456935],CWE-788
CVE-2021-21071,"['CWE-120', 'CWE-787', 'CWE-125', 'CWE-415', 'CWE-416', 'CWE-824']",[-2.4436355 -3.0079715 -3.1527007 -3.335788  -3.3503466 -3.6411192],CWE-788
CVE-2021-21082,"['CWE-120', 'CWE-787', 'CWE-125', 'CWE-415', 'CWE-824', 'CWE-416']",[-3.263704  -3.6518667 -3.8560507 -3.8939707 -4.113536  -4.204752 ],CWE-788
CVE-2021-21092,"['CWE-120', 'CWE-787', 'CWE-125', 'CWE-415', 'CWE-416', 'CWE-824']",[-2.3383849 -2.9339561 -3.1052914 -3.2126615 -3.245491  -3.5343447],CWE-788
CVE-2021-21093,"['CWE-120', 'CWE-787', 'CWE-125', 'CWE-415', 'CWE-416', 'CWE-824']",[-2.4036705 -2.976539  -3.1013975 -3.2545352 -3.2928684 -3.5807076],CWE-788
CVE-2021-31812,"['CWE-362', 'CWE-367', 'CWE-835', 'CWE-674', 'CWE-617', 'CWE-670', 'CWE-307', 'CWE-776', 'CWE-667', 'CWE-662']","[-3.5221498 -3.7523904 -3.7777328 -3.7929597 -3.931046  -4.0771794
 -4.106664  -4.2126245 -4.3974023 -4.6201196]",CWE-834
CVE-2021-35515,"['CWE-362', 'CWE-674', 'CWE-367', 'CWE-835', 'CWE-617', 'CWE-670', 'CWE-307', 'CWE-776', 'CWE-667', 'CWE-662']","[-3.5006523 -3.80567   -3.853252  -3.904449  -4.0475597 -4.100107
 -4.1242175 -4.3784533 -4.4026055 -4.6798377]",CWE-834
