CVE ID,Vendor,Product,Date Added
CVE-2010-5326,SAP,SAP NetWeaver Application Server Java platforms,2021-11-03
CVE-2010-5326,SAP,NetWeaver,2021-11-03
CVE-2010-5326,SAP,SAP NetWeaver Application Server Java platforms,2021-11-03
CVE-2012-0158,Microsoft,MSCOMCTL.OCX,2021-11-03
CVE-2012-0158,Microsoft,MSCOMCTL.OCX,2021-11-03
CVE-2012-3152,Oracle,Oracle Reports Developer,2021-11-03
CVE-2012-3152,Oracle,Oracle Reports Developer,2021-11-03
CVE-2012-3152,Oracle,Fusion Middleware,2021-11-03
CVE-2014-1812,Microsoft,Windows Group Policy,2021-11-03
CVE-2014-1812,Microsoft,Windows,2021-11-03
CVE-2014-1812,Microsoft,Windows Group Policy,2021-11-03
CVE-2015-1641,Microsoft,Microsoft Office,2021-11-03
CVE-2015-1641,Microsoft,Office,2021-11-03
CVE-2015-1641,Microsoft,Microsoft Office,2021-11-03
CVE-2015-4852,Oracle,Oracle WebLogic Server,2021-11-03
CVE-2015-4852,Oracle,WebLogic Server,2021-11-03
CVE-2015-4852,Oracle,Oracle WebLogic Server,2021-11-03
CVE-2016-0167,Microsoft,Windows,2021-11-03
CVE-2016-0167,Microsoft,Windows Kernel,2021-11-03
CVE-2016-0167,Microsoft,Win32k,2021-11-03
CVE-2016-0167,Microsoft,Windows Kernel,2021-11-03
CVE-2016-0185,Microsoft,Windows Media Center,2021-11-03
CVE-2016-0185,Microsoft,Windows,2021-11-03
CVE-2016-0185,Microsoft,Windows Media Center,2021-11-03
CVE-2016-3235,Microsoft,Microsoft Visio/Office,2021-11-03
CVE-2016-3235,Microsoft,Microsoft Visio/Office,2021-11-03
CVE-2016-3235,Microsoft,Office,2021-11-03
CVE-2016-3643,SolarWinds,SolarWinds Virtualization Manager,2021-11-03
CVE-2016-3643,SolarWinds,SolarWinds Virtualization Manager,2021-11-03
CVE-2016-3643,SolarWinds,Virtualization Manager,2021-11-03
CVE-2016-3715,ImageMagick,ImageMagick,2021-11-03
CVE-2016-3715,ImageMagick,ImageMagick,2021-11-03
CVE-2016-3718,ImageMagick,ImageMagick,2021-11-03
CVE-2016-3718,ImageMagick,ImageMagick,2021-11-03
CVE-2016-3976,SAP,SAP NetWeaver AS Java,2021-11-03
CVE-2016-3976,SAP,NetWeaver,2021-11-03
CVE-2016-3976,SAP,SAP NetWeaver AS Java,2021-11-03
CVE-2016-4437,Apache,Shiro,2021-11-03
CVE-2016-4437,Apache,Shiro,2021-11-03
CVE-2016-7255,Microsoft,Windows,2021-11-03
CVE-2016-7255,Microsoft,"Windows, Windows Server",2021-11-03
CVE-2016-7255,Microsoft,"Windows, Windows Server",2021-11-03
CVE-2016-7255,Microsoft,Win32k,2021-11-03
CVE-2016-9563,SAP,SAP NetWeaver AS JAVA,2021-11-03
CVE-2016-9563,SAP,SAP NetWeaver AS JAVA,2021-11-03
CVE-2016-9563,SAP,NetWeaver,2021-11-03
CVE-2017-0143,Microsoft,SMBv1 server,2021-11-03
CVE-2017-0143,Microsoft,Windows,2021-11-03
CVE-2017-0143,Microsoft,SMBv1 server,2021-11-03
CVE-2017-0199,Microsoft,"Windows, Windows Server, Office",2021-11-03
CVE-2017-0199,Microsoft,Office and WordPad,2021-11-03
CVE-2017-0199,Microsoft,"Windows, Windows Server, Microsoft Office",2021-11-03
CVE-2017-0199,Microsoft,"Windows, Windows Server, Microsoft Office",2021-11-03
CVE-2017-11774,Microsoft,Office,2021-11-03
CVE-2017-11774,Microsoft,Microsoft Outlook,2021-11-03
CVE-2017-11774,Microsoft,Microsoft Outlook,2021-11-03
CVE-2017-11882,Microsoft,Microsoft Office,2021-11-03
CVE-2017-11882,Microsoft,Office,2021-11-03
CVE-2017-11882,Microsoft,Microsoft Office,2021-11-03
CVE-2017-16651,Roundcube,Roundcube Webmail,2021-11-03
CVE-2017-16651,Roundcube,Roundcube Webmail,2021-11-03
CVE-2017-5638,Apache,Struts,2021-11-03
CVE-2017-5638,Apache,Struts,2021-11-03
CVE-2017-6327,Symantec,Symantec Messaging Gateway,2021-11-03
CVE-2017-6327,Symantec,Symantec Messaging Gateway,2021-11-03
CVE-2017-7269,Microsoft,Internet Information Services (IIS),2021-11-03
CVE-2017-7269,Microsoft,Internet Information Services (IIS),2021-11-03
CVE-2017-7481,SonicWall,SMA1000,2021-11-03
CVE-2017-8759,Microsoft,Microsoft .NET Framework,2021-11-03
CVE-2017-8759,Microsoft,Microsoft .NET Framework,2021-11-03
CVE-2017-8759,Microsoft,.NET Framework,2021-11-03
CVE-2017-9248,Telerik,ASP.NET AJAX and Sitefinity,2021-11-03
CVE-2017-9248,Telerik,ASP.NET AJAX and Sitefinity,2021-11-03
CVE-2017-9248,Progress,ASP.NET AJAX and Sitefinity,2021-11-03
CVE-2017-9248,Progess,ASP.NET AJAX and Sitefinity,2021-11-03
CVE-2017-9805,Apache,Struts,2021-11-03
CVE-2017-9805,Apache,Struts,2021-11-03
CVE-2017-9822,DNN,DotNetNuke (DNN),2021-11-03
CVE-2017-9822,DNN,DotNetNuke (DNN),2021-11-03
CVE-2017-9822,DotNetNuke (DNN),DotNetNuke (DNN),2021-11-03
CVE-2018-0171,Cisco,IOS and IOS XE,2021-11-03
CVE-2018-0171,Cisco,IOS and IOS XE,2021-11-03
CVE-2018-0296,Cisco,Adaptive Security Appliance (ASA) and Firepower Threat Defense (FTD),2021-11-03
CVE-2018-0296,Cisco,Adaptive Security Appliance (ASA),2021-11-03
CVE-2018-0296,Cisco,Adaptive Security Appliance (ASA) and Firepower Threat Defense (FTD),2021-11-03
CVE-2018-0798,Microsoft,Microsoft Office,2021-11-03
CVE-2018-0798,Microsoft,Microsoft Office,2021-11-03
CVE-2018-0798,Microsoft,Office,2021-11-03
CVE-2018-0802,Microsoft,Microsoft Office,2021-11-03
CVE-2018-0802,Microsoft,Office,2021-11-03
CVE-2018-0802,Microsoft,Microsoft Office,2021-11-03
CVE-2018-11776,Apache,Struts,2021-11-03
CVE-2018-11776,Apache,Struts,2021-11-03
CVE-2018-13379,Fortinet,FortiOS,2021-11-03
CVE-2018-13379,Fortinet,FortiOS,2021-11-03
CVE-2018-14558,Tenda,"AC7, AC9, and AC10 Routers",2021-11-03
CVE-2018-14558,Tenda,"Tenda AC7, AC9, and AC10 devices",2021-11-03
CVE-2018-14558,Tenda,"Tenda AC7, AC9, and AC10 devices",2021-11-03
CVE-2018-15811,DotNetNuke (DNN),DotNetNuke (DNN),2021-11-03
CVE-2018-15811,DNN,DotNetNuke (DNN),2021-11-03
CVE-2018-15811,DNN,DotNetNuke,2021-11-03
CVE-2018-15811,DNN,DotNetNuke,2021-11-03
CVE-2018-15961,Adobe,ColdFusion,2021-11-03
CVE-2018-15961,Adobe,ColdFusion,2021-11-03
CVE-2018-18325,DotNetNuke (DNN),DotNetNuke (DNN),2021-11-03
CVE-2018-18325,DNN,DotNetNuke,2021-11-03
CVE-2018-18325,DNN,DotNetNuke (DNN),2021-11-03
CVE-2018-18325,DNN,DotNetNuke,2021-11-03
CVE-2018-20062,ThinkPHP,noneCms,2021-11-03
CVE-2018-20062,ThinkPHP,NoneCms,2021-11-03
CVE-2018-2380,SAP,Customer Relationship Management (CRM),2021-11-03
CVE-2018-2380,SAP,SAP CRM,2021-11-03
CVE-2018-2380,SAP,SAP CRM,2021-11-03
CVE-2018-4878,Adobe,Flash Player,2021-11-03
CVE-2018-4878,Adobe,Flash Player,2021-11-03
CVE-2018-4939,Adobe,ColdFusion,2021-11-03
CVE-2018-4939,Adobe,ColdFusion,2021-11-03
CVE-2018-6789,Exim,Exim,2021-11-03
CVE-2018-6789,Exim,Exim,2021-11-03
CVE-2018-7600,Drupal,Drupal,2021-11-03
CVE-2018-7600,Drupal,Drupal,2021-11-03
CVE-2018-7600,Drupal,Drupal Core,2021-11-03
CVE-2018-8653,Microsoft,Internet Explorer Scripting Engine,2021-11-03
CVE-2018-8653,Microsoft,Internet Explorer,2021-11-03
CVE-2018-8653,Microsoft,Internet Explorer Scripting Engine,2021-11-03
CVE-2019-0211,Apache,HTTP Server,2021-11-03
CVE-2019-0211,Apache,HTTP Server,2021-11-03
CVE-2019-0541,Microsoft,MSHTML engine,2021-11-03
CVE-2019-0541,Microsoft,MSHTML,2021-11-03
CVE-2019-0541,Microsoft,MSHTML engine ,2021-11-03
CVE-2019-0541,Microsoft,MSHTML engine,2021-11-03
CVE-2019-0604,Microsoft,SharePoint,2021-11-03
CVE-2019-0604,Microsoft,SharePoint,2021-11-03
CVE-2019-0708,Microsoft,Remote Desktop Services,2021-11-03
CVE-2019-0708,Microsoft,Remote Desktop Services,2021-11-03
CVE-2019-0797,Microsoft,Windows Win32k,2021-11-03
CVE-2019-0797,Microsoft,Win32k,2021-11-03
CVE-2019-0797,Microsoft,Windows Win32k,2021-11-03
CVE-2019-0803,Microsoft,Win32k,2021-11-03
CVE-2019-0803,Microsoft,Windows Win32k,2021-11-03
CVE-2019-0803,Microsoft,Windows Win32k,2021-11-03
CVE-2019-0808,Microsoft,Windows,2021-11-03
CVE-2019-0808,Microsoft,Windows Win32k,2021-11-03
CVE-2019-0808,Microsoft,Win32k,2021-11-03
CVE-2019-0808,Microsoft,Windows Win32k,2021-11-03
CVE-2019-0859,Microsoft,Windows Win32k,2021-11-03
CVE-2019-0859,Microsoft,Windows Win32k,2021-11-03
CVE-2019-0859,Microsoft,Win32k,2021-11-03
CVE-2019-0863,Microsoft,Windows,2021-11-03
CVE-2019-0863,Microsoft,Windows Error Reporting (WER),2021-11-03
CVE-2019-0863,Microsoft,Windows Error Reporting (WER),2021-11-03
CVE-2019-11510,Ivanti,Pulse Connect Secure,2021-11-03
CVE-2019-11510,Pulse,Pulse Secure Pulse Connect Secure (PCS),2021-11-03
CVE-2019-11510,Pulse Secure,Pulse Connect Secure,2021-11-03
CVE-2019-11510,Pulse,Pulse Secure Pulse Connect Secure (PCS),2021-11-03
CVE-2019-11539,Ivanti,Pulse Connect Secure and Pulse Policy Secure,2021-11-03
CVE-2019-11539,Pulse Secure,"Pulse Connect Secure, Policy Secure",2021-11-03
CVE-2019-11539,Pulse Secure,"Connect Secure, Policy Secure",2021-11-03
CVE-2019-11539,Pulse Secure,"Connect Secure, Policy Secure",2021-11-03
CVE-2019-11580,Atlassian,Crowd and Crowd Data Center,2021-11-03
CVE-2019-11580,Atlassian,Crowd and Crowd Data Center,2021-11-03
CVE-2019-11634,Citrix,Workspace (for Windows),2021-11-03
CVE-2019-11634,Citrix,Workspace (for Windows),2021-11-03
CVE-2019-11634,Citrix,Workspace Application and Receiver for Windows,2021-11-03
CVE-2019-1214,Microsoft,Windows Common Log File System (CLFS) driver,2021-11-03
CVE-2019-1214,Microsoft,Windows,2021-11-03
CVE-2019-1214,Microsoft,Windows Common Log File System (CLFS) driver,2021-11-03
CVE-2019-1215,Microsoft,Windows,2021-11-03
CVE-2019-1215,Microsoft,Windows Winsock,2021-11-03
CVE-2019-1215,Microsoft,Windows Winsock,2021-11-03
CVE-2019-13608,Citrix,StoreFront Server,2021-11-03
CVE-2019-13608,Citrix,StoreFront Server,2021-11-03
CVE-2019-1367,Microsoft,Internet Explorer Scripting Engine,2021-11-03
CVE-2019-1367,Microsoft,Internet Explorer,2021-11-03
CVE-2019-1367,Microsoft,Internet Explorer Scripting Engine,2021-11-03
CVE-2019-1429,Microsoft,Internet Explorer Scripting Engine,2021-11-03
CVE-2019-1429,Microsoft,Internet Explorer Scripting Engine,2021-11-03
CVE-2019-1429,Microsoft,Internet Explorer,2021-11-03
CVE-2019-15752,Docker,Desktop Community Edition,2021-11-03
CVE-2019-15752,Docker,Desktop Community Edition,2021-11-03
CVE-2019-15949,Nagios,Nagios XI,2021-11-03
CVE-2019-15949,Nagios,Nagios XI,2021-11-03
CVE-2019-16256,SIMalliance,SIMalliance Toolbox (S@T) Browser,2021-11-03
CVE-2019-16256,SIMalliance,SIMalliance Toolbox (S@T) Browser,2021-11-03
CVE-2019-16256,SIMalliance,Toolbox Browser,2021-11-03
CVE-2019-1653,Cisco,Small Business RV320 and RV325 Routers,2021-11-03
CVE-2019-1653,Cisco,RV320 and RV325 Routers,2021-11-03
CVE-2019-1653,Cisco,RV320 and RV325 Routers,2021-11-03
CVE-2019-16759,vBulletin,vBulletin,2021-11-03
CVE-2019-16759,vBulletin,vBulletin,2021-11-03
CVE-2019-17026,Mozilla,IonMonkey JIT compiler,2021-11-03
CVE-2019-17026,Mozilla,IonMonkey JIT compiler,2021-11-03
CVE-2019-17026,Mozilla,Firefox and Thunderbird,2021-11-03
CVE-2019-17558,Apache,Solr,2021-11-03
CVE-2019-17558,Apache,Solr,2021-11-03
CVE-2019-18187,Trend Micro,Trend Micro OfficeScan,2021-11-03
CVE-2019-18187,Trend Micro,Trend Micro OfficeScan,2021-11-03
CVE-2019-18187,Trend Micro,OfficeScan,2021-11-03
CVE-2019-18935,Progress,Telerik UI for ASP.NET AJAX,2021-11-03
CVE-2019-18935,Progess,ASP.NET AJAX,2021-11-03
CVE-2019-18935,Progess,ASP.NET AJAX,2021-11-03
CVE-2019-18935,Progess,Telerik UI for ASP.NET AJAX,2021-11-03
CVE-2019-18988,TeamViewer,Desktop,2021-11-03
CVE-2019-18988,TeamViewer,TeamViewer Desktop,2021-11-03
CVE-2019-18988,TeamViewer,TeamViewer Desktop,2021-11-03
CVE-2019-19356,Netis,Netis WF2419,2021-11-03
CVE-2019-19356,Netis,Netis WF2419,2021-11-03
CVE-2019-19356,Netis,WF2419 Devices,2021-11-03
CVE-2019-19781,Citrix,"Application Delivery Controller (ADC), Gateway, and SD-WAN WANOP Appliance",2021-11-03
CVE-2019-19781,Citrix,Application Delivery Controller (ADC) and Gateway,2021-11-03
CVE-2019-19781,Citrix,Application Delivery Controller (ADC) and Gateway,2021-11-03
CVE-2019-20085,TVT,NVMS-1000,2021-11-03
CVE-2019-20085,TVT,NVMS-1000,2021-11-03
CVE-2019-2215,Android,Android OS,2021-11-03
CVE-2019-2215,Android,Android OS,2021-11-03
CVE-2019-2215,Android,Kernel,2021-11-03
CVE-2019-2215,Android,Android Kernel,2021-11-03
CVE-2019-3396,Atlassian,Atlassian Confluence Server,2021-11-03
CVE-2019-3396,Atlassian,Atlassian Confluence Server,2021-11-03
CVE-2019-3396,Atlassian ,Atlassian Confluence Server,2021-11-03
CVE-2019-3396,Atlassian,Confluence Server and Data Server,2021-11-03
CVE-2019-3398,Atlassian,Confluence Server and Data Center,2021-11-03
CVE-2019-3398,Atlassian,Confluence,2021-11-03
CVE-2019-3398,Atlassian,Confluence,2021-11-03
CVE-2019-4716,IBM,IBM Planning Analytics,2021-11-03
CVE-2019-4716,IBM,IBM Planning Analytics,2021-11-03
CVE-2019-4716,IBM,Planning Analytics,2021-11-03
CVE-2019-5544,VMware,VMware ESXi and Horizon DaaS,2021-11-03
CVE-2019-5544,VMware,"ESXi, Horizon DaaS Appliances",2021-11-03
CVE-2019-5544,VMWare,"ESXi, Horizon DaaS Appliances",2021-11-03
CVE-2019-5591,Fortinet,FortiOS,2021-11-03
CVE-2019-5591,Fortinet,FortiOS,2021-11-03
CVE-2019-6223,Apple,FaceTime,2021-11-03
CVE-2019-6223,Apple,iOS and macOS,2021-11-03
CVE-2019-6223,Apple,FaceTime,2021-11-03
CVE-2019-7481,SonicWall,SMA100,2021-11-03
CVE-2019-7481,SonicWall,SMA1000,2021-11-03
CVE-2019-7481,SonicWall,SMA1000,2021-11-03
CVE-2019-8394,Zoho,ManageEngine ServiceDesk Plus (SDP),2021-11-03
CVE-2019-8394,Zoho,ManageEngine ServiceDesk Plus (SDP),2021-11-03
CVE-2019-8394,Zoho,ManageEngine,2021-11-03
CVE-2019-9082,ThinkPHP,ThinkPHP,2021-11-03
CVE-2019-9082,ThinkPHP,ThinkPHP,2021-11-03
CVE-2019-9978,WordPress,Social-Warfare,2021-11-03
CVE-2019-9978,WordPress,Social-Warfare,2021-11-03
CVE-2019-9978,WordPress,Social Warfare Plugin,2021-11-03
CVE-2020-0041,Android,Android OS,2021-11-03
CVE-2020-0041,Android,Android OS,2021-11-03
CVE-2020-0041,Android,Android Kernel,2021-11-03
CVE-2020-0041,Android,Kernel,2021-11-03
CVE-2020-0069,Android,Android OS,2021-11-03
CVE-2020-0069,MediaTek,Multiple Chipsets,2021-11-03
CVE-2020-0069,Android,Android OS,2021-11-03
CVE-2020-0601,Microsoft,Windows CryptoAPI,2021-11-03
CVE-2020-0601,Microsoft,Windows,2021-11-03
CVE-2020-0601,Microsoft,Windows CryptoAPI ,2021-11-03
CVE-2020-0601,Microsoft,Windows CryptoAPI,2021-11-03
CVE-2020-0646,Microsoft,Microsoft .NET Framework,2021-11-03
CVE-2020-0646,Microsoft,Microsoft .NET Framework,2021-11-03
CVE-2020-0646,Microsoft,.NET Framework,2021-11-03
CVE-2020-0674,Microsoft,Internet Explorer Scripting Engine,2021-11-03
CVE-2020-0674,Microsoft,Internet Explorer,2021-11-03
CVE-2020-0674,Microsoft,Internet Explorer Scripting Engine,2021-11-03
CVE-2020-0683,Microsoft,Windows Installer,2021-11-03
CVE-2020-0683,Microsoft,Windows,2021-11-03
CVE-2020-0683,Microsoft,Windows Installer,2021-11-03
CVE-2020-0688,Microsoft,Microsoft Exchange Server,2021-11-03
CVE-2020-0688,Microsoft,Microsoft Exchange Server,2021-11-03
CVE-2020-0688,Microsoft,Exchange Server,2021-11-03
CVE-2020-0878,Microsoft,"Microsoft Edge, Internet Explorer",2021-11-03
CVE-2020-0878,Microsoft,"Microsoft Edge, Internet Explorer",2021-11-03
CVE-2020-0878,Microsoft,Edge and Internet Explorer,2021-11-03
CVE-2020-0938,Microsoft,Windows,2021-11-03
CVE-2020-0938,Microsoft,"Windows, Windows Adobe Type Manager Library",2021-11-03
CVE-2020-0938,Microsoft,"Windows, Windows Adobe Type Manager Library",2021-11-03
CVE-2020-0968,Microsoft,Internet Explorer Scripting Engine,2021-11-03
CVE-2020-0968,Microsoft,Internet Explorer Scripting Engine,2021-11-03
CVE-2020-0968,Microsoft,Internet Explorer,2021-11-03
CVE-2020-0986,Microsoft,Windows,2021-11-03
CVE-2020-0986,Microsoft,Windows Kernel,2021-11-03
CVE-2020-0986,Microsoft,Windows Kernel,2021-11-03
CVE-2020-10148,SolarWinds,Orion,2021-11-03
CVE-2020-10148,SolarWinds,SolarWinds Orion Platform,2021-11-03
CVE-2020-10148,SolarWinds,SolarWinds Orion Platform,2021-11-03
CVE-2020-10181,Sumavision,Sumavision Enhanced Multimedia Router (EMR),2021-11-03
CVE-2020-10181,Sumavision,Sumavision Enhanced Multimedia Router (EMR),2021-11-03
CVE-2020-10181,Sumavision,Enhanced Multimedia Router (EMR),2021-11-03
CVE-2020-10189,Zoho,ManageEngine,2021-11-03
CVE-2020-10189,Zoho,ManageEngine Desktop Central,2021-11-03
CVE-2020-10189,Zoho,ManageEngine Desktop Central,2021-11-03
CVE-2020-10199,Sonatype,Nexus Repository,2021-11-03
CVE-2020-10199,Sonatype,Sonatype Nexus Repository,2021-11-03
CVE-2020-10199,Sonatype,Sonatype Nexus Repository,2021-11-03
CVE-2020-1020,Microsoft,"Windows, Windows Adobe Type Manager Library",2021-11-03
CVE-2020-1020,Microsoft,Windows,2021-11-03
CVE-2020-1020,Microsoft,"Windows, Windows Adobe Type Manager Library",2021-11-03
CVE-2020-10221,rConfig,rConfig,2021-11-03
CVE-2020-10221,rConfig,rConfig,2021-11-03
CVE-2020-1040,Microsoft,Hyper-V RemoteFX,2021-11-03
CVE-2020-1040,Microsoft,Hyper-V RemoteFX vGPU,2021-11-03
CVE-2020-1040,Microsoft,Hyper-V RemoteFX vGPU,2021-11-03
CVE-2020-1054,Microsoft,Win32k,2021-11-03
CVE-2020-1054,Microsoft,Windows Win32k,2021-11-03
CVE-2020-1054,Microsoft,Windows Win32k,2021-11-03
CVE-2020-10987,Tenda,Tenda AC15 AC1900,2021-11-03
CVE-2020-10987,Tenda,Tenda AC15 AC1900,2021-11-03
CVE-2020-10987,Tenda,AC1900 Router AC15 Model,2021-11-03
CVE-2020-1147,Microsoft,"Microsoft .NET Framework, Microsoft SharePoint, Visual Studio",2021-11-03
CVE-2020-1147,Microsoft,"Microsoft .NET Framework, Microsoft SharePoint, Visual Studio",2021-11-03
CVE-2020-1147,Microsoft,".NET Framework, SharePoint, Visual Studio",2021-11-03
CVE-2020-11651,SaltStack,Salt,2021-11-03
CVE-2020-11651,SaltStack,Salt,2021-11-03
CVE-2020-11652,SaltStack,Salt,2021-11-03
CVE-2020-11652,SaltStack,Salt,2021-11-03
CVE-2020-11738,WordPress,Snap Creek Duplicator,2021-11-03
CVE-2020-11738,WordPress,Snap Creek Duplicator Plugin,2021-11-03
CVE-2020-11738,WordPress,Snap Creek Duplicator,2021-11-03
CVE-2020-12271,Sophos,Sophos XG Firewall devices,2021-11-03
CVE-2020-12271,Sophos,Sophos XG Firewall devices,2021-11-03
CVE-2020-12271,Sophos,SFOS,2021-11-03
CVE-2020-12812,Fortinet,FortiOS,2021-11-03
CVE-2020-12812,Fortinet,FortiOS,2021-11-03
CVE-2020-1350,Microsoft,Windows,2021-11-03
CVE-2020-1350,Microsoft,Windows Domain Name System Server,2021-11-03
CVE-2020-1350,Microsoft,Windows Domain Name System Server,2021-11-03
CVE-2020-1380,Microsoft,Internet Explorer,2021-11-03
CVE-2020-1380,Microsoft,Internet Explorer,2021-11-03
CVE-2020-1464,Microsoft,Windows,2021-11-03
CVE-2020-1464,Microsoft,Windows,2021-11-03
CVE-2020-1472,Microsoft,Netlogon Remote Protocol (MS-NRPC),2021-11-03
CVE-2020-1472,Microsoft,Netlogon,2021-11-03
CVE-2020-1472,Microsoft,Netlogon Remote Protocol (MS-NRPC),2021-11-03
CVE-2020-14750,Oracle,WebLogic Server,2021-11-03
CVE-2020-14750,Oracle,Oracle WebLogic Server,2021-11-03
CVE-2020-14750,Oracle,Oracle WebLogic Server,2021-11-03
CVE-2020-14871,Oracle,Solaris and Zettabyte File System (ZFS),2021-11-03
CVE-2020-14871,Oracle,Oracle Solaris ,2021-11-03
CVE-2020-14871,Oracle,Oracle Solaris,2021-11-03
CVE-2020-14871,Oracle,Oracle Solaris,2021-11-03
CVE-2020-14882,Oracle,Oracle WebLogic Server,2021-11-03
CVE-2020-14882,Oracle,Oracle WebLogic Server,2021-11-03
CVE-2020-14882,Oracle,WebLogic Server,2021-11-03
CVE-2020-14883,Oracle,Oracle WebLogic Server,2021-11-03
CVE-2020-14883,Oracle,WebLogic Server,2021-11-03
CVE-2020-14883,Oracle,Oracle WebLogic Server,2021-11-03
CVE-2020-15505,Ivanti,MobileIron Core & Connector,2021-11-03
CVE-2020-15505,Ivanti,MobileIron Core & Connector,2021-11-03
CVE-2020-15505,Ivanti,MobileIron Multiple Products,2021-11-03
CVE-2020-15999,Google,Chrome FreeType,2021-11-03
CVE-2020-15999,Google,Chrome,2021-11-03
CVE-2020-15999,Google,Chrome,2021-11-03
CVE-2020-16009,Google,Chromium V8 Engine,2021-11-03
CVE-2020-16009,Google,Chromium V8,2021-11-03
CVE-2020-16009,Google,Chromium V8,2021-11-03
CVE-2020-16010,Google,Chrome for Android,2021-11-03
CVE-2020-16010,Google,Chrome for Android,2021-11-03
CVE-2020-16010,Google,Chrome for Android UI,2021-11-03
CVE-2020-16010,Google,Chrome,2021-11-03
CVE-2020-16013,Google,Chromium V8,2021-11-03
CVE-2020-16013,Google,Chromium V8 Engine,2021-11-03
CVE-2020-16013,Google,Chromium V8,2021-11-03
CVE-2020-16017,Google,Chrome,2021-11-03
CVE-2020-16017,Google,Chrome,2021-11-03
CVE-2020-16846,SaltStack,Salt,2021-11-03
CVE-2020-16846,SaltStack,Salt,2021-11-03
CVE-2020-17087,Microsoft,Windows Kernel,2021-11-03
CVE-2020-17087,Microsoft,Windows Kernel,2021-11-03
CVE-2020-17087,Microsoft,Windows,2021-11-03
CVE-2020-17144,Microsoft,Microsoft Exchange Server,2021-11-03
CVE-2020-17144,Microsoft,Microsoft Exchange Server,2021-11-03
CVE-2020-17144,Microsoft,Exchange Server,2021-11-03
CVE-2020-17496,vBulletin,vBulletin,2021-11-03
CVE-2020-17496,vBulletin,vBulletin,2021-11-03
CVE-2020-17530,Apache,Struts,2021-11-03
CVE-2020-17530,Apache,Struts,2021-11-03
CVE-2020-24557,Trend Micro,"Apex One, OfficeScan, and Worry-Free Business Security",2021-11-03
CVE-2020-24557,Trend Micro,Trend Micro Apex One and Worry-Free Business Security,2021-11-03
CVE-2020-24557,Trend Micro,Trend Micro Apex One and Worry-Free Business Security,2021-11-03
CVE-2020-25213,WordPress,File Manager,2021-11-03
CVE-2020-25213,WordPress,File Manager,2021-11-03
CVE-2020-25213,WordPress,File Manager Plugin,2021-11-03
CVE-2020-25506,D-Link,DNS-320,2021-11-03
CVE-2020-25506,D-Link,DNS-320,2021-11-03
CVE-2020-25506,D-Link,DNS-320 Device,2021-11-03
CVE-2020-2555,Oracle,Oracle Coherence ,2021-11-03
CVE-2020-2555,Oracle,Oracle Coherence,2021-11-03
CVE-2020-2555,Oracle,Oracle Coherence,2021-11-03
CVE-2020-2555,Oracle,Multiple Products,2021-11-03
CVE-2020-26919,Netgear,NETGEAR JGS516PE devices,2021-11-03
CVE-2020-26919,Netgear,NETGEAR JGS516PE devices,2021-11-03
CVE-2020-26919,NETGEAR,JGS516PE Devices,2021-11-03
CVE-2020-27930,Apple,iOS and macOS,2021-11-03
CVE-2020-27930,Apple,iOS and macOS,2021-11-03
CVE-2020-27930,Apple,Multiple Products,2021-11-03
CVE-2020-27932,Apple,iOS and macOS,2021-11-03
CVE-2020-27932,Apple,Multiple Products,2021-11-03
CVE-2020-27932,Apple,iOS and macOS,2021-11-03
CVE-2020-27950,Apple,iOS and macOS,2021-11-03
CVE-2020-27950,Apple,Multiple Products,2021-11-03
CVE-2020-27950,Apple,iOS and macOS,2021-11-03
CVE-2020-29557,D-Link,DIR-825 R1 Devices,2021-11-03
CVE-2020-29557,D-Link,DIR-825 R1,2021-11-03
CVE-2020-29557,D-Link,DIR-825 R1,2021-11-03
CVE-2020-29583,ZyXEL,Unified Security Gateway (USG),2021-11-03
CVE-2020-29583,Zyxel,Unified Security Gateway (USG),2021-11-03
CVE-2020-29583,Zyxel,Multiple Products,2021-11-03
CVE-2020-3118,Cisco,IOS XR,2021-11-03
CVE-2020-3118,Cisco,IOS XR,2021-11-03
CVE-2020-3161,Cisco,IP Phones,2021-11-03
CVE-2020-3161,Cisco,IP Phones,2021-11-03
CVE-2020-3161,Cisco,Cisco IP Phones,2021-11-03
CVE-2020-3452,Cisco,Adaptive Security Appliance (ASA) and Firepower Threat Defense (FTD),2021-11-03
CVE-2020-3452,Cisco,Adaptive Security Appliance (ASA) and Firepower Threat Defense (FTD),2021-11-03
CVE-2020-3566,Cisco,IOS XR,2021-11-03
CVE-2020-3566,Cisco,IOS XR,2021-11-03
CVE-2020-3569,Cisco,IOS XR,2021-11-03
CVE-2020-3569,Cisco,IOS XR,2021-11-03
CVE-2020-3580,Cisco,Adaptive Security Appliance (ASA) and Firepower Threat Defense (FTD),2021-11-03
CVE-2020-3580,Cisco,Adaptive Security Appliance (ASA) and Firepower Threat Defense (FTD),2021-11-03
CVE-2020-3950,VMware,"VMware Fusion, VMware Remote Console for Mac, and Horizon Client for Mac",2021-11-03
CVE-2020-3950,VMWare,"VMWare Fusion, VMware Remote Console for Mac, and Horizon Client for Mac",2021-11-03
CVE-2020-3950,VMware,Multiple Products,2021-11-03
CVE-2020-3952,VMWare,vCenter Server,2021-11-03
CVE-2020-3952,VMWare,vCenter Server,2021-11-03
CVE-2020-3992,VMWare,ESXi,2021-11-03
CVE-2020-3992,VMWare,ESXi,2021-11-03
CVE-2020-4006,VMware,Multiple Products,2021-11-03
CVE-2020-4006,VMWare,"VMWare Workspace One Access, Access Connector, Identity Manager, and Identity Manager Connector",2021-11-03
CVE-2020-4006,VMWare,"VMWare Workspace One Access, Access Connector, Identity Manager, and Identity Manager Connector",2021-11-03
CVE-2020-4427,IBM,IBM Data Risk Manager,2021-11-03
CVE-2020-4427,IBM,IBM Data Risk Manager,2021-11-03
CVE-2020-4427,IBM,Data Risk Manager,2021-11-03
CVE-2020-4428,IBM,IBM Data Risk Manager,2021-11-03
CVE-2020-4428,IBM,Data Risk Manager,2021-11-03
CVE-2020-4428,IBM,IBM Data Risk Manager,2021-11-03
CVE-2020-4430,IBM,Data Risk Manager,2021-11-03
CVE-2020-4430,IBM,IBM Data Risk Manager,2021-11-03
CVE-2020-4430,IBM,IBM Data Risk Manager,2021-11-03
CVE-2020-5735,Amcrest,Cameras and Network Video Recorder (NVR),2021-11-03
CVE-2020-5735,Amcrest,Cameras and Network Video Recorder (NVR),2021-11-03
CVE-2020-5847,Unraid,Unraid,2021-11-03
CVE-2020-5847,Unraid,Unraid,2021-11-03
CVE-2020-5849,Unraid,Unraid,2021-11-03
CVE-2020-5849,Unraid,Unraid,2021-11-03
CVE-2020-5902,F5,BIG IP,2021-11-03
CVE-2020-5902,F5,BIG-IP,2021-11-03
CVE-2020-5902,F5,BIG IP,2021-11-03
CVE-2020-6207,SAP,Solution Manager,2021-11-03
CVE-2020-6207,SAP,SAP Solution Manager (User Experience Monitoring),2021-11-03
CVE-2020-6207,SAP,SAP Solution Manager (User Experience Monitoring),2021-11-03
CVE-2020-6287,SAP,NetWeaver,2021-11-03
CVE-2020-6287,SAP,SAP NetWeaver AS JAVA (LM Configuration Wizard),2021-11-03
CVE-2020-6287,SAP,SAP NetWeaver AS JAVA (LM Configuration Wizard),2021-11-03
CVE-2020-6418,Google,Chromium V8,2021-11-03
CVE-2020-6418,Google,Chromium V8,2021-11-03
CVE-2020-6418,Google,Chromium V8 Engine,2021-11-03
CVE-2020-6819,Mozilla,Firefox and Thunderbird,2021-11-03
CVE-2020-6819,Mozilla,nsDocShell destructor,2021-11-03
CVE-2020-6819,Mozilla,nsDocShell destructor,2021-11-03
CVE-2020-6820,Mozilla,ReadableStream,2021-11-03
CVE-2020-6820,Mozilla,ReadableStream,2021-11-03
CVE-2020-6820,Mozilla,Firefox and Thunderbird,2021-11-03
CVE-2020-7961,LifeRay,Liferay Portal,2021-11-03
CVE-2020-7961,LifeRay,Liferay Portal,2021-11-03
CVE-2020-8193,Citrix,"Application Delivery Controller (ADC), Gateway, and SDWAN WANOP",2021-11-03
CVE-2020-8193,Citrix,"Application Delivery Controller (ADC), Gateway, and SDWAN WANOP",2021-11-03
CVE-2020-8193,Citrix,"Application Delivery Controller (ADC), Gateway, and SD-WAN WANOP Appliance",2021-11-03
CVE-2020-8195,Citrix,"Application Delivery Controller (ADC), Gateway, and SDWAN WANOP",2021-11-03
CVE-2020-8195,Citrix,"Application Delivery Controller (ADC), Gateway, and SDWAN WANOP",2021-11-03
CVE-2020-8195,Citrix,"Application Delivery Controller (ADC), Gateway, and SD-WAN WANOP Appliance",2021-11-03
CVE-2020-8196,Citrix,"Application Delivery Controller (ADC), Gateway, and SDWAN WANOP",2021-11-03
CVE-2020-8196,Citrix,"Application Delivery Controller (ADC), Gateway, and SDWAN WANOP",2021-11-03
CVE-2020-8196,Citrix,"Application Delivery Controller (ADC), Gateway, and SD-WAN WANOP Appliance",2021-11-03
CVE-2020-8243,Pulse Secure,Pulse Connect Secure,2021-11-03
CVE-2020-8243,Pulse,Pulse Connect Secure,2021-11-03
CVE-2020-8243,Ivanti,Pulse Connect Secure,2021-11-03
CVE-2020-8243,Pulse,Pulse Connect Secure,2021-11-03
CVE-2020-8260,Pulse,Pulse Connect Secure,2021-11-03
CVE-2020-8260,Pulse,Pulse Connect Secure,2021-11-03
CVE-2020-8260,Pulse Secure,Pulse Connect Secure,2021-11-03
CVE-2020-8260,Ivanti,Pulse Connect Secure,2021-11-03
CVE-2020-8467,Trend Micro,Trend Micro Apex One and OfficeScan XG,2021-11-03
CVE-2020-8467,Trend Micro,Trend Micro Apex One and OfficeScan XG,2021-11-03
CVE-2020-8467,Trend Micro,Apex One and OfficeScan,2021-11-03
CVE-2020-8468,Trend Micro,"Trend Micro Apex One, OfficeScan XG and Worry-Free Business Security",2021-11-03
CVE-2020-8468,Trend Micro,"Trend Micro Apex One, OfficeScan XG and Worry-Free Business Security",2021-11-03
CVE-2020-8468,Trend Micro,"Apex One, OfficeScan and Worry-Free Business Security Agents",2021-11-03
CVE-2020-8515,DrayTek,Vigor Router(s),2021-11-03
CVE-2020-8515,DrayTek,Vigor Router(s),2021-11-03
CVE-2020-8515,DrayTek,Multiple Vigor Routers,2021-11-03
CVE-2020-8599,Trend Micro,Trend Micro Apex One and OfficeScan XG server ,2021-11-03
CVE-2020-8599,Trend Micro,Trend Micro Apex One and OfficeScan XG server,2021-11-03
CVE-2020-8599,Trend Micro,Trend Micro Apex One and OfficeScan XG server,2021-11-03
CVE-2020-8599,Trend Micro,Apex One and OfficeScan,2021-11-03
CVE-2020-8644,PlaySMS,PlaySMS,2021-11-03
CVE-2020-8644,PlaySMS,PlaySMS,2021-11-03
CVE-2020-8655,EyesOfNetwork,EyesOfNetwork,2021-11-03
CVE-2020-8655,EyesOfNetwork,EyesOfNetwork,2021-11-03
CVE-2020-8657,EyesOfNetwork,EyesOfNetwork,2021-11-03
CVE-2020-8657,EyesOfNetwork,EyesOfNetwork,2021-11-03
CVE-2020-9818,Apple,iOS Mail,2021-11-03
CVE-2020-9818,Apple,iOS Mail,2021-11-03
CVE-2020-9818,Apple,"iOS, iPadOS, and watchOS",2021-11-03
CVE-2020-9819,Apple,iOS Mail,2021-11-03
CVE-2020-9819,Apple,iOS Mail,2021-11-03
CVE-2020-9819,Apple,"iOS, iPadOS, and watchOS",2021-11-03
CVE-2020-9859,Apple,iOS and iPadOS,2021-11-03
CVE-2020-9859,Apple,Multiple Products,2021-11-03
CVE-2020-9859,Apple,iOS and iPadOS,2021-11-03
CVE-2021-1497,Cisco,HyperFlex HX,2021-11-03
CVE-2021-1497,Cisco,HyperFlex HX,2021-11-03
CVE-2021-1498,Cisco,HyperFlex HX,2021-11-03
CVE-2021-1498,Cisco,HyperFlex HX,2021-11-03
CVE-2021-1647,Microsoft,Defender,2021-11-03
CVE-2021-1647,Microsoft,Microsoft Defender,2021-11-03
CVE-2021-1647,Microsoft,Microsoft Defender,2021-11-03
CVE-2021-1675,Microsoft,Windows,2021-11-03
CVE-2021-1675,Microsoft,Windows Print Spooler,2021-11-03
CVE-2021-1675,Microsoft,Windows Print Spooler,2021-11-03
CVE-2021-1732,Microsoft,Windows Win32k,2021-11-03
CVE-2021-1732,Microsoft,Win32k,2021-11-03
CVE-2021-1732,Microsoft,Windows Win32k,2021-11-03
CVE-2021-1782,Apple,iOS,2021-11-03
CVE-2021-1782,Apple,Multiple Products,2021-11-03
CVE-2021-1782,Apple,iOS,2021-11-03
CVE-2021-1870,Apple,iOS,2021-11-03
CVE-2021-1870,Apple,"iOS, iPadOS, and macOS",2021-11-03
CVE-2021-1870,Apple,iOS,2021-11-03
CVE-2021-1871,Apple,iOS,2021-11-03
CVE-2021-1871,Apple,"iOS, iPadOS, and macOS",2021-11-03
CVE-2021-1871,Apple,iOS,2021-11-03
CVE-2021-1879,Apple,iOS,2021-11-03
CVE-2021-1879,Apple,iOS,2021-11-03
CVE-2021-1879,Apple,"iOS, iPadOS, and watchOS",2021-11-03
CVE-2021-1905,Qualcomm,"Snapdragon Auto, Snapdragon Compute, Snapdragon Connectivity, Snapdragon Consumer IOT, Snapdragon Industrial IOT, Snapdragon Mobile, Snapdragon Voice & Music, Snapdragon Wearables",2021-11-03
CVE-2021-1905,Qualcomm,"Snapdragon Auto, Snapdragon Compute, Snapdragon Connectivity, Snapdragon Consumer IOT, Snapdragon Industrial IOT, Snapdragon Mobile, Snapdragon Voice & Music, Snapdragon Wearables",2021-11-03
CVE-2021-1905,Qualcomm,Multiple Chipsets,2021-11-03
CVE-2021-1906,Qualcomm,"Snapdragon Auto, Snapdragon Compute, Snapdragon Connectivity, Snapdragon Consumer IOT, Snapdragon Industrial IOT, Snapdragon Mobile, Snapdragon Voice & Music, Snapdragon Wearables",2021-11-03
CVE-2021-1906,Qualcomm,"Snapdragon Auto, Snapdragon Compute, Snapdragon Connectivity, Snapdragon Consumer IOT, Snapdragon Industrial IOT, Snapdragon Mobile, Snapdragon Voice & Music, Snapdragon Wearables",2021-11-03
CVE-2021-1906,Qualcomm,Multiple Chipsets,2021-11-03
CVE-2021-20016,SonicWall,SonicWall SSLVPN SMA100,2021-11-03
CVE-2021-20016,SonicWall,SSLVPN SMA100,2021-11-03
CVE-2021-20016,SonicWall,SonicWall SSLVPN SMA100,2021-11-03
CVE-2021-20021,SonicWall,SonicWall Email Security,2021-11-03
CVE-2021-20021,SonicWall,SonicWall Email Security,2021-11-03
CVE-2021-20022,SonicWall,SonicWall Email Security,2021-11-03
CVE-2021-20022,SonicWall,SonicWall Email Security,2021-11-03
CVE-2021-20023,SonicWall,SonicWall Email Security,2021-11-03
CVE-2021-20023,SonicWall,SonicWall Email Security,2021-11-03
CVE-2021-20090,Arcadyan,Buffalo WSR-2533DHPL2 and WSR-2533DHP3 firmware,2021-11-03
CVE-2021-20090,Arcadyan,Buffalo WSR-2533DHPL2 and WSR-2533DHP3 firmware,2021-11-03
CVE-2021-20090,Arcadyan,Buffalo Firmware,2021-11-03
CVE-2021-21017,Adobe,Acrobat and Reader,2021-11-03
CVE-2021-21017,Adobe,Acrobat and Reader,2021-11-03
CVE-2021-21148,Google,Chromium V8,2021-11-03
CVE-2021-21148,Google,Chromium V8,2021-11-03
CVE-2021-21148,Google,Chromium V8 Engine,2021-11-03
CVE-2021-21166,Google,Chrome,2021-11-03
CVE-2021-21166,Google,Chrome,2021-11-03
CVE-2021-21166,Google,Chromium,2021-11-03
CVE-2021-21193,Google,Chromium V8 Engine,2021-11-03
CVE-2021-21193,Google,Chromium V8,2021-11-03
CVE-2021-21193,Google,Chromium V8,2021-11-03
CVE-2021-21193,Google,Chromium,2021-11-03
CVE-2021-21193,Google,Chromium Blink,2021-11-03
CVE-2021-21206,Google,Chromium Blink,2021-11-03
CVE-2021-21206,Google,Chromium Blink,2021-11-03
CVE-2021-21206,Google,Chromium,2021-11-03
CVE-2021-21220,Google,Chromium V8,2021-11-03
CVE-2021-21220,Google,Chromium V8 Engine,2021-11-03
CVE-2021-21220,Google,Chromium V8,2021-11-03
CVE-2021-21224,Google,Chromium V8,2021-11-03
CVE-2021-21224,Google,Chromium V8 Engine,2021-11-03
CVE-2021-21224,Google,Chromium V8,2021-11-03
CVE-2021-21972,VMWare,vCenter Server,2021-11-03
CVE-2021-21972,VMWare,vCenter Server,2021-11-03
CVE-2021-21985,VMware,vCenter Server,2021-11-03
CVE-2021-21985,VMWare,vCenter Server,2021-11-03
CVE-2021-22005,VMWare,vCenter Server,2021-11-03
CVE-2021-22005,VMware,vCenter Server,2021-11-03
CVE-2021-22205,ExifTool,ExifTool,2021-11-03
CVE-2021-22205,ExifTool,ExifTool,2021-11-03
CVE-2021-22205,GitLab,Community and Enterprise Editions,2021-11-03
CVE-2021-22502,Micro Focus,Micro Focus Operation Bridge Reporter (OBR),2021-11-03
CVE-2021-22502,Micro Focus,Operation Bridge Reporter (OBR),2021-11-03
CVE-2021-22502,Micro Focus,Micro Focus Operation Bridge Reporter (OBR),2021-11-03
CVE-2021-22506,Micro Focus,Micro Focus Access Manager,2021-11-03
CVE-2021-22506,Micro Focus,Micro Focus Access Manager,2021-11-03
CVE-2021-22893,Pulse,Pulse Connect Secure,2021-11-03
CVE-2021-22893,Ivanti,Pulse Connect Secure,2021-11-03
CVE-2021-22893,Pulse Secure,Pulse Connect Secure,2021-11-03
CVE-2021-22893,Pulse,Pulse Connect Secure,2021-11-03
CVE-2021-22894,Pulse Secure,Pulse Connect Secure,2021-11-03
CVE-2021-22894,Pulse,Pulse Connect Secure,2021-11-03
CVE-2021-22894,Ivanti,Pulse Connect Secure,2021-11-03
CVE-2021-22894,Pulse,Pulse Connect Secure,2021-11-03
CVE-2021-22899,Pulse,Pulse Connect Secure,2021-11-03
CVE-2021-22899,Ivanti,Pulse Connect Secure,2021-11-03
CVE-2021-22899,Pulse Secure,Pulse Connect Secure,2021-11-03
CVE-2021-22899,Pulse,Pulse Connect Secure,2021-11-03
CVE-2021-22900,Pulse Secure,Pulse Connect Secure,2021-11-03
CVE-2021-22900,Pulse,Pulse Connect Secure,2021-11-03
CVE-2021-22900,Pulse,Pulse Connect Secure,2021-11-03
CVE-2021-22900,Ivanti,Pulse Connect Secure,2021-11-03
CVE-2021-22986,F5,BIG-IP,2021-11-03
CVE-2021-22986,F5,BIG-IP,2021-11-03
CVE-2021-22986,F5,BIG-IP and BIG-IQ Centralized Management,2021-11-03
CVE-2021-23874,McAfee,McAfee Total Protection (MTP),2021-11-03
CVE-2021-23874,McAfee,McAfee Total Protection (MTP),2021-11-03
CVE-2021-26084,Atlassian,Confluence Server and Data Center,2021-11-03
CVE-2021-26084,Atlassian,Confluence Server,2021-11-03
CVE-2021-26084,Atlassian,Confluence Server,2021-11-03
CVE-2021-26411,Microsoft,"Microsoft Edge, Internet Explorer",2021-11-03
CVE-2021-26411,Microsoft,Internet Explorer,2021-11-03
CVE-2021-26411,Microsoft,"Microsoft Edge, Internet Explorer",2021-11-03
CVE-2021-26855,Microsoft,Microsoft Exchange Server,2021-11-03
CVE-2021-26855,Microsoft,Microsoft Exchange Server,2021-11-03
CVE-2021-26855,Microsoft,Exchange Server,2021-11-03
CVE-2021-26857,Microsoft,Exchange Server,2021-11-03
CVE-2021-26857,Microsoft,Microsoft Exchange Server,2021-11-03
CVE-2021-26857,Microsoft,Microsoft Exchange Server,2021-11-03
CVE-2021-26858,Microsoft,Microsoft Exchange Server,2021-11-03
CVE-2021-26858,Microsoft,Microsoft Exchange Server,2021-11-03
CVE-2021-26858,Microsoft,Exchange Server,2021-11-03
CVE-2021-27059,Microsoft,Microsoft Office,2021-11-03
CVE-2021-27059,Microsoft,Microsoft Office,2021-11-03
CVE-2021-27059,Microsoft,Office,2021-11-03
CVE-2021-27065,Microsoft,Microsoft Exchange Server,2021-11-03
CVE-2021-27065,Microsoft,Microsoft Exchange Server,2021-11-03
CVE-2021-27065,Microsoft,Exchange Server,2021-11-03
CVE-2021-27085,Microsoft,Internet Explorer,2021-11-03
CVE-2021-27085,Microsoft,Internet Explorer,2021-11-03
CVE-2021-27101,Accellion,FTA,2021-11-03
CVE-2021-27101,Accellion,FTA,2021-11-03
CVE-2021-27102,Accellion,FTA,2021-11-03
CVE-2021-27102,Accellion,FTA,2021-11-03
CVE-2021-27103,Accellion,FTA,2021-11-03
CVE-2021-27103,Accellion,FTA,2021-11-03
CVE-2021-27104,Accellion,FTA,2021-11-03
CVE-2021-27104,Accellion,FTA,2021-11-03
CVE-2021-27561,Yealink,Device Management Platform,2021-11-03
CVE-2021-27561,Yealink,Device Management Platform,2021-11-03
CVE-2021-27561,Yealink,Device Management,2021-11-03
CVE-2021-27562,Arm,Arm Trusted Firmware,2021-11-03
CVE-2021-27562,Arm,Arm Trusted Firmware,2021-11-03
CVE-2021-27562,Arm,Trusted Firmware,2021-11-03
CVE-2021-28310,Microsoft,Windows Win32k,2021-11-03
CVE-2021-28310,Microsoft,Windows Win32k,2021-11-03
CVE-2021-28310,Microsoft,Win32k,2021-11-03
CVE-2021-28550,Adobe,Acrobat and Reader,2021-11-03
CVE-2021-28550,Adobe,Acrobat and Reader,2021-11-03
CVE-2021-28663,Arm,Mali Graphics Processing Unit (GPU),2021-11-03
CVE-2021-28663,Arm,Mali Graphics Processing Unit (GPU),2021-11-03
CVE-2021-28664,Arm,Mali Graphics Processing Unit (GPU),2021-11-03
CVE-2021-28664,Arm,Mali Graphics Processing Unit (GPU),2021-11-03
CVE-2021-30116,Kaseya,Kaseya VSA,2021-11-03
CVE-2021-30116,Kaseya,Kaseya VSA,2021-11-03
CVE-2021-30116,Kaseya,Virtual System/Server Administrator (VSA),2021-11-03
CVE-2021-30551,Google,Chromium V8,2021-11-03
CVE-2021-30551,Google,Chromium V8,2021-11-03
CVE-2021-30551,Google,Chromium V8 Engine,2021-11-03
CVE-2021-30554,Google,Chromium WebGL,2021-11-03
CVE-2021-30554,Google,Chrome,2021-11-03
CVE-2021-30554,Google,Chrome,2021-11-03
CVE-2021-30554,Google,Chromium,2021-11-03
CVE-2021-30563,Google,Chromium V8,2021-11-03
CVE-2021-30563,Google,Chrome,2021-11-03
CVE-2021-30563,Google,Chromium V8 Engine,2021-11-03
CVE-2021-30563,Google,Chrome,2021-11-03
CVE-2021-30632,Google,Chromium V8,2021-11-03
CVE-2021-30632,Google,Chromium V8 Engine,2021-11-03
CVE-2021-30632,Google,Chrome,2021-11-03
CVE-2021-30632,Google,Chrome,2021-11-03
CVE-2021-30633,Google,Chrome,2021-11-03
CVE-2021-30633,Google,Chrome,2021-11-03
CVE-2021-30633,Google,Chromium,2021-11-03
CVE-2021-30633,Google,Chromium Indexed DB API,2021-11-03
CVE-2021-30657,Apple,macOS,2021-11-03
CVE-2021-30657,Apple,macOS,2021-11-03
CVE-2021-30661,Apple,iOS,2021-11-03
CVE-2021-30661,Apple,iOS,2021-11-03
CVE-2021-30661,Apple,Multiple Products,2021-11-03
CVE-2021-30663,Apple,Safari,2021-11-03
CVE-2021-30663,Apple,Safari,2021-11-03
CVE-2021-30663,Apple,Multiple Products,2021-11-03
CVE-2021-30665,Apple,Safari,2021-11-03
CVE-2021-30665,Apple,Safari,2021-11-03
CVE-2021-30665,Apple,Multiple Products,2021-11-03
CVE-2021-30666,Apple,iOS,2021-11-03
CVE-2021-30666,Apple,iOS,2021-11-03
CVE-2021-30713,Apple,macOS,2021-11-03
CVE-2021-30713,Apple,macOS,2021-11-03
CVE-2021-30761,Apple,iOS,2021-11-03
CVE-2021-30761,Apple,iOS,2021-11-03
CVE-2021-30762,Apple,iOS,2021-11-03
CVE-2021-30762,Apple,iOS,2021-11-03
CVE-2021-30807,Apple,iOS and macOS,2021-11-03
CVE-2021-30807,Apple,iOS and macOS,2021-11-03
CVE-2021-30807,Apple,Multiple Products,2021-11-03
CVE-2021-30858,Apple,iOS and iPadOS,2021-11-03
CVE-2021-30858,Apple,"iOS, iPadOS, and macOS",2021-11-03
CVE-2021-30858,Apple,iOS and iPadOS,2021-11-03
CVE-2021-30860,Apple,Multiple Products,2021-11-03
CVE-2021-30860,Apple,iOS,2021-11-03
CVE-2021-30860,Apple,iOS,2021-11-03
CVE-2021-30869,Apple,"iOS, macOS, and iPadOS",2021-11-03
CVE-2021-30869,Apple,"iOS, iPadOS, and macOS",2021-11-03
CVE-2021-30869,Apple,"iOS, macOS, and iPadOS",2021-11-03
CVE-2021-31199,Microsoft,Microsoft Enhanced Cryptographic Provider,2021-11-03
CVE-2021-31199,Microsoft,Enhanced Cryptographic Provider,2021-11-03
CVE-2021-31199,Microsoft,Microsoft Enhanced Cryptographic Provider,2021-11-03
CVE-2021-31201,Microsoft,Microsoft Enhanced Cryptographic Provider,2021-11-03
CVE-2021-31201,Microsoft,Enhanced Cryptographic Provider,2021-11-03
CVE-2021-31201,Microsoft,Microsoft Enhanced Cryptographic Provider,2021-11-03
CVE-2021-31207,Microsoft,Exchange Server,2021-11-03
CVE-2021-31207,Microsoft,Microsoft Exchange Server,2021-11-03
CVE-2021-31207,Microsoft,Microsoft Exchange Server,2021-11-03
CVE-2021-31755,Tenda,Tenda AC11 devices,2021-11-03
CVE-2021-31755,Tenda,Tenda AC11 devices,2021-11-03
CVE-2021-31755,Tenda,AC11 Router,2021-11-03
CVE-2021-31955,Microsoft,Windows,2021-11-03
CVE-2021-31955,Microsoft,Windows Kernel,2021-11-03
CVE-2021-31955,Microsoft,Windows Kernel,2021-11-03
CVE-2021-31956,Microsoft,Windows NTFS ,2021-11-03
CVE-2021-31956,Microsoft,Windows NTFS,2021-11-03
CVE-2021-31956,Microsoft,Windows,2021-11-03
CVE-2021-31956,Microsoft,Windows NTFS,2021-11-03
CVE-2021-31979,Microsoft,Windows Kernel,2021-11-03
CVE-2021-31979,Microsoft,Windows Kernel,2021-11-03
CVE-2021-31979,Microsoft,Windows,2021-11-03
CVE-2021-33739,Microsoft,Microsoft Desktop Window Manager (DWM),2021-11-03
CVE-2021-33739,Microsoft,Microsoft Desktop Window Manager (DWM),2021-11-03
CVE-2021-33739,Microsoft,Windows,2021-11-03
CVE-2021-33739,Microsoft,Desktop Window Manager (DWM) Core Library,2021-11-03
CVE-2021-33742,Microsoft,Windows MSHTML Platform,2021-11-03
CVE-2021-33742,Microsoft,Windows MSHTML Platform,2021-11-03
CVE-2021-33742,Microsoft,Microsoft MSHTML,2021-11-03
CVE-2021-33742,Microsoft,Windows,2021-11-03
CVE-2021-33771,Microsoft,Windows,2021-11-03
CVE-2021-33771,Microsoft,Windows Kernel,2021-11-03
CVE-2021-33771,Microsoft,Windows Kernel,2021-11-03
CVE-2021-34448,Microsoft,Scripting Engine,2021-11-03
CVE-2021-34448,Microsoft,Scripting Engine,2021-11-03
CVE-2021-34448,Microsoft,Windows,2021-11-03
CVE-2021-34473,Microsoft,Microsoft Exchange Server,2021-11-03
CVE-2021-34473,Microsoft,Microsoft Exchange Server,2021-11-03
CVE-2021-34473,Microsoft,Exchange Server,2021-11-03
CVE-2021-34523,Microsoft,Microsoft Exchange Server,2021-11-03
CVE-2021-34523,Microsoft,Microsoft Exchange Server,2021-11-03
CVE-2021-34523,Microsoft,Exchange Server,2021-11-03
CVE-2021-34527,Microsoft,Windows,2021-11-03
CVE-2021-34527,Microsoft,Windows,2021-11-03
CVE-2021-35211,SolarWinds,SolarWinds nServ-U,2021-11-03
CVE-2021-35211,SolarWinds,SolarWinds nServ-U,2021-11-03
CVE-2021-35211,SolarWinds,Serv-U,2021-11-03
CVE-2021-35395,Realtek,Jungle Software Development Kit (SDK),2021-11-03
CVE-2021-35395,Realtek,Jungle Software Development Kit (SDK),2021-11-03
CVE-2021-35395,Realtek,AP-Router SDK,2021-11-03
CVE-2021-35464,ForgeRock,Access Management server,2021-11-03
CVE-2021-35464,ForgeRock,Access Management server,2021-11-03
CVE-2021-35464,ForgeRock,Access Management (AM),2021-11-03
CVE-2021-36741,Trend Micro,"Trend Micro Apex One, Apex One as a Service, OfficeScan XG, and Worry-Free Business Security",2021-11-03
CVE-2021-36741,Trend Micro,"Apex One, Apex One as a Service, and Worry-Free Business Security",2021-11-03
CVE-2021-36741,Trend Micro,Trend Micro Multiple Products,2021-11-03
CVE-2021-36741,Trend Micro,"Trend Micro Apex One, Apex One as a Service, OfficeScan XG, and Worry-Free Business Security",2021-11-03
CVE-2021-36742,Trend Micro,Trend Micro Multiple Products,2021-11-03
CVE-2021-36742,Trend Micro,"Trend Micro Apex One, Apex One as a Service, OfficeScan XG and Worry-Free Business Security",2021-11-03
CVE-2021-36742,Trend Micro,"Apex One, Apex One as a Service, and Worry-Free Business Security",2021-11-03
CVE-2021-36742,Trend Micro,"Trend Micro Apex One, Apex One as a Service, OfficeScan XG and Worry-Free Business Security",2021-11-03
CVE-2021-36942,Microsoft,Windows,2021-11-03
CVE-2021-36942,Microsoft,Windows Local Security Authority (LSA),2021-11-03
CVE-2021-36942,Microsoft,Windows Local Security Authority (LSA),2021-11-03
CVE-2021-36948,Microsoft,Windows Update Medic Service,2021-11-03
CVE-2021-36948,Microsoft,Windows Update Medic Service,2021-11-03
CVE-2021-36948,Microsoft,Windows,2021-11-03
CVE-2021-36955,Microsoft,Windows Common Log File System Driver,2021-11-03
CVE-2021-36955,Microsoft,Windows Common Log File System Driver,2021-11-03
CVE-2021-36955,Microsoft,Windows,2021-11-03
CVE-2021-36955,Microsoft,Windows Common Log File System Driver ,2021-11-03
CVE-2021-36955,Microsoft,Windows Common Log File System (CLFS) driver,2021-11-03
CVE-2021-37973,Google,Chrome,2021-11-03
CVE-2021-37973,Google,Chrome,2021-11-03
CVE-2021-37973,Google,Chromium,2021-11-03
CVE-2021-37973,Google,Chromium Portals,2021-11-03
CVE-2021-37975,Google,Chrome,2021-11-03
CVE-2021-37975,Google,Chromium V8,2021-11-03
CVE-2021-37975,Google,Chrome,2021-11-03
CVE-2021-37975,Google,Chromium V8 Engine,2021-11-03
CVE-2021-37976,Google,Chrome,2021-11-03
CVE-2021-37976,Google,Chrome,2021-11-03
CVE-2021-37976,Google,Chromium,2021-11-03
CVE-2021-38000,Google,Chromium V8 Engine,2021-11-03
CVE-2021-38000,Google,Chromium,2021-11-03
CVE-2021-38000,Google,Chromium Intents,2021-11-03
CVE-2021-38000,Google,Chromium V8 Engine,2021-11-03
CVE-2021-38003,Google,Chromium V8,2021-11-03
CVE-2021-38003,Google,Chromium V8 Engine,2021-11-03
CVE-2021-38003,Google,Chromium V8 Engine,2021-11-03
CVE-2021-38645,Microsoft,Microsoft Azure Open Management Infrastructure (OMI),2021-11-03
CVE-2021-38645,Microsoft,Open Management Infrastructure (OMI),2021-11-03
CVE-2021-38645,Microsoft,Microsoft Azure Open Management Infrastructure (OMI),2021-11-03
CVE-2021-38647,Microsoft,Microsoft Azure Open Management Infrastructure (OMI),2021-11-03
CVE-2021-38647,Microsoft,Microsoft Azure Open Management Infrastructure (OMI),2021-11-03
CVE-2021-38647,Microsoft,Open Management Infrastructure (OMI),2021-11-03
CVE-2021-38648,Microsoft,Microsoft Azure Open Management Infrastructure (OMI),2021-11-03
CVE-2021-38648,Microsoft,Microsoft Azure Open Management Infrastructure (OMI),2021-11-03
CVE-2021-38648,Microsoft,Open Management Infrastructure (OMI),2021-11-03
CVE-2021-38649,Microsoft,Microsoft Azure Open Management Infrastructure (OMI),2021-11-03
CVE-2021-38649,Microsoft,Open Management Infrastructure (OMI),2021-11-03
CVE-2021-38649,Microsoft,Microsoft Azure Open Management Infrastructure (OMI),2021-11-03
CVE-2021-40444,Microsoft,Microsoft MSHTML,2021-11-03
CVE-2021-40444,Microsoft,Microsoft MSHTML,2021-11-03
CVE-2021-40444,Microsoft,MSHTML,2021-11-03
CVE-2021-40539,Zoho,ManageEngine ADSelfServicePlus,2021-11-03
CVE-2021-40539,Zoho,ManageEngine ADSelfServicePlus,2021-11-03
CVE-2021-40539,Zoho,ManageEngine,2021-11-03
CVE-2021-41773,Apache,HTTP Server,2021-11-03
CVE-2021-41773,Apache,HTTP Server,2021-11-03
CVE-2021-42013,Apache,HTTP Server,2021-11-03
CVE-2021-42013,Apache,HTTP Server,2021-11-03
CVE-2021-42258,BQE,BillQuick Web Suite,2021-11-03
CVE-2021-42258,BQE,BillQuick Web Suite,2021-11-03
CVE-2021-22204,Perl,Exiftool,2021-11-17
CVE-2021-22204,Perl,Exiftool,2021-11-17
CVE-2021-40449,Microsoft,Windows,2021-11-17
CVE-2021-40449,Microsoft,Windows OS,2021-11-17
CVE-2021-40449,Microsoft,Windows OS,2021-11-17
CVE-2021-42292,Microsoft,Office,2021-11-17
CVE-2021-42292,Microsoft,Office,2021-11-17
CVE-2021-42321,Microsoft,Exchange,2021-11-17
CVE-2021-42321,Microsoft,Exchange,2021-11-17
CVE-2018-14847,MikroTik,RouterOS,2021-11-30
CVE-2020-11261,Qualcomm,"Snapdragon Auto, Snapdragon Compute, Snapdragon Connectivity, Snapdragon Consumer IOT, Snapdragon Industrial IOT, Snapdragon Mobile, Snapdragon Voice & Music, Snapdragon Wearables",2021-11-30
CVE-2021-37415,Zoho,ManageEngine ServiceDesk Plus (SDP),2021-11-30
CVE-2021-40438,Apache,Apache,2021-11-30
CVE-2021-44077,Zoho,ManageEngine ServiceDesk Plus (SDP) / SupportCenter Plus,2021-11-30
CVE-2018-14847,MikroTik,RouterOS,2021-12-01
CVE-2020-11261,Qualcomm,"Snapdragon Auto, Snapdragon Compute, Snapdragon Connectivity, Snapdragon Consumer IOT, Snapdragon Industrial IOT, Snapdragon Mobile, Snapdragon Voice & Music, Snapdragon Wearables",2021-12-01
CVE-2021-37415,Zoho,ManageEngine ServiceDesk Plus (SDP),2021-12-01
CVE-2021-40438,Apache,Apache,2021-12-01
CVE-2021-44077,Zoho,ManageEngine ServiceDesk Plus (SDP) / SupportCenter Plus,2021-12-01
CVE-2010-1871,Red Hat,JBoss Seam 2,2021-12-10
CVE-2017-12149,Red Hat,JBoss Application Server,2021-12-10
CVE-2017-17562,Embedthis ,GoAhead,2021-12-10
CVE-2017-17562,Embedthis,GoAhead,2021-12-10
CVE-2017-17562,Red Hat,JBoss Application Server,2021-12-10
CVE-2019-0193,Apache ,Solr,2021-12-10
CVE-2019-0193,Apache,Solr,2021-12-10
CVE-2019-10758,MongoDB,mongo-express,2021-12-10
CVE-2019-13272,Linux,Kernel,2021-12-10
CVE-2019-7238,Sonatype,Nexus Repository Manager,2021-12-10
CVE-2020-17463,Fuel CMS,,2021-12-10
CVE-2020-17463,Fuel CMS,Fuel CMS,2021-12-10
CVE-2020-8816,Pi-hole,AdminLTE,2021-12-10
CVE-2021-35394,Realtek,Jungle Software Development Kit (SDK),2021-12-10
CVE-2021-44168,Fortinet,FortiOS,2021-12-10
CVE-2021-44228,Apache,Log4j2,2021-12-10
CVE-2021-44228,Apache ,Log4j2,2021-12-10
CVE-2021-44515,Zoho Corporation,Desktop Central,2021-12-10
CVE-2021-44515,Zoho,Desktop Central,2021-12-10
CVE-2021-4102,Google,Chromium V8 ,2021-12-15
CVE-2021-4102,Google,Chromium V8 Engine,2021-12-15
CVE-2021-4102,Google,Chromium V8,2021-12-15
CVE-2021-43890,Microsoft,Windows AppX Installer,2021-12-15
CVE-2021-43890,Microsoft,Windows,2021-12-15
CVE-2013-3900,Microsoft,WinVerifyTrust function,2022-01-10
CVE-2013-3900,Windows ,WinVerifyTrust function,2022-01-10
CVE-2013-3900,Windows,WinVerifyTrust function,2022-01-10
CVE-2015-7450,IBM,WebSphere Application Server and Server Hypervisor Edition,2022-01-10
CVE-2017-1000486,Primetek,Primefaces Application,2022-01-10
CVE-2018-13382,Fortinet,FortiOS and FortiProxy,2022-01-10
CVE-2018-13383,Fortinet,FortiOS and FortiProxy,2022-01-10
CVE-2019-10149,Exim,Mail Transfer Agent (MTA) ,2022-01-10
CVE-2019-10149,Exim,Mail Transfer Agent (MTA),2022-01-10
CVE-2019-1458,Microsoft,Win32k,2022-01-10
CVE-2019-1458,Windows,Win32K,2022-01-10
CVE-2019-1458,Windows ,Win32K,2022-01-10
CVE-2019-1579,Palo Alto Networks,PAN-OS,2022-01-10
CVE-2019-2725,Oracle,WebLogic Server,2022-01-10
CVE-2019-2725,Oracle ,WebLogic Server ,2022-01-10
CVE-2019-7609,Elastic,Kibana,2022-01-10
CVE-2019-9670,Synacor,Zimbra Collaboration Suite,2022-01-10
CVE-2019-9670,Synacor,Zimbra Collaboration (ZCS),2022-01-10
CVE-2019-9670,Synacor,Zimbra Collaboration Suite ,2022-01-10
CVE-2020-6572,Google,Chrome,2022-01-10
CVE-2020-6572,Google,Chrome Media,2022-01-10
CVE-2020-6572,Google ,Chrome,2022-01-10
CVE-2021-22017,VMWare,vCenter Server,2022-01-10
CVE-2021-27860,FatPipe,"WARP, IPVPN, and MPVPN software",2022-01-10
CVE-2021-36260,Hikvision,Security cameras web server,2022-01-10
CVE-2020-11978,Apache,Airflow,2022-01-18
CVE-2020-13671,Drupal,Drupal core,2022-01-18
CVE-2020-13927,Apache,Airflow's Experimental API ,2022-01-18
CVE-2020-13927,Apache,Airflow's Experimental API,2022-01-18
CVE-2020-14864,Oracle,Intelligence Enterprise Edition,2022-01-18
CVE-2020-14864,Oracle Corporation,Intelligence Enterprise Edition,2022-01-18
CVE-2021-21315,Npm package,System Information Library for Node.JS,2022-01-18
CVE-2021-21975,VMware,vRealize Operations Manager API,2022-01-18
CVE-2021-22991,F5,BIG-IP Traffic Management Microkernel,2022-01-18
CVE-2021-25296,Nagios,Nagios XI,2022-01-18
CVE-2021-25297,Nagios ,Nagios XI,2022-01-18
CVE-2021-25297,Nagios,Nagios XI,2022-01-18
CVE-2021-25298,Nagios ,Nagios XI,2022-01-18
CVE-2021-25298,Nagios,Nagios XI,2022-01-18
CVE-2021-32648,October CMS,October CMS,2022-01-18
CVE-2021-33766,Microsoft,Exchange Servers,2022-01-18
CVE-2021-33766,Microsoft ,Exchange Servers,2022-01-18
CVE-2021-33766,Microsoft,Exchange Server,2022-01-18
CVE-2021-40870,Aviatrix,Aviatrix Controller,2022-01-18
CVE-2021-40870,Aviatrix,Aviatrix Controller ,2022-01-18
CVE-2006-1547,Apache,Struts 1,2022-01-21
CVE-2012-0391,Apache,Struts 2,2022-01-21
CVE-2018-8453,Microsoft,Win32k,2022-01-21
CVE-2018-8453,Microsoft ,Win32K,2022-01-21
CVE-2021-35247,SolarWinds,Serv-U,2022-01-21
CVE-2014-1776,Microsoft,Internet Explorer,2022-01-28
CVE-2014-1776,Microsoft ,Internet Explorer,2022-01-28
CVE-2014-6271,GNU,Bourne-Again Shell (Bash),2022-01-28
CVE-2014-7169,GNU,Bourne-Again Shell (Bash),2022-01-28
CVE-2017-5689,Intel,"Active Management Technology (AMT), Small Business Technology (SBT), and Standard Manageability",2022-01-28
CVE-2017-5689,Intel ,"Active Management Technology (AMT), Small Business Technology (SBT), and Standard Manageability",2022-01-28
CVE-2020-0787,Microsoft ,Windows Background Intelligent Transfer Service (BITS),2022-01-28
CVE-2020-0787,Microsoft,Windows Background Intelligent Transfer Service (BITS),2022-01-28
CVE-2020-0787,Microsoft,Windows,2022-01-28
CVE-2020-5722,Grandstream,UCM6200,2022-01-28
CVE-2021-20038,SonicWall,SMA 100 Appliances,2022-01-28
CVE-2022-22587,Apple,IOMobileFrameBuffer,2022-01-28
CVE-2022-22587,Apple,iOS and macOS,2022-01-28
CVE-2022-21882,Microsoft,Win32k,2022-02-04
CVE-2014-4404,Apple,OS X,2022-02-10
CVE-2015-1130,Apple,OS X,2022-02-10
CVE-2015-1635,Microsoft,HTTP.sys,2022-02-10
CVE-2015-1635,Microsoft ,HTTP.sys,2022-02-10
CVE-2015-2051,D-Link,DIR-645 Router,2022-02-10
CVE-2016-3088,Apache ,ActiveMQ ,2022-02-10
CVE-2016-3088,Apache,ActiveMQ,2022-02-10
CVE-2017-0144,Microsoft ,SMBv1 ,2022-02-10
CVE-2017-0144,Microsoft,SMBv1,2022-02-10
CVE-2017-0145,Microsoft,SMBv1,2022-02-10
CVE-2017-0145,Microsoft ,SMBv1,2022-02-10
CVE-2017-0262,Microsoft,Office,2022-02-10
CVE-2017-0263,Microsoft,Win32k,2022-02-10
CVE-2017-10271,Oracle,WebLogic Server,2022-02-10
CVE-2017-8464,Microsoft,Windows,2022-02-10
CVE-2017-8464,Microsoft,Windows Shell (.lnk),2022-02-10
CVE-2017-8464,Microsoft ,Windows Shell (.lnk),2022-02-10
CVE-2017-9791,Apache,Struts 1,2022-02-10
CVE-2018-1000861,Jenkins,Jenkins Stapler Web Framework,2022-02-10
CVE-2018-1000861,Jenkins ,Jenkins Stapler Web Framework,2022-02-10
CVE-2020-0796,Microsoft ,SMBv3,2022-02-10
CVE-2020-0796,Microsoft,SMBv3,2022-02-10
CVE-2021-36934,Microsoft,Windows,2022-02-10
CVE-2021-36934,Microsoft,Windows SAM,2022-02-10
CVE-2022-22620,Apple,"iOS, iPadOS, and macOS",2022-02-11
CVE-2022-22620,Apple,Webkit,2022-02-11
CVE-2013-3906,Microsoft,Graphics Component,2022-02-15
CVE-2013-3906,Microsoft ,Graphics Component,2022-02-15
CVE-2014-1761,Microsoft ,Word,2022-02-15
CVE-2014-1761,Microsoft,Word,2022-02-15
CVE-2017-9841,PHPUnit,PHPUnit,2022-02-15
CVE-2018-15982,Adobe,Flash Player,2022-02-15
CVE-2018-20250,RARLAB,WinRAR,2022-02-15
CVE-2018-8174,Microsoft ,Windows VBScript Engine,2022-02-15
CVE-2018-8174,Microsoft,Windows,2022-02-15
CVE-2018-8174,Microsoft,Windows VBScript Engine,2022-02-15
CVE-2019-0752,Microsoft,Internet Explorer,2022-02-15
CVE-2019-0752,Microsoft ,Internet Explorer,2022-02-15
CVE-2022-0609,Google ,Chrome,2022-02-15
CVE-2022-0609,Google,Chrome,2022-02-15
CVE-2022-0609,Google,Chromium Animation,2022-02-15
CVE-2022-24086,Adobe,Commerce and Magento Open Source,2022-02-15
CVE-2022-23131,Zabbix,Frontend,2022-02-22
CVE-2022-23134,Zabbix,Frontend,2022-02-22
CVE-2014-6352,Microsoft,Windows,2022-02-25
CVE-2017-0222,Microsoft,Internet Explorer,2022-02-25
CVE-2017-8570,Microsoft,Office,2022-02-25
CVE-2022-24682,Zimbra,Webmail,2022-02-25
CVE-2002-0367,Microsoft,Windows,2022-03-03
CVE-2004-0210,Microsoft,Windows,2022-03-03
CVE-2008-2992,Adobe,Acrobat and Reader,2022-03-03
CVE-2008-3431,Oracle,VirtualBox,2022-03-03
CVE-2009-1123,Microsoft,Windows,2022-03-03
CVE-2009-3129,Microsoft,Excel,2022-03-03
CVE-2010-0188,Adobe,Reader and Acrobat,2022-03-03
CVE-2010-0232,Microsoft,Windows,2022-03-03
CVE-2010-0232,Microsoft,Windows Kernel,2022-03-03
CVE-2010-3333,Microsoft,Office,2022-03-03
CVE-2011-0611,Adobe,Flash Player,2022-03-03
CVE-2011-1889,Microsoft,Forefront Threat Management Gateway (TMG),2022-03-03
CVE-2011-3544,Oracle,Java SE JDK and JRE,2022-03-03
CVE-2012-0507,Oracle,Java SE,2022-03-03
CVE-2012-1535,Adobe,Flash Player,2022-03-03
CVE-2012-1723,Oracle,Java SE,2022-03-03
CVE-2012-1856,Microsoft,Office,2022-03-03
CVE-2012-4681,Oracle,Java SE,2022-03-03
CVE-2013-0632,Adobe,ColdFusion,2022-03-03
CVE-2013-0640,Adobe,Reader and Acrobat,2022-03-03
CVE-2013-0641,Adobe,Reader,2022-03-03
CVE-2013-1347,Microsoft,Internet Explorer,2022-03-03
CVE-2013-1675,Mozilla,Firefox,2022-03-03
CVE-2013-3346,Adobe,Reader and Acrobat,2022-03-03
CVE-2013-3897,Microsoft,Internet Explorer,2022-03-03
CVE-2013-5065,Microsoft,Windows,2022-03-03
CVE-2013-5065,Microsoft,Windows Kernel,2022-03-03
CVE-2014-0496,Adobe,Reader and Acrobat,2022-03-03
CVE-2014-4114,Microsoft,Windows Object Linking & Embedding (OLE),2022-03-03
CVE-2014-4114,Microsoft,Windows,2022-03-03
CVE-2015-1642,Microsoft,Office,2022-03-03
CVE-2015-1701,Microsoft,Win32K,2022-03-03
CVE-2015-2387,Microsoft,ATM Font Driver,2022-03-03
CVE-2015-2424,Microsoft,PowerPoint,2022-03-03
CVE-2015-2545,Microsoft,Office,2022-03-03
CVE-2015-2590,Oracle,Java SE,2022-03-03
CVE-2015-3043,Adobe,Flash Player,2022-03-03
CVE-2015-4902,Oracle,Java SE,2022-03-03
CVE-2015-5119,Adobe,Flash Player,2022-03-03
CVE-2015-7645,Adobe,Flash Player,2022-03-03
CVE-2016-0099,Microsoft,Windows,2022-03-03
CVE-2016-1019,Adobe,Flash Player,2022-03-03
CVE-2016-4117,Adobe,Flash Player,2022-03-03
CVE-2016-5195,Linux,Kernel,2022-03-03
CVE-2016-7193,Microsoft,Office,2022-03-03
CVE-2016-7262,Microsoft,Excel,2022-03-03
CVE-2016-7855,Adobe,Flash Player,2022-03-03
CVE-2016-8562,Siemens,SIMATIC CP,2022-03-03
CVE-2017-0001,Microsoft,Graphics Device Interface (GDI),2022-03-03
CVE-2017-0261,Microsoft,Office,2022-03-03
CVE-2017-11292,Adobe,Flash Player,2022-03-03
CVE-2017-11826,Microsoft,Office,2022-03-03
CVE-2017-12231,Cisco,IOS software,2022-03-03
CVE-2017-12232,Cisco,IOS software,2022-03-03
CVE-2017-12233,Cisco,IOS software,2022-03-03
CVE-2017-12234,Cisco,IOS software,2022-03-03
CVE-2017-12235,Cisco,IOS software,2022-03-03
CVE-2017-12237,Cisco,IOS and IOS XE Software,2022-03-03
CVE-2017-12238,Cisco,Catalyst 6800 Series Switches,2022-03-03
CVE-2017-12240,Cisco,IOS and IOS XE Software,2022-03-03
CVE-2017-12319,Cisco,IOS XE Software,2022-03-03
CVE-2017-6627,Cisco,IOS and IOS XE Software,2022-03-03
CVE-2017-6663,Cisco,IOS and IOS XE Software,2022-03-03
CVE-2017-6736,Cisco,IOS and IOS XE Software,2022-03-03
CVE-2017-6737,Cisco,IOS and IOS XE Software,2022-03-03
CVE-2017-6738,Cisco,IOS and IOS XE Software,2022-03-03
CVE-2017-6739,Cisco,IOS and IOS XE Software,2022-03-03
CVE-2017-6740,Cisco,IOS and IOS XE Software,2022-03-03
CVE-2017-6743,Cisco,IOS and IOS XE Software,2022-03-03
CVE-2017-6744,Cisco,IOS software,2022-03-03
CVE-2017-8540,Microsoft,Malware Protection Engine,2022-03-03
CVE-2018-0151,Cisco,IOS and IOS XE Software,2022-03-03
CVE-2018-0154,Cisco,IOS Software,2022-03-03
CVE-2018-0155,Cisco,Catalyst 4500 Series Switches and Cisco Catalyst 4500-X Series Switches,2022-03-03
CVE-2018-0156,Cisco,IOS Software and Cisco IOS XE Software,2022-03-03
CVE-2018-0158,Cisco,IOS Software and Cisco IOS XE Software,2022-03-03
CVE-2018-0159,CIsco,IOS Software and Cisco IOS XE Software,2022-03-03
CVE-2018-0161,Cisco,IOS Software,2022-03-03
CVE-2018-0167,Cisco,"IOS, XR, and XE Software",2022-03-03
CVE-2018-0172,Cisco,IOS and IOS XE Software,2022-03-03
CVE-2018-0173,Cisco,IOS and IOS XE Software,2022-03-03
CVE-2018-0174,Cisco,IOS XE Software,2022-03-03
CVE-2018-0175,Cisco,"IOS, XR, and XE Software",2022-03-03
CVE-2018-0179,Cisco,IOS Software,2022-03-03
CVE-2018-0180,Cisco,IOS Software,2022-03-03
CVE-2018-8298,ChakraCore,ChakraCore scripting engine,2022-03-03
CVE-2018-8581,Microsoft,Exchange Server,2022-03-03
CVE-2019-1297,Microsoft,Excel,2022-03-03
CVE-2019-1652,Cisco,Small Business RV320 and RV325 Dual Gigabit WAN VPN Routers,2022-03-03
CVE-2019-16928,Exim,Exim Internet Mailer,2022-03-03
CVE-2020-11899,Treck TCP/IP stack,IPv6,2022-03-03
CVE-2020-1938,Apache,Tomcat,2022-03-03
CVE-2021-41379,Microsoft,Windows,2022-03-03
CVE-2022-20699,Cisco,"Small Business RV160, RV260, RV340, and RV345 Series Routers",2022-03-03
CVE-2022-20700,Cisco,"Small Business RV160, RV260, RV340, and RV345 Series Routers",2022-03-03
CVE-2022-20701,Cisco,"Small Business RV160, RV260, RV340, and RV345 Series Routers",2022-03-03
CVE-2022-20703,Cisco,"Small Business RV160, RV260, RV340, and RV345 Series Routers",2022-03-03
CVE-2022-20708,Cisco,"Small Business RV160, RV260, RV340, and RV345 Series Routers",2022-03-03
CVE-2009-3960,Adobe ,BlazeDS,2022-03-07
CVE-2009-3960,Adobe,BlazeDS,2022-03-07
CVE-2013-0625,Adobe,ColdFusion,2022-03-07
CVE-2013-0629,Adobe,ColdFusion,2022-03-07
CVE-2013-0631,Adobe,ColdFusion,2022-03-07
CVE-2016-6277,NETGEAR,Multiple Routers,2022-03-07
CVE-2017-6077,NETGEAR,Wireless Router DGN2200,2022-03-07
CVE-2019-11581,Atlassian,Jira Server and Data Center,2022-03-07
CVE-2020-8218,Pulse Secure,Pulse Connect Secure,2022-03-07
CVE-2021-21973,VMware,vCenter Server and Cloud Foundation,2022-03-07
CVE-2022-26485,Mozilla,Firefox,2022-03-07
CVE-2022-26486,Mozilla,Firefox,2022-03-07
CVE-2015-2546,Microsoft,Windows Win32k,2022-03-15
CVE-2015-2546,Microsoft,Win32k,2022-03-15
CVE-2016-3309,Microsoft,Windows,2022-03-15
CVE-2016-3309,Microsoft,Windows Kernel,2022-03-15
CVE-2017-0101,Microsoft,Windows,2022-03-15
CVE-2017-0101,Microsoft,Windows Transaction Manager,2022-03-15
CVE-2018-8120,Microsoft,Windows Win32k,2022-03-15
CVE-2018-8120,Microsoft,Win32k,2022-03-15
CVE-2019-0543,Microsoft,Windows,2022-03-15
CVE-2019-0841,Microsoft,Windows AppX Deployment Service (AppXSVC),2022-03-15
CVE-2019-0841,Microsoft,Windows,2022-03-15
CVE-2019-1064,Microsoft,Windows,2022-03-15
CVE-2019-1064,Microsoft,Windows AppX Deployment Service (AppXSVC),2022-03-15
CVE-2019-1069,Microsoft,Task Scheduler,2022-03-15
CVE-2019-1129,Microsoft,Windows,2022-03-15
CVE-2019-1129,Microsoft,Windows AppX Deployment Service (AppXSVC),2022-03-15
CVE-2019-1132,Microsoft,Win32k,2022-03-15
CVE-2019-1132,Microsoft,Windows Win32k,2022-03-15
CVE-2019-1253,Microsoft,Windows,2022-03-15
CVE-2019-1253,Microsoft,Windows AppX Deployment Server,2022-03-15
CVE-2019-1315,Microsoft,Windows Error Reporting Manager,2022-03-15
CVE-2019-1315,Microsoft,Windows,2022-03-15
CVE-2019-1322,Microsoft,Windows,2022-03-15
CVE-2019-1405,Microsoft,Windows Universal Plug and Play (UPnP),2022-03-15
CVE-2019-1405,Microsoft,Windows,2022-03-15
CVE-2020-5135,SonicWall,SonicOS,2022-03-15
CVE-2005-2773,Hewlett Packard (HP),OpenView Network Node Manager,2022-03-25
CVE-2009-0927,Adobe,Reader and Acrobat,2022-03-25
CVE-2009-1151,phpMyAdmin,phpMyAdmin,2022-03-25
CVE-2009-2055,Cisco,IOS XR,2022-03-25
CVE-2009-2055,Cisco ,IOS XR,2022-03-25
CVE-2010-2861,Adobe,ColdFusion,2022-03-25
CVE-2010-3035,Cisco ,IOS XR,2022-03-25
CVE-2010-3035,Cisco,IOS XR,2022-03-25
CVE-2010-4344,Exim,Exim,2022-03-25
CVE-2010-4345,Exim,Exim,2022-03-25
CVE-2012-1823,PHP,PHP,2022-03-25
CVE-2013-2251,Apache,Struts,2022-03-25
CVE-2013-2251,Apache ,Struts,2022-03-25
CVE-2013-4810,Hewlett Packard (HP),"ProCurve Manager (PCM), PCM+, Identity Driven Manager (IDM), and Application Lifecycle Management",2022-03-25
CVE-2013-5223,D-Link,DSL-2760U,2022-03-25
CVE-2013-5223,D-Link  ,DSL-2760U,2022-03-25
CVE-2014-0130,Rails,Ruby on Rails,2022-03-25
CVE-2014-3120,Elastic,Elasticsearch,2022-03-25
CVE-2014-6287,Rejetto,HTTP File Server (HFS),2022-03-25
CVE-2014-6324,Microsoft,Kerberos Key Distribution Center (KDC),2022-03-25
CVE-2014-6324,Microsoft ,Kerberos Key Distribution Center (KDC),2022-03-25
CVE-2014-6332,Microsoft,Windows Object Linking and Embedding (OLE),2022-03-25
CVE-2014-6332,Microsoft,Windows,2022-03-25
CVE-2014-6332,Microsoft ,Windows Object Linking and Embedding (OLE),2022-03-25
CVE-2015-0666,Cisco,Prime Data Center Network Manager (DCNM),2022-03-25
CVE-2015-1187,D-Link and TRENDnet,Multiple Devices,2022-03-25
CVE-2015-1427,Elastic,Elasticsearch,2022-03-25
CVE-2015-3035,TP-Link,Multiple Archer Devices,2022-03-25
CVE-2015-3035,TP-Link ,Multiple Archer Devices,2022-03-25
CVE-2015-4068,Arcserve,Unified Data Protection (UDP),2022-03-25
CVE-2016-0752,Rails,Ruby on Rails,2022-03-25
CVE-2016-10174,NETGEAR,WNR2000v5 Router,2022-03-25
CVE-2016-11021,D-Link  ,DCS-930L Devices,2022-03-25
CVE-2016-11021,D-Link,DCS-930L Devices,2022-03-25
CVE-2016-1555,NETGEAR,Wireless Access Point (WAP) Devices,2022-03-25
CVE-2016-4171,Adobe,Flash Player,2022-03-25
CVE-2016-4171,Adobe ,Flash Player,2022-03-25
CVE-2016-7892,Adobe ,Flash Player,2022-03-25
CVE-2016-7892,Adobe,Flash Player,2022-03-25
CVE-2017-0146,Microsoft,Windows,2022-03-25
CVE-2017-0146,Microsoft ,Windows,2022-03-25
CVE-2017-12615,Apache,Tomcat,2022-03-25
CVE-2017-12615,Apache ,Tomcat,2022-03-25
CVE-2017-12617,Apache,Tomcat,2022-03-25
CVE-2017-12617,Apache ,Tomcat,2022-03-25
CVE-2017-3881,Cisco ,IOS and IOS XE,2022-03-25
CVE-2017-3881,Cisco,IOS and IOS XE,2022-03-25
CVE-2017-6316,Citrix,"NetScaler SD-WAN Enterprise, CloudBridge Virtual WAN, and XenMobile Server",2022-03-25
CVE-2017-6334,NETGEAR,DGN2200 Devices,2022-03-25
CVE-2018-0125,Cisco,VPN Routers,2022-03-25
CVE-2018-0125,Cisco ,VPN Routers,2022-03-25
CVE-2018-0147,Cisco ,Secure Access Control System (ACS),2022-03-25
CVE-2018-0147,Cisco,Secure Access Control System (ACS),2022-03-25
CVE-2018-11138,Quest,KACE System Management Appliance,2022-03-25
CVE-2018-1273,VMware Tanzu,Spring Data Commons,2022-03-25
CVE-2018-14839,LG,N1A1 NAS,2022-03-25
CVE-2018-14839,LG ,N1A1 NAS,2022-03-25
CVE-2018-6961,VMware,SD-WAN Edge,2022-03-25
CVE-2018-8373,Microsoft,Internet Explorer Scripting Engine,2022-03-25
CVE-2018-8373,Microsoft ,Internet Explorer Scripting Engine,2022-03-25
CVE-2018-8414,Microsoft,Windows,2022-03-25
CVE-2018-8414,Microsoft ,Windows,2022-03-25
CVE-2019-0903,Microsoft ,Graphics Device Interface (GDI),2022-03-25
CVE-2019-0903,Microsoft,Graphics Device Interface (GDI),2022-03-25
CVE-2019-1003030,Jenkins,Matrix Project Plugin,2022-03-25
CVE-2019-1003030,Jenkins ,Matrix Project Plugin,2022-03-25
CVE-2019-10068,Kentico,Xperience,2022-03-25
CVE-2019-11043,PHP,FastCGI Process Manager (FPM),2022-03-25
CVE-2019-12989,Citrix,SD-WAN and NetScaler,2022-03-25
CVE-2019-12991,Citrix,SD-WAN and NetScaler,2022-03-25
CVE-2019-15107,Webmin,Webmin,2022-03-25
CVE-2019-16920,D-Link,Multiple Routers,2022-03-25
CVE-2019-2616,Oracle,BI Publisher (Formerly XML Publisher),2022-03-25
CVE-2019-6340,Drupal,Core,2022-03-25
CVE-2019-6340,Drupal ,Core,2022-03-25
CVE-2020-1631,Juniper,Junos OS,2022-03-25
CVE-2020-1631,Juniper ,Junos OS,2022-03-25
CVE-2020-1956,Apache,Kylin,2022-03-25
CVE-2020-1956,Apache ,Kylin,2022-03-25
CVE-2020-2021,Palo Alto Networks,PAN-OS,2022-03-25
CVE-2020-2021,Palo Alto,PAN-OS,2022-03-25
CVE-2020-2506,QNAP Systems,Helpdesk,2022-03-25
CVE-2020-25223,Sophos,SG UTM,2022-03-25
CVE-2020-5410,VMware Tanzu,Spring Cloud Configuration (Config) Server,2022-03-25
CVE-2020-7247,OpenBSD,OpenSMTPD,2022-03-25
CVE-2020-9054,Zyxel,Multiple Network-Attached Storage (NAS) Devices,2022-03-25
CVE-2020-9054,Zyxel ,Multiple Network-Attached Storage (NAS) Devices,2022-03-25
CVE-2020-9377,D-Link,DIR-610 Devices,2022-03-25
CVE-2020-9377,D-Link  ,DIR-610 Devices,2022-03-25
CVE-2021-22941,Citrix,ShareFile,2022-03-25
CVE-2021-42237,Sitecore,XP,2022-03-25
CVE-2022-21999,Microsoft,Windows,2022-03-25
CVE-2022-21999,Microsoft ,Windows,2022-03-25
CVE-2022-26143,Mitel,"MiCollab, MiVoice Business Express",2022-03-25
CVE-2022-26318,WatchGuard,Firebox and XTM Appliances,2022-03-25
CVE-2010-4398,Microsoft,Windows,2022-03-28
CVE-2011-2005,Microsoft,Ancillary Function Driver (afd.sys),2022-03-28
CVE-2012-0518,Oracle,Fusion Middleware,2022-03-28
CVE-2012-2034,Adobe,Flash Player,2022-03-28
CVE-2012-2539,Microsoft,Word,2022-03-28
CVE-2012-5076,Oracle,Java SE,2022-03-28
CVE-2013-1690,Mozilla,Firefox and Thunderbird,2022-03-28
CVE-2013-2465,Oracle,Java SE,2022-03-28
CVE-2013-2551,Microsoft,Internet Explorer,2022-03-28
CVE-2013-2729,Adobe,Reader and Acrobat,2022-03-28
CVE-2013-3660,Microsoft,Win32k,2022-03-28
CVE-2015-1770,Microsoft,Office,2022-03-28
CVE-2015-2419,Microsoft,Internet Explorer,2022-03-28
CVE-2015-2426,Microsoft,Windows,2022-03-28
CVE-2016-0040,Microsoft,Windows,2022-03-28
CVE-2016-0151,Microsoft,Client-Server Run-time Subsystem (CSRSS),2022-03-28
CVE-2016-0189,Microsoft,Internet Explorer,2022-03-28
CVE-2016-7200,Microsoft,Edge,2022-03-28
CVE-2016-7201,Microsoft,Edge,2022-03-28
CVE-2017-0037,Microsoft,Edge and Internet Explorer,2022-03-28
CVE-2017-0059,Microsoft,Internet Explorer,2022-03-28
CVE-2017-0213,Microsoft,Windows,2022-03-28
CVE-2018-8405,Microsoft,DirectX Graphics Kernel (DXGKRNL),2022-03-28
CVE-2018-8406,Microsoft,DirectX Graphics Kernel (DXGKRNL),2022-03-28
CVE-2018-8440,Microsoft,Windows,2022-03-28
CVE-2019-7483,SonicWall,SMA100,2022-03-28
CVE-2021-20028,SonicWall,Secure Remote Access (SRA),2022-03-28
CVE-2021-26085,Atlassian,Confluence Server,2022-03-28
CVE-2021-34486,Microsoft,Windows,2022-03-28
CVE-2021-38646,Microsoft,Office,2022-03-28
CVE-2022-0543,Redis,Debian-specific Redis Servers,2022-03-28
CVE-2022-1096,Google,Chromium V8,2022-03-28
CVE-2014-6324,Microsoft ,Kerberos Key Distribution Center (KDC),2022-03-31
CVE-2018-10561,Dasan,Gigabit Passive Optical Network (GPON) Routers,2022-03-31
CVE-2018-10562,Dasan,Gigabit Passive Optical Network (GPON) Routers,2022-03-31
CVE-2021-21551,Dell,dbutil Driver,2022-03-31
CVE-2021-28799,QNAP,Network Attached Storage (NAS),2022-03-31
CVE-2021-34484,Microsoft,Windows,2022-03-31
CVE-2021-34484,Microsoft ,Windows ,2022-03-31
CVE-2022-1040,Sophos,Firewall,2022-03-31
CVE-2022-1040,Sophos,Firewall ,2022-03-31
CVE-2022-26871,Trend Micro,Apex Central ,2022-03-31
CVE-2022-26871,Trend Micro,Apex Central,2022-03-31
CVE-2021-45382,D-Link,Multiple Routers,2022-04-04
CVE-2021-45382,D-Link,Multiple Routers ,2022-04-04
CVE-2022-22674,Apple,macOS,2022-04-04
CVE-2022-22675,Apple,macOS,2022-04-04
CVE-2022-22965,Vmware,Spring Framework,2022-04-04
CVE-2017-0148,Microsoft,SMBv1 server,2022-04-06
CVE-2021-31166,Microsoft,HTTP Protocol Stack,2022-04-06
CVE-2021-3156,Sudo,Sudo,2022-04-06
CVE-2017-11317,Telerik,User Interface (UI) for ASP.NET AJAX,2022-04-11
CVE-2020-2509,QNAP,QNAP Network-Attached Storage (NAS),2022-04-11
CVE-2021-22600,Linux,Kernel,2022-04-11
CVE-2021-27852,Checkbox,Checkbox Survey,2022-04-11
CVE-2021-39793,Google,Pixel,2022-04-11
CVE-2021-42278,Microsoft,Active Directory,2022-04-11
CVE-2021-42287,Microsoft,Active Directory,2022-04-11
CVE-2022-23176,WatchGuard,Firebox and XTM,2022-04-11
CVE-2014-9163,Adobe,Flash Player,2022-04-13
CVE-2015-0311,Adobe,Flash Player,2022-04-13
CVE-2015-0313,Adobe,Flash Player,2022-04-13
CVE-2015-2502,Microsoft,Internet Explorer,2022-04-13
CVE-2015-3113,Adobe,Flash Player,2022-04-13
CVE-2015-5122,Adobe,Flash Player,2022-04-13
CVE-2015-5123,Adobe,Flash Player,2022-04-13
CVE-2018-20753,Kaseya,Virtual System/Server Administrator (VSA),2022-04-13
CVE-2018-7602,Drupal,Core,2022-04-13
CVE-2022-24521,Microsoft,Windows,2022-04-13
CVE-2022-22954,VMware,Workspace ONE Access and Identity Manager,2022-04-14
CVE-2007-3010,Alcatel,OmniPCX Enterprise,2022-04-15
CVE-2010-5330,Ubiquiti,AirOS,2022-04-15
CVE-2014-0780,InduSoft,Web Studio,2022-04-15
CVE-2016-4523,Trihedral,VTScada (formerly VTS),2022-04-15
CVE-2018-7841,Schneider Electric,U.motion Builder,2022-04-15
CVE-2019-16057,D-Link,DNS-320 Storage Device,2022-04-15
CVE-2019-3929,Crestron,Multiple Products,2022-04-15
CVE-2022-1364,Google,Chromium V8 Engine,2022-04-15
CVE-2022-1364,Google,Chromium V8,2022-04-15
CVE-2022-22960,VMware,Multiple Products,2022-04-15
CVE-2018-6882,Zimbra,Collaboration Suite (ZCS),2022-04-19
CVE-2019-3568,Meta Platforms,WhatsApp,2022-04-19
CVE-2022-22718,Microsoft,Windows,2022-04-19
CVE-2019-1003029,Jenkins,Script Security Plugin,2022-04-25
CVE-2021-40450,Microsoft,Win32k,2022-04-25
CVE-2021-41357,Microsoft,Win32k,2022-04-25
CVE-2022-0847,Linux,Kernel,2022-04-25
CVE-2022-21919,Microsoft,Windows,2022-04-25
CVE-2022-26904,Microsoft,Windows,2022-04-25
CVE-2022-29464,WSO2,Multiple Products,2022-04-25
CVE-2014-0160,OpenSSL,OpenSSL,2022-05-04
CVE-2014-0322,Microsoft,Internet Explorer,2022-05-04
CVE-2014-4113,Microsoft,Win32k,2022-05-04
CVE-2019-8506,Apple,Multiple Products,2022-05-04
CVE-2021-1789,Apple,Multiple Products,2022-05-04
CVE-2022-1388,F5,BIG-IP,2022-05-10
CVE-2022-26925,Microsoft,Windows,2022-05-11
CVE-2022-22947,VMware,Spring Cloud Gateway,2022-05-16
CVE-2022-30525,Zyxel,Multiple Firewalls,2022-05-16
CVE-2018-5002,Adobe,Flash Player,2022-05-23
CVE-2018-8589,Microsoft,Win32k,2022-05-23
CVE-2019-0676,Microsoft,Internet Explorer,2022-05-23
CVE-2019-0703,Microsoft,Windows,2022-05-23
CVE-2019-0880,Microsoft,Windows,2022-05-23
CVE-2019-1130,Microsoft,Windows,2022-05-23
CVE-2019-11707,Mozilla,Firefox and Thunderbird,2022-05-23
CVE-2019-11708,Mozilla,Firefox and Thunderbird,2022-05-23
CVE-2019-13720,Google,Chrome,2022-05-23
CVE-2019-13720,Google,Chrome WebAudio,2022-05-23
CVE-2019-1385,Microsoft,Windows,2022-05-23
CVE-2019-18426,Meta Platforms,WhatsApp,2022-05-23
CVE-2019-5786,Google,Chrome Blink,2022-05-23
CVE-2019-5786,Google,Chrome,2022-05-23
CVE-2019-7286,Apple,Multiple Products,2022-05-23
CVE-2019-7287,Apple,iOS,2022-05-23
CVE-2019-8720,WebKitGTK,WebKitGTK,2022-05-23
CVE-2020-0638,Microsoft,Update Notification Manager,2022-05-23
CVE-2020-1027,Microsoft,Windows,2022-05-23
CVE-2021-0920,Android,Kernel,2022-05-23
CVE-2021-1048,Android,Kernel,2022-05-23
CVE-2021-30883,Apple,Multiple Products,2022-05-23
CVE-2022-20821,Cisco,IOS XR,2022-05-23
CVE-2016-0162,Microsoft,Internet Explorer,2022-05-24
CVE-2016-3298,Microsoft,Internet Explorer,2022-05-24
CVE-2016-3351,Microsoft,Internet Explorer and Edge,2022-05-24
CVE-2016-4655,Apple,iOS,2022-05-24
CVE-2016-4656,Apple,iOS,2022-05-24
CVE-2016-4657,Apple,iOS,2022-05-24
CVE-2016-6366,Cisco,Adaptive Security Appliance (ASA),2022-05-24
CVE-2016-6367,Cisco,Adaptive Security Appliance (ASA),2022-05-24
CVE-2017-0005,Microsoft,Windows,2022-05-24
CVE-2017-0022,Microsoft,XML Core Services,2022-05-24
CVE-2017-0147,Microsoft,SMBv1 server,2022-05-24
CVE-2017-0149,Microsoft,Internet Explorer,2022-05-24
CVE-2017-0210,Microsoft,Internet Explorer,2022-05-24
CVE-2017-18362,Kaseya,Virtual System/Server Administrator (VSA),2022-05-24
CVE-2017-8291,Artifex,Ghostscript,2022-05-24
CVE-2017-8543,Microsoft,Windows,2022-05-24
CVE-2018-19943,QNAP,Network Attached Storage (NAS),2022-05-24
CVE-2018-19949,QNAP,Network Attached Storage (NAS),2022-05-24
CVE-2018-19953,QNAP,Network Attached Storage (NAS),2022-05-24
CVE-2018-8611,Microsoft,Windows,2022-05-24
CVE-2010-0738,Red Hat,JBoss,2022-05-25
CVE-2010-0840,Oracle,Java Runtime Environment (JRE),2022-05-25
CVE-2010-1428,Red Hat,JBoss,2022-05-25
CVE-2012-1710,Oracle,Fusion Middleware,2022-05-25
CVE-2013-0074,Microsoft,Silverlight,2022-05-25
CVE-2013-0422,Oracle,Java Runtime Environment (JRE),2022-05-25
CVE-2013-0431,Oracle,Java Runtime Environment (JRE),2022-05-25
CVE-2013-2423,Oracle,Java Runtime Environment (JRE),2022-05-25
CVE-2013-3896,Microsoft,Silverlight,2022-05-25
CVE-2013-3993,IBM,InfoSphere BigInsights,2022-05-25
CVE-2013-7331,Microsoft,Internet Explorer,2022-05-25
CVE-2014-0546,Adobe,Acrobat and Reader,2022-05-25
CVE-2014-2817,Microsoft,Internet Explorer,2022-05-25
CVE-2014-3153,Linux,Kernel,2022-05-25
CVE-2014-4077,Microsoft,Input Method Editor (IME) Japanese,2022-05-25
CVE-2014-4123,Microsoft,Internet Explorer,2022-05-25
CVE-2014-4148,Microsoft,Windows,2022-05-25
CVE-2014-8439,Adobe,Flash Player,2022-05-25
CVE-2015-0016,Microsoft,Windows,2022-05-25
CVE-2015-0071,Microsoft,Internet Explorer,2022-05-25
CVE-2015-0310,Adobe,Flash Player,2022-05-25
CVE-2015-1671,Microsoft,Windows,2022-05-25
CVE-2015-1769,Microsoft,Windows,2022-05-25
CVE-2015-2360,Microsoft,Win32k,2022-05-25
CVE-2015-2425,Microsoft,Internet Explorer,2022-05-25
CVE-2015-4495,Mozilla,Firefox,2022-05-25
CVE-2015-6175,Microsoft,Windows,2022-05-25
CVE-2015-8651,Adobe,Flash Player,2022-05-25
CVE-2016-0034,Microsoft,Silverlight,2022-05-25
CVE-2016-0984,Adobe,Flash Player and AIR,2022-05-25
CVE-2016-1010,Adobe,Flash Player and AIR,2022-05-25
CVE-2016-3393,Microsoft,Windows,2022-05-25
CVE-2016-7256,Microsoft,Windows,2022-05-25
CVE-2019-3010,Oracle,Solaris,2022-05-25
CVE-2022-26134,Atlassian,Confluence Server/Data Center,2022-06-02
CVE-2006-2492,Microsoft,Word,2022-06-08
CVE-2007-5659,Adobe,Acrobat and Reader,2022-06-08
CVE-2008-0655,Adobe,Acrobat and Reader,2022-06-08
CVE-2009-0557,Microsoft,Office,2022-06-08
CVE-2009-0563,Microsoft,Office,2022-06-08
CVE-2009-1862,Adobe,"Acrobat and Reader, Flash Player",2022-06-08
CVE-2009-3953,Adobe,Acrobat and Reader,2022-06-08
CVE-2009-4324,Adobe,Acrobat and Reader,2022-06-08
CVE-2010-1297,Adobe,Flash Player,2022-06-08
CVE-2010-2572,Microsoft,PowerPoint,2022-06-08
CVE-2010-2883,Adobe,Reader and Acrobat,2022-06-08
CVE-2010-2883,Adobe,Acrobat and Reader,2022-06-08
CVE-2011-0609,Adobe,Flash Player,2022-06-08
CVE-2011-2462,Adobe,Acrobat and Reader,2022-06-08
CVE-2012-0151,Microsoft,Windows,2022-06-08
CVE-2012-0754,Adobe,Flash Player,2022-06-08
CVE-2012-0767,Adobe,Flash Player,2022-06-08
CVE-2012-1889,Microsoft,XML Core Services,2022-06-08
CVE-2012-4969,Microsoft,Internet Explorer,2022-06-08
CVE-2012-5054,Adobe,Flash Player,2022-06-08
CVE-2013-1331,Microsoft,Office,2022-06-08
CVE-2016-1646,Google,Chromium V8,2022-06-08
CVE-2016-1646,Google,Chromium V8 Engine,2022-06-08
CVE-2016-5198,Google,Chromium V8 Engine,2022-06-08
CVE-2016-5198,Google,Chromium V8,2022-06-08
CVE-2017-5030,Google,Chromium V8,2022-06-08
CVE-2017-5030,Google,Chromium V8 Engine,2022-06-08
CVE-2017-5070,Google,Chromium V8,2022-06-08
CVE-2017-5070,Google,Chromium V8 Engine,2022-06-08
CVE-2017-6862,NETGEAR,Multiple Devices,2022-06-08
CVE-2018-17463,Google,Chromium V8,2022-06-08
CVE-2018-17463,Google,Chromium V8 Engine,2022-06-08
CVE-2018-17480,Google,Chromium V8,2022-06-08
CVE-2018-17480,Google,Chromium V8 Engine,2022-06-08
CVE-2018-4990,Adobe,Acrobat and Reader,2022-06-08
CVE-2018-6065,Google,Chromium V8 Engine,2022-06-08
CVE-2018-6065,Google,Chromium V8,2022-06-08
CVE-2019-15271,Cisco,RV Series Routers,2022-06-08
CVE-2019-5825,Google,Chromium V8 Engine,2022-06-08
CVE-2019-5825,Google,Chromium V8,2022-06-08
CVE-2019-7192,QNAP,Photo Station,2022-06-08
CVE-2019-7193,QNAP,QTS,2022-06-08
CVE-2019-7194,QNAP,Photo Station,2022-06-08
CVE-2019-7195,QNAP,Photo Station,2022-06-08
CVE-2022-31460,Owl Labs,Meeting Owl Pro and Whiteboard Owl,2022-06-08
CVE-2016-2386,SAP,NetWeaver,2022-06-09
CVE-2016-2388,SAP,NetWeaver,2022-06-09
CVE-2021-38163,SAP,NetWeaver,2022-06-09
CVE-2022-30190,Microsoft,Windows,2022-06-14
CVE-2018-4344,Apple,Multiple Products,2022-06-27
CVE-2019-8605,Apple,Multiple Products,2022-06-27
CVE-2020-3837,Apple,Multiple Products,2022-06-27
CVE-2020-9907,Apple,Multiple Products,2022-06-27
CVE-2021-30533,Google,Chromium PopupBlocker,2022-06-27
CVE-2021-30533,Google,Chromium,2022-06-27
CVE-2021-30983,Apple,iOS and iPadOS,2022-06-27
CVE-2021-4034,Red Hat,Polkit,2022-06-27
CVE-2022-29499,Mitel,MiVoice Connect,2022-06-27
CVE-2022-26925,Microsoft,Windows,2022-07-01
CVE-2022-22047,Microsoft,Windows,2022-07-12
CVE-2022-26138,Atlassian,Confluence,2022-07-29
CVE-2022-26138,Atlassian,Confluence ,2022-07-29
CVE-2022-27924,Zimbra,Collaboration (ZCS),2022-08-04
CVE-2022-27924,Zimbra,Collaboration,2022-08-04
CVE-2022-30333,RARLAB,UnRAR,2022-08-09
CVE-2022-34713,Microsoft ,Windows,2022-08-09
CVE-2022-34713,Microsoft,Windows,2022-08-09
CVE-2022-27925,Zimbra,Collaboration (ZCS),2022-08-11
CVE-2022-27925,Zimbra,Collaboration,2022-08-11
CVE-2022-37042,Zimbra,Collaboration (ZCS),2022-08-11
CVE-2022-37042,Zimbra,Collaboration,2022-08-11
CVE-2017-15944,Palo Alto Networks,PAN-OS,2022-08-18
CVE-2017-15944,Palo Alto,PAN-OS,2022-08-18
CVE-2022-21971,Microsoft,Windows,2022-08-18
CVE-2022-22536,SAP,Multiple Products,2022-08-18
CVE-2022-26923,Microsoft,Active Directory,2022-08-18
CVE-2022-2856,Google,Chrome,2022-08-18
CVE-2022-2856,Google,Chromium Intents,2022-08-18
CVE-2022-32893,Apple,iOS and macOS,2022-08-18
CVE-2022-32894,Apple,iOS and macOS,2022-08-18
CVE-2022-0028,Palo Alto Networks,PAN-OS,2022-08-22
CVE-2020-28949,PEAR,Archive_Tar,2022-08-25
CVE-2020-36193,PEAR,Archive_Tar,2022-08-25
CVE-2021-31010,Apple,"iOS, macOS, watchOS",2022-08-25
CVE-2021-38406,Delta Electronics,DOPSoft 2,2022-08-25
CVE-2021-39226,Grafana Labs,Grafana,2022-08-25
CVE-2022-2294,WebRTC,WebRTC,2022-08-25
CVE-2022-22963,VMware Tanzu,Spring Cloud,2022-08-25
CVE-2022-24112,Apache,APISIX,2022-08-25
CVE-2022-24706,Apache,CouchDB,2022-08-25
CVE-2022-26352,dotCMS,dotCMS,2022-08-25
CVE-2011-1823,Android,Android OS,2022-09-08
CVE-2011-4723,D-Link,DIR-300 Router,2022-09-08
CVE-2017-5521,NETGEAR,Multiple Devices,2022-09-08
CVE-2018-13374,Fortinet,FortiOS and FortiADC,2022-09-08
CVE-2018-2628,Oracle,WebLogic Server,2022-09-08
CVE-2018-6530,D-Link,Multiple Routers,2022-09-08
CVE-2018-7445,MikroTik,RouterOS,2022-09-08
CVE-2020-9934,Apple,"iOS, iPadOS, and macOS",2022-09-08
CVE-2022-26258,D-Link,DIR-820L,2022-09-08
CVE-2022-27593,QNAP,Photo Station,2022-09-08
CVE-2022-28958,D-Link,DIR-816L,2022-09-08
CVE-2022-3075,Google,Chromium Mojo,2022-09-08
CVE-2022-3075,Google,Chromium,2022-09-08
CVE-2022-32917,Apple,"iOS, iPadOS, and macOS",2022-09-14
CVE-2022-37969,Microsoft,Windows,2022-09-14
CVE-2010-2568,Microsoft,Windows,2022-09-15
CVE-2013-2094,Linux,Kernel,2022-09-15
CVE-2013-2596,Linux,Kernel,2022-09-15
CVE-2013-2597,Code Aurora,ACDB Audio Driver,2022-09-15
CVE-2013-6282,Linux,Kernel,2022-09-15
CVE-2022-40139,Trend Micro,Apex One and Apex One as a Service,2022-09-15
CVE-2022-35405,Zoho,ManageEngine,2022-09-22
CVE-2022-3236,Sophos,Firewall,2022-09-23
CVE-2022-36804,Atlassian,Bitbucket Server and Data Center,2022-09-30
CVE-2022-41040,Microsoft,Exchange Server,2022-09-30
CVE-2022-41082,Microsoft,Exchange Server,2022-09-30
CVE-2022-40684,Fortinet,Multiple Products,2022-10-11
CVE-2022-41033,Microsoft,Windows COM+ Event System Service,2022-10-11
CVE-2021-3493,Linux,Kernel,2022-10-20
CVE-2022-41352,Zimbra,Collaboration (ZCS),2022-10-20
CVE-2018-19320,GIGABYTE,Multiple Products,2022-10-24
CVE-2018-19321,GIGABYTE,Multiple Products,2022-10-24
CVE-2018-19322,GIGABYTE,Multiple Products,2022-10-24
CVE-2018-19323,GIGABYTE,Multiple Products,2022-10-24
CVE-2020-3153,Cisco,AnyConnect Secure,2022-10-24
CVE-2020-3433,Cisco,AnyConnect Secure,2022-10-24
CVE-2022-42827,Apple,iOS and iPadOS,2022-10-25
CVE-2022-3723,Google,Chromium V8,2022-10-28
CVE-2022-3723,Google,Chromium V8 Engine,2022-10-28
CVE-2019-0211,Apache,HTTP Server,2022-11-03
CVE-2021-25337,Samsung,Mobile Devices,2022-11-08
CVE-2021-25369,Samsung,Mobile Devices,2022-11-08
CVE-2021-25370,Samsung,Mobile Devices,2022-11-08
CVE-2022-41073,Microsoft,Windows,2022-11-08
CVE-2022-41091,Microsoft,Windows,2022-11-08
CVE-2022-41125,Microsoft,Windows,2022-11-08
CVE-2022-41128,Microsoft,Windows,2022-11-08
CVE-2022-41049,Microsoft,Windows,2022-11-14
CVE-2021-35587,Oracle,Fusion Middleware,2022-11-28
CVE-2022-4135,Google,Chromium GPU,2022-11-28
CVE-2022-4135,Google,Chromium,2022-11-28
CVE-2022-4135,Google,Chrome,2022-11-28
CVE-2022-4262,Google,Chromium V8 Engine,2022-12-05
CVE-2022-4262,Google,Chromium V8,2022-12-05
CVE-2022-26500,Veeam,Backup & Replication,2022-12-13
CVE-2022-26501,Veeam,Backup & Replication,2022-12-13
CVE-2022-27518,Citrix,Application Delivery Controller (ADC) and Gateway,2022-12-13
CVE-2022-42475,Fortinet,FortiOS,2022-12-13
CVE-2022-44698,Microsoft,Defender,2022-12-13
CVE-2022-42856,Apple,iOS,2022-12-14
CVE-2018-18809,TIBCO,JasperReports,2022-12-29
CVE-2018-18809,TIBCO,JasperReports Library,2022-12-29
CVE-2018-5430,TIBCO,JasperReports,2022-12-29
CVE-2018-5430,TIBCO,JasperReports Server,2022-12-29
CVE-2022-41080,Microsoft,Exchange Server,2023-01-10
CVE-2023-21674,Microsoft,Windows,2023-01-10
CVE-2022-44877,CWP,Control Web Panel,2023-01-17
CVE-2022-47966,Zoho,ManageEngine,2023-01-23
CVE-2017-11357,Telerik,User Interface (UI) for ASP.NET AJAX,2023-01-26
CVE-2022-21587,Oracle,E-Business Suite,2023-02-02
CVE-2023-22952,SugarCRM,Multiple Products,2023-02-02
CVE-2015-2291,Intel,Ethernet Diagnostics Driver for Windows,2023-02-10
CVE-2022-24990,TerraMaster,TerraMaster OS,2023-02-10
CVE-2023-0669,Fortra,GoAnywhere MFT,2023-02-10
CVE-2023-21715,Microsoft,Office,2023-02-14
CVE-2023-21823,Microsoft,Windows,2023-02-14
CVE-2023-23376,Microsoft,Windows,2023-02-14
CVE-2023-23529,Apple,Multiple Products,2023-02-14
CVE-2022-46169,Cacti,Cacti,2023-02-16
CVE-2022-40765,Mitel,MiVoice Connect,2023-02-21
CVE-2022-41223,Mitel,MiVoice Connect,2023-02-21
CVE-2022-47986,IBM,Aspera Faspex,2023-02-21
CVE-2022-36537,ZK Framework,AuUploader,2023-02-27
CVE-2022-28810,Zoho,ManageEngine,2023-03-07
CVE-2022-33891,Apache,Spark,2023-03-07
CVE-2022-35914,Teclib,GLPI,2023-03-07
CVE-2020-5741,Plex,Media Server,2023-03-10
CVE-2021-39144,XStream,XStream,2023-03-10
CVE-2022-41328,Fortinet,FortiOS,2023-03-14
CVE-2023-23397,Microsoft,Office,2023-03-14
CVE-2023-24880,Microsoft,Windows,2023-03-14
CVE-2023-26360,Adobe,ColdFusion,2023-03-15
CVE-2013-3163,Microsoft,Internet Explorer,2023-03-30
CVE-2014-1776,Microsoft,Internet Explorer,2023-03-30
CVE-2017-7494,Samba,Samba,2023-03-30
CVE-2021-30900,Apple,"iOS, iPadOS, and macOS",2023-03-30
CVE-2022-22706,Arm,Mali Graphics Processing Unit (GPU),2023-03-30
CVE-2022-3038,Google,Chrome,2023-03-30
CVE-2022-3038,Google,Chromium Network Service,2023-03-30
CVE-2022-38181,Arm,Mali Graphics Processing Unit (GPU),2023-03-30
CVE-2022-39197,Fortra,Cobalt Strike,2023-03-30
CVE-2022-42948,Fortra,Cobalt Strike,2023-03-30
CVE-2023-0266,Linux,Kernel,2023-03-30
CVE-2022-27926,Zimbra,Collaboration (ZCS),2023-04-03
CVE-2019-1388,Microsoft,Windows,2023-04-07
CVE-2021-27876,Veritas,Backup Exec Agent,2023-04-07
CVE-2021-27877,Veritas,Backup Exec Agent,2023-04-07
CVE-2021-27878,Veritas,Backup Exec Agent,2023-04-07
CVE-2023-26083,Arm,Mali Graphics Processing Unit (GPU),2023-04-07
CVE-2023-28205,Apple,Multiple Products,2023-04-10
CVE-2023-28206,Apple,"iOS, iPadOS, and macOS",2023-04-10
CVE-2023-28252,Microsoft,Windows,2023-04-11
CVE-2023-20963,Android,Framework,2023-04-13
CVE-2023-29492,Novi Survey,Novi Survey,2023-04-13
CVE-2019-8526,Apple,macOS,2023-04-17
CVE-2023-2033,Google,Chromium V8,2023-04-17
CVE-2023-2033,Google,Chromium V8 Engine,2023-04-17
CVE-2017-6742,Cisco,IOS and IOS XE Software,2023-04-19
CVE-2023-2136,Google,Chromium Skia,2023-04-21
CVE-2023-2136,Google,Chrome,2023-04-21
CVE-2023-27350,PaperCut,MF/NG,2023-04-21
CVE-2023-28432,MinIO,MinIO,2023-04-21
CVE-2021-45046,Apache,Log4j2,2023-05-01
CVE-2023-1389,TP-Link,Archer AX21,2023-05-01
CVE-2023-21839,Oracle,WebLogic Server,2023-05-01
CVE-2023-29336,Microsoft,Win32k,2023-05-09
CVE-2010-3904,Linux,Kernel,2023-05-12
CVE-2014-0196,Linux,Kernel,2023-05-12
CVE-2015-5317,Jenkins,Jenkins User Interface (UI),2023-05-12
CVE-2016-3427,Oracle,Java SE and JRockit,2023-05-12
CVE-2016-8735,Apache,Tomcat,2023-05-12
CVE-2021-3560,Red Hat,Polkit,2023-05-12
CVE-2023-25717,Ruckus Wireless,Multiple Products,2023-05-12
CVE-2004-1464,Cisco,IOS,2023-05-19
CVE-2016-6415,Cisco,"IOS, IOS XR, and IOS XE",2023-05-19
CVE-2023-21492,Samsung,Mobile Devices,2023-05-19
CVE-2023-28204,Apple Webkit,Multiple Products,2023-05-22
CVE-2023-28204,Apple,Multiple Products,2023-05-22
CVE-2023-32373,Apple,Multiple Products,2023-05-22
CVE-2023-32373,Apple Webkit,Multiple Products,2023-05-22
CVE-2023-32409,Apple Webkit,Multiple Products,2023-05-22
CVE-2023-32409,Apple,Multiple Products,2023-05-22
CVE-2023-2868,Barracuda Networks,Email Security Gateway (ESG) Appliance,2023-05-26
CVE-2023-28771,Zyxel,Multiple Firewalls,2023-05-31
CVE-2023-34362,Progress,MOVEit Transfer,2023-06-02
CVE-2023-33009,Zyxel,Multiple Firewalls,2023-06-05
CVE-2023-33010,Zyxel,Multiple Firewalls,2023-06-05
CVE-2023-3079,Google,Chromium V8 Engine,2023-06-07
CVE-2023-3079,Google,Chromium V8,2023-06-07
CVE-2023-27997,Fortinet,FortiOS and FortiProxy SSL-VPN,2023-06-13
CVE-2016-0165,Microsoft,Win32k,2023-06-22
CVE-2016-9079,Mozilla,"Firefox, Firefox ESR, and Thunderbird",2023-06-22
CVE-2020-12641,Roundcube,Roundcube Webmail,2023-06-22
CVE-2020-35730,Roundcube,Roundcube Webmail,2023-06-22
CVE-2021-44026,Roundcube,Roundcube Webmail,2023-06-22
CVE-2023-20887,VMware,Aria Operations for Networks,2023-06-22
CVE-2023-20867,VMware,Tools,2023-06-23
CVE-2023-27992,Zyxel,Multiple Network-Attached Storage (NAS) Devices,2023-06-23
CVE-2023-32434,Apple,Multiple Products,2023-06-23
CVE-2023-32435,Apple,iOS and macOS,2023-06-23
CVE-2023-32435,Apple,Multiple Products,2023-06-23
CVE-2023-32439,Apple,Multiple Products,2023-06-23
CVE-2019-17621,D-Link,DIR-859 Router,2023-06-29
CVE-2019-20500,D-Link,DWL-2600AP Access Point,2023-06-29
CVE-2021-25371,Samsung,Mobile Devices,2023-06-29
CVE-2021-25372,Samsung,Mobile Devices,2023-06-29
CVE-2021-25394,Samsung,Mobile Devices,2023-06-29
CVE-2021-25395,Samsung,Mobile Devices,2023-06-29
CVE-2021-25487,Samsung,Mobile Devices,2023-06-29
CVE-2021-25489,Samsung,Mobile Devices,2023-06-29
CVE-2021-29256,Arm,Mali Graphics Processing Unit (GPU),2023-07-07
CVE-2022-31199,Netwrix,Auditor,2023-07-11
CVE-2023-32046,Microsoft,Windows MSHTML Platform,2023-07-11
CVE-2023-32046,Microsoft,Windows,2023-07-11
CVE-2023-32049,Microsoft,Windows,2023-07-11
CVE-2023-32049,Microsoft,Windows Defender SmartScreen,2023-07-11
CVE-2023-35311,Microsoft,Outlook,2023-07-11
CVE-2023-36874,Microsoft,Windows,2023-07-11
CVE-2023-36874,Microsoft,Windows Error Reporting Service,2023-07-11
CVE-2022-29303,SolarView,Compact,2023-07-13
CVE-2023-37450,Apple,Multiple Products,2023-07-13
CVE-2023-36884,Microsoft,Office and Windows,2023-07-17
CVE-2023-36884,Microsoft,Windows,2023-07-17
CVE-2023-3519,Citrix,NetScaler ADC and NetScaler Gateway,2023-07-19
CVE-2023-29298,Adobe,ColdFusion,2023-07-20
CVE-2023-38205,Adobe,ColdFusion,2023-07-20
CVE-2023-35078,Ivanti,Endpoint Manager Mobile (EPMM),2023-07-25
CVE-2023-35078,Ivanti,Endpoint Manager Mobile,2023-07-25
CVE-2023-38606,Apple,Multiple Products,2023-07-26
CVE-2023-37580,Zimbra,Collaboration (ZCS),2023-07-27
CVE-2023-35081,Ivanti,Endpoint Manager Mobile (EPMM),2023-07-31
CVE-2017-18368,Zyxel,P660HN-T1A Routers,2023-08-07
CVE-2023-38180,Microsoft,.NET Core and Visual Studio,2023-08-09
CVE-2023-24489,Citrix,Content Collaboration,2023-08-16
CVE-2023-26359,Adobe,ColdFusion,2023-08-21
CVE-2023-27532,Veeam,Backup & Replication,2023-08-22
CVE-2023-38035,Ivanti,Sentry,2023-08-22
CVE-2023-32315,Ignite Realtime,Openfire,2023-08-24
CVE-2023-38831,RARLAB,WinRAR,2023-08-24
CVE-2023-33246,Apache,RocketMQ,2023-09-06
CVE-2023-41061,Apple,"iOS, iPadOS, and watchOS",2023-09-11
CVE-2023-41064,Apple,"iOS, iPadOS, and macOS",2023-09-11
CVE-2023-36761,Microsoft,Word,2023-09-12
CVE-2023-36802,Microsoft,Streaming Service Proxy,2023-09-12
CVE-2023-20269,Cisco,Adaptive Security Appliance and Firepower Threat Defense,2023-09-13
CVE-2023-35674,Android,Framework,2023-09-13
CVE-2023-4863,Google,Chromium WebP,2023-09-13
CVE-2023-4863,Google,Chromium,2023-09-13
CVE-2023-26369,Adobe,Acrobat and Reader,2023-09-14
CVE-2014-8361,Realtek,SDK,2023-09-18
CVE-2017-6884,Zyxel,EMG2926 Routers,2023-09-18
CVE-2021-3129,Laravel,Ignition,2023-09-18
CVE-2022-22265,Samsung,Mobile Devices,2023-09-18
CVE-2022-31459,Owl Labs,Meeting Owl,2023-09-18
CVE-2022-31461,Owl Labs,Meeting Owl,2023-09-18
CVE-2022-31462,Owl Labs,Meeting Owl,2023-09-18
CVE-2022-31463,Owl Labs,Meeting Owl,2023-09-18
CVE-2023-28434,MinIO,MinIO,2023-09-19
CVE-2023-41179,Trend Micro,Apex One and Worry-Free Business Security,2023-09-21
CVE-2023-41179,Trend Micro,Trend Micro Apex One and Worry-Free Business Security,2023-09-21
CVE-2023-41991,Apple,Multiple Products,2023-09-25
CVE-2023-41992,Apple,Multiple Products,2023-09-25
CVE-2023-41993,Apple,Multiple Products,2023-09-25
CVE-2018-14667,Red Hat,JBoss RichFaces Framework,2023-09-28
CVE-2023-5217,Google,Chrome libvpx,2023-10-02
CVE-2023-5217,Google,Chromium libvpx,2023-10-02
CVE-2023-4211,Arm,Mali GPU Kernel Driver,2023-10-03
CVE-2023-28229,Microsoft,Windows CNG Key Isolation Service,2023-10-04
CVE-2023-42793,JetBrains,TeamCity,2023-10-04
CVE-2023-22515,Atlassian,Confluence Data Center and Server,2023-10-05
CVE-2023-40044,Progress,WS_FTP Server,2023-10-05
CVE-2023-42824,Apple,iOS and iPadOS,2023-10-05
CVE-2023-20109,Cisco,IOS and IOS XE,2023-10-10
CVE-2023-21608,Adobe,Acrobat and Reader,2023-10-10
CVE-2023-36563,Microsoft,WordPad,2023-10-10
CVE-2023-41763,Microsoft,Skype for Business,2023-10-10
CVE-2023-44487,IETF,HTTP/2,2023-10-10
CVE-2023-20198,Cisco,IOS XE Web UI,2023-10-16
CVE-2023-4966,Citrix,NetScaler ADC and NetScaler Gateway,2023-10-18
CVE-2021-1435,Cisco,Cisco IOS XE Web UI,2023-10-19
CVE-2023-20273,Cisco,Cisco IOS XE Web UI,2023-10-23
CVE-2023-5631,Roundcube,Webmail,2023-10-26
CVE-2023-46747,F5,BIG-IP Configuration Utility,2023-10-31
CVE-2023-46748,F5,BIG-IP Configuration Utility,2023-10-31
CVE-2023-46604,Apache,ActiveMQ,2023-11-02
CVE-2023-22518,Atlassian,Confluence Data Center and Server,2023-11-07
CVE-2023-29552,IETF,Service Location Protocol (SLP),2023-11-08
CVE-2023-36844,Juniper,Junos OS,2023-11-13
CVE-2023-36845,Juniper,Junos OS,2023-11-13
CVE-2023-36846,Juniper,Junos OS,2023-11-13
CVE-2023-36847,Juniper,Junos OS,2023-11-13
CVE-2023-36851,Juniper,Junos OS,2023-11-13
CVE-2023-47246,SysAid,SysAid Server,2023-11-13
CVE-2023-36025,Microsoft,Windows,2023-11-14
CVE-2023-36033,Microsoft,Windows,2023-11-14
CVE-2023-36036,Microsoft,Windows,2023-11-14
CVE-2020-2551,Oracle,Fusion Middleware,2023-11-16
CVE-2023-1671,Sophos,Web Appliance,2023-11-16
CVE-2023-36584,Microsoft,Windows,2023-11-16
CVE-2023-4911,GNU,GNU C Library,2023-11-21
CVE-2023-49103,ownCloud,ownCloud graphapi,2023-11-30
CVE-2023-6345,Google,Skia,2023-11-30
CVE-2023-6345,Google,Chromium Skia,2023-11-30
CVE-2023-42916,Apple,Multiple Products,2023-12-04
CVE-2023-42917,Apple,Multiple Products,2023-12-04
CVE-2022-22071,Qualcomm,Multiple Chipsets,2023-12-05
CVE-2023-33063,Qualcomm,Multiple Chipsets,2023-12-05
CVE-2023-33106,Qualcomm,Multiple Chipsets,2023-12-05
CVE-2023-33107,Qualcomm,Multiple Chipsets,2023-12-05
CVE-2023-41265,Qlik,Sense,2023-12-07
CVE-2023-41266,Qlik,Sense,2023-12-07
CVE-2023-6448,Unitronics,Vision PLC and HMI,2023-12-11
CVE-2023-47565,QNAP,VioStor NVR,2023-12-21
CVE-2023-49897,FXC,"AE1021, AE1021PE",2023-12-21
CVE-2023-7024,Google Chromium,WebRTC,2024-01-02
CVE-2023-7024,Google,Chromium WebRTC,2024-01-02
CVE-2023-7101,Spreadsheet::ParseExcel,Spreadsheet::ParseExcel,2024-01-02
CVE-2016-20017,D-Link,DSL-2750B Devices,2024-01-08
CVE-2023-23752,Joomla!,Joomla!,2024-01-08
CVE-2023-27524,Apache,Superset,2024-01-08
CVE-2023-29300,Adobe,ColdFusion,2024-01-08
CVE-2023-38203,Adobe,ColdFusion,2024-01-08
CVE-2023-41990,Apple,Multiple Products,2024-01-08
CVE-2023-29357,Microsoft,SharePoint Server,2024-01-10
CVE-2023-46805,Ivanti,Connect Secure and Policy Secure,2024-01-10
CVE-2024-21887,Ivanti,Connect Secure and Policy Secure,2024-01-10
CVE-2018-15133,Laravel,Laravel Framework,2024-01-16
CVE-2023-6548,Citrix,NetScaler ADC and NetScaler Gateway,2024-01-17
CVE-2023-6549,Citrix,NetScaler ADC and NetScaler Gateway,2024-01-17
CVE-2024-0519,Google,Chromium V8,2024-01-17
CVE-2023-35082,Ivanti,Endpoint Manager Mobile (EPMM) and MobileIron Core,2024-01-18
CVE-2023-34048,VMware,vCenter Server,2024-01-22
CVE-2024-23222,Apple,Multiple Products,2024-01-23
CVE-2023-22527,Atlassian,Confluence Data Center and Server,2024-01-24
CVE-2022-48618,Apple,Multiple Products,2024-01-31
CVE-2024-21893,Ivanti,"Connect Secure, Policy Secure, and Neurons",2024-01-31
CVE-2023-4762,Google,Chromium V8 Engine,2024-02-06
CVE-2023-4762,Google,Chromium V8,2024-02-06
CVE-2024-21762,Fortinet,FortiOS,2024-02-09
CVE-2023-43770,Roundcube,Webmail,2024-02-12
CVE-2024-21351,Microsoft,Windows,2024-02-13
CVE-2024-21412,Microsoft,Windows,2024-02-13
CVE-2020-3259,Cisco,Adaptive Security Appliance (ASA) and Firepower Threat Defense (FTD),2024-02-15
CVE-2024-21410,Microsoft,Exchange Server,2024-02-15
CVE-2024-1709,ConnectWise,ScreenConnect,2024-02-22
CVE-2023-29360,Microsoft,Streaming Service,2024-02-29
CVE-2024-21338,Microsoft,Windows,2024-03-04
CVE-2021-36380,Sunhillo,SureLine,2024-03-05
CVE-2023-21237,Android,Pixel,2024-03-05
CVE-2024-23225,Apple,iOS and iPadOS,2024-03-06
CVE-2024-23225,Apple,Multiple Products,2024-03-06
CVE-2024-23296,Apple,iOS and iPadOS,2024-03-06
CVE-2024-23296,Apple,Multiple Products,2024-03-06
CVE-2024-27198,JetBrains,TeamCity,2024-03-07
CVE-2019-7256,Nice,Linear eMerge E3-Series,2024-03-25
CVE-2021-44529,Ivanti,Endpoint Manager Cloud Service Appliance (EPM CSA),2024-03-25
CVE-2023-48788,Fortinet,FortiClient EMS,2024-03-25
CVE-2023-24955,Microsoft,SharePoint Server,2024-03-26
CVE-2024-29745,Android,Pixel,2024-04-04
CVE-2024-29748,Android,Pixel,2024-04-04
CVE-2024-3272,D-Link,Multiple NAS Devices,2024-04-11
CVE-2024-3273,D-Link,Multiple NAS Devices,2024-04-11
CVE-2024-3400,Palo Alto Networks,PAN-OS,2024-04-12
CVE-2022-38028,Microsoft,Windows,2024-04-23
CVE-2024-20353,Cisco,Adaptive Security Appliance (ASA) and Firepower Threat Defense (FTD),2024-04-24
CVE-2024-20359,Cisco,Adaptive Security Appliance (ASA) and Firepower Threat Defense (FTD),2024-04-24
CVE-2024-4040,CrushFTP,CrushFTP,2024-04-24
CVE-2024-29988,Microsoft,SmartScreen Prompt,2024-04-30
CVE-2023-7028,GitLab,GitLab CE/EE,2024-05-01
CVE-2024-4671,Google,Chromium,2024-05-13
CVE-2024-30040,Microsoft,Windows,2024-05-14
CVE-2024-30051,Microsoft,DWM Core Library,2024-05-14
CVE-2014-100005,D-Link,DIR-600 Router,2024-05-16
CVE-2021-40655,D-Link,DIR-605 Router,2024-05-16
CVE-2024-4761,Google,Chromium Visuals,2024-05-16
CVE-2023-43208,NextGen Healthcare,Mirth Connect,2024-05-20
CVE-2024-4947,Google,Chromium V8,2024-05-20
CVE-2020-17519,Apache,Flink,2024-05-23
CVE-2024-5274,Google,Chromium V8,2024-05-28
CVE-2024-4978,Justice AV Solutions,Viewer ,2024-05-29
CVE-2024-1086,Linux,Kernel,2024-05-30
CVE-2024-24919,Check Point,Quantum Security Gateways,2024-05-30
CVE-2017-3506,Oracle,WebLogic Server,2024-06-03
CVE-2024-4577,PHP Group,PHP,2024-06-12
CVE-2024-4610,Arm,Mali GPU Kernel Driver,2024-06-12
CVE-2024-26169,Microsoft,Windows,2024-06-13
CVE-2024-32896,Android,Pixel,2024-06-13
CVE-2024-4358,Progress,Telerik Report Server,2024-06-13
CVE-2020-13965,Roundcube,Webmail,2024-06-26
CVE-2022-24816,OSGeo,JAI-EXT,2024-06-26
CVE-2022-24816,GeoSolutionsGroup,JAI-EXT,2024-06-26
CVE-2022-2586,Linux,Kernel,2024-06-26
CVE-2024-20399,Cisco,NX-OS,2024-07-02
CVE-2024-23692,Rejetto,HTTP File Server,2024-07-09
CVE-2024-38080,Microsoft,Windows ,2024-07-09
CVE-2024-38112,Microsoft,Windows,2024-07-09
CVE-2024-36401,OSGeo,GeoServer,2024-07-15
CVE-2022-22948,VMware,vCenter Server,2024-07-17
CVE-2024-28995,SolarWinds,Serv-U,2024-07-17
CVE-2024-34102,Adobe,Commerce and Magento Open Source,2024-07-17
CVE-2012-4792,Microsoft,Internet Explorer,2024-07-23
CVE-2024-39891,Twilio,Authy,2024-07-23
CVE-2023-45249,Acronis,Cyber Infrastructure (ACI),2024-07-29
CVE-2024-4879,ServiceNow,"Utah, Vancouver, and Washington DC Now",2024-07-29
CVE-2024-5217,ServiceNow,"Utah, Vancouver, and Washington DC Now",2024-07-29
CVE-2024-37085,VMware,ESXi,2024-07-30
CVE-2018-0824,Microsoft,Windows,2024-08-05
CVE-2024-32113,Apache,OFBiz,2024-08-07
CVE-2024-36971,Android,Kernel,2024-08-07
CVE-2024-38106,Microsoft,Windows,2024-08-13
CVE-2024-38107,Microsoft,Windows,2024-08-13
CVE-2024-38178,Microsoft,Windows,2024-08-13
CVE-2024-38189,Microsoft,Project,2024-08-13
CVE-2024-38193,Microsoft,Windows,2024-08-13
CVE-2024-38213,Microsoft,Windows,2024-08-13
CVE-2024-28986,SolarWinds,Web Help Desk,2024-08-15
CVE-2024-23897,Jenkins,Jenkins Command Line Interface (CLI),2024-08-19
CVE-2021-31196,Microsoft,Exchange Server,2024-08-21
CVE-2021-33044,Dahua,IP Camera Firmware,2024-08-21
CVE-2021-33045,Dahua,IP Camera Firmware,2024-08-21
CVE-2022-0185,Linux,Kernel,2024-08-21
CVE-2024-39717,Versa,Director,2024-08-23
CVE-2024-7971,Google,Chromium V8,2024-08-26
CVE-2024-38856,Apache,OFBiz,2024-08-27
CVE-2024-7965,Google,Chromium V8,2024-08-28
CVE-2021-20123,DrayTek,VigorConnect,2024-09-03
CVE-2021-20124,DrayTek,VigorConnect,2024-09-03
CVE-2024-7262,Kingsoft,WPS Office,2024-09-03
CVE-2016-3714,ImageMagick,ImageMagick,2024-09-09
CVE-2017-1000253,Linux,Kernel,2024-09-09
CVE-2024-40766,SonicWall,SonicOS,2024-09-09
CVE-2024-38014,Microsoft,Windows,2024-09-10
CVE-2024-38217,Microsoft,Windows,2024-09-10
CVE-2024-38226,Microsoft,Publisher,2024-09-10
CVE-2024-43491,Microsoft,Windows,2024-09-10
CVE-2024-8190,Ivanti,Cloud Services Appliance,2024-09-13
CVE-2024-43461,Microsoft,Windows,2024-09-16
CVE-2024-6670,Progress,WhatsUp Gold,2024-09-16
CVE-2013-0643,Adobe,Flash Player,2024-09-17
CVE-2013-0648,Adobe,Flash Player,2024-09-17
CVE-2014-0497,Adobe,Flash Player,2024-09-17
CVE-2014-0502,Adobe,Flash Player,2024-09-17
CVE-2019-1069,Microsoft,Windows,2024-09-18
CVE-2020-0618,Microsoft,SQL Server,2024-09-18
CVE-2020-14644,Oracle,WebLogic Server,2024-09-18
CVE-2022-21445,Oracle,JDeveloper,2024-09-18
CVE-2022-21445,Oracle,ADF Faces,2024-09-18
CVE-2024-27348,Apache,HugeGraph-Server,2024-09-18
CVE-2024-8963,Ivanti,Cloud Services Appliance (CSA),2024-09-19
CVE-2024-7593,Ivanti,Virtual Traffic Manager,2024-09-24
CVE-2019-0344,SAP,Commerce Cloud,2024-09-30
CVE-2020-15415,DrayTek,Multiple Vigor Routers,2024-09-30
CVE-2021-4043,Motion Spell,GPAC,2024-09-30
CVE-2023-25280,D-Link,DIR-820 Router,2024-09-30
CVE-2024-29824,Ivanti,Endpoint Manager (EPM),2024-10-02
CVE-2024-45519,Synacor,Zimbra Collaboration,2024-10-03
CVE-2024-43047,Qualcomm,Multiple Chipsets ,2024-10-08
CVE-2024-43572,Microsoft,Windows,2024-10-08
CVE-2024-43573,Microsoft,Windows,2024-10-08
CVE-2024-23113,Fortinet,Multiple Products,2024-10-09
CVE-2024-9379,Ivanti,Cloud Services Appliance (CSA),2024-10-09
CVE-2024-9380,Ivanti,Cloud Services Appliance (CSA),2024-10-09
CVE-2024-28987,SolarWinds,Web Help Desk,2024-10-15
CVE-2024-30088,Microsoft,Windows ,2024-10-15
CVE-2024-9680,Mozilla,Firefox,2024-10-15
CVE-2024-40711,Veeam,Backup & Replication,2024-10-17
CVE-2024-9537,ScienceLogic,SL1,2024-10-21
CVE-2024-38094,Microsoft,SharePoint,2024-10-22
CVE-2024-47575,Fortinet,FortiManager,2024-10-23
CVE-2024-20481,Cisco,Adaptive Security Appliance (ASA) and Firepower Threat Defense (FTD),2024-10-24
CVE-2024-37383,Roundcube,Webmail,2024-10-24
CVE-2024-8956,PTZOptics,PT30X-SDI/NDI Cameras,2024-11-04
CVE-2024-8957,PTZOptics,PT30X-SDI/NDI Cameras,2024-11-04
CVE-2019-16278,Nostromo,nhttpd,2024-11-07
CVE-2024-43093,Android,Framework,2024-11-07
CVE-2024-51567,CyberPersons,CyberPanel,2024-11-07
CVE-2024-5910,Palo Alto,Expedition,2024-11-07
CVE-2024-5910,Palo Alto Networks,Expedition,2024-11-07
CVE-2014-2120,Cisco,Adaptive Security Appliance (ASA),2024-11-12
CVE-2021-26086,Atlassian,Jira Server and Data Center,2024-11-12
CVE-2021-41277,Metabase,Metabase,2024-11-12
CVE-2024-43451,Microsoft,Windows,2024-11-12
CVE-2024-49039,Microsoft,Windows,2024-11-12
CVE-2024-9463,Palo Alto Networks,Expedition,2024-11-14
CVE-2024-9465,Palo Alto Networks,Expedition,2024-11-14
CVE-2024-0012,Palo Alto Networks,PAN-OS,2024-11-18
CVE-2024-1212,Progress,Kemp LoadMaster,2024-11-18
CVE-2024-9474,Palo Alto Networks,PAN-OS,2024-11-18
CVE-2024-38812,VMware,vCenter Server,2024-11-20
CVE-2024-38813,VMware,vCenter Server,2024-11-20
CVE-2024-21287,Oracle,Agile Product Lifecycle Management (PLM),2024-11-21
CVE-2024-44308,Apple,Multiple Products,2024-11-21
CVE-2024-44309,Apple,Multiple Products,2024-11-21
CVE-2023-28461,Array Networks ,AG/vxAG ArrayOS,2024-11-25
CVE-2023-45727,North Grid,Proself,2024-12-03
CVE-2024-11667,Zyxel,Multiple Firewalls,2024-12-03
CVE-2024-11680,ProjectSend,ProjectSend,2024-12-03
CVE-2024-51378,CyberPersons,CyberPanel,2024-12-04
CVE-2025-6554,Google,Chromium V8,2025-07-02
CVE-2025-48928,TeleMessage,TM SGNL,2025-07-01
CVE-2025-48927,TeleMessage,TM SGNL,2025-07-01
CVE-2025-6543,Citrix,NetScaler ADC and Gateway,2025-06-30
CVE-2019-6693,Fortinet,FortiOS,2025-06-25
CVE-2024-0769,D-Link,DIR-859 Router,2025-06-25
CVE-2024-54085,AMI,MegaRAC SPx,2025-06-25
CVE-2023-0386,Linux,Kernel,2025-06-17
CVE-2023-33538,TP-Link,Multiple Routers,2025-06-16
CVE-2025-43200,Apple,Multiple Products,2025-06-16
CVE-2025-33053,Microsoft,Windows,2025-06-10
CVE-2025-24016,Wazuh,Wazuh Server,2025-06-10
CVE-2024-42009,Roundcube,Webmail,2025-06-09
CVE-2025-32433,Erlang,Erlang/OTP,2025-06-09
CVE-2025-5419,Google,Chromium V8,2025-06-05
CVE-2025-21479,Qualcomm,Multiple Chipsets,2025-06-03
CVE-2025-21480,Qualcomm,Multiple Chipsets,2025-06-03
CVE-2025-27038,Qualcomm,Multiple Chipsets,2025-06-03
CVE-2021-32030,ASUS,Routers,2025-06-02
CVE-2025-3935,ConnectWise,ScreenConnect,2025-06-02
CVE-2025-35939,Craft CMS,Craft CMS,2025-06-02
CVE-2024-56145,Craft CMS,Craft CMS,2025-06-02
CVE-2023-39780,ASUS,RT-AX55 Routers,2025-06-02
CVE-2025-4632,Samsung,MagicINFO 9 Server,2025-05-22
CVE-2023-38950,ZKTeco,BioTime,2025-05-19
CVE-2024-27443,Synacor,Zimbra Collaboration Suite (ZCS),2025-05-19
CVE-2025-27920,Srimax,Output Messenger,2025-05-19
CVE-2024-11182,MDaemon,Email Server,2025-05-19
CVE-2025-4428,Ivanti,Endpoint Manager Mobile (EPMM),2025-05-19
CVE-2025-4427,Ivanti,Endpoint Manager Mobile (EPMM),2025-05-19
CVE-2025-42999,SAP,NetWeaver,2025-05-15
CVE-2024-12987,DrayTek,Vigor Routers,2025-05-15
CVE-2025-32756,Fortinet,Multiple Products,2025-05-14
CVE-2025-32709,Microsoft,Windows,2025-05-13
CVE-2025-30397,Microsoft,Windows,2025-05-13
CVE-2025-32706,Microsoft,Windows,2025-05-13
CVE-2025-32701,Microsoft,Windows,2025-05-13
CVE-2025-30400,Microsoft,Windows,2025-05-13
CVE-2025-47729,TeleMessage,TM SGNL,2025-05-12
CVE-2024-11120,GeoVision,Multiple Devices,2025-05-07
CVE-2024-6047,GeoVision,Multiple Devices,2025-05-07
CVE-2025-27363,FreeType,FreeType,2025-05-06
CVE-2025-3248,Langflow,Langflow,2025-05-05
CVE-2025-34028,Commvault,Command Center,2025-05-02
CVE-2024-58136,Yiiframework,Yii,2025-05-02
CVE-2024-38475,Apache,HTTP Server,2025-05-01
CVE-2023-44221,SonicWall,SMA100 Appliances,2025-05-01
CVE-2025-31324,SAP,NetWeaver,2025-04-29
CVE-2025-1976,Broadcom,Brocade Fabric OS,2025-04-28
CVE-2025-42599,Qualitia,Active! Mail,2025-04-28
CVE-2025-3928,Commvault,Web Server,2025-04-28
CVE-2025-24054,Microsoft,Windows,2025-04-17
CVE-2025-31201,Apple,Multiple Products,2025-04-17
CVE-2025-31200,Apple,Multiple Products,2025-04-17
CVE-2021-20035,SonicWall,SMA100 Appliances,2025-04-16
CVE-2024-53150,Linux,Kernel,2025-04-09
CVE-2024-53197,Linux,Kernel,2025-04-09
CVE-2025-29824,Microsoft,Windows,2025-04-08
CVE-2025-30406,Gladinet,CentreStack,2025-04-08
CVE-2025-31161,CrushFTP,CrushFTP,2025-04-07
CVE-2025-22457,Ivanti,"Connect Secure, Policy Secure, and ZTA Gateways",2025-04-04
CVE-2025-24813,Apache,Tomcat,2025-04-01
CVE-2024-20439,Cisco,Smart Licensing Utility,2025-03-31
CVE-2025-2783,Google,Chromium Mojo,2025-03-27
CVE-2019-9875,Sitecore,CMS and Experience Platform (XP),2025-03-26
CVE-2019-9874,Sitecore,CMS and Experience Platform (XP),2025-03-26
CVE-2025-30154,reviewdog,action-setup GitHub Action,2025-03-24
CVE-2017-12637,SAP,NetWeaver,2025-03-19
CVE-2024-48248,NAKIVO,Backup and Replication,2025-03-19
CVE-2025-1316,Edimax,IC-7100 IP Camera,2025-03-19
CVE-2025-30066,tj-actions,changed-files GitHub Action,2025-03-18
CVE-2025-24472,Fortinet,FortiOS and FortiProxy,2025-03-18
CVE-2025-21590,Juniper,Junos OS,2025-03-13
CVE-2025-24201,Apple,Multiple Products,2025-03-13
CVE-2025-24993,Microsoft,Windows,2025-03-11
CVE-2025-24991,Microsoft,Windows,2025-03-11
CVE-2025-24985,Microsoft,Windows,2025-03-11
CVE-2025-24984,Microsoft,Windows,2025-03-11
CVE-2025-24983,Microsoft,Windows,2025-03-11
CVE-2025-26633,Microsoft,Windows,2025-03-11
CVE-2024-13161,Ivanti,Endpoint Manager (EPM),2025-03-10
CVE-2024-13160,Ivanti,Endpoint Manager (EPM),2025-03-10
CVE-2024-13159,Ivanti,Endpoint Manager (EPM),2025-03-10
CVE-2024-57968,Advantive,VeraCore,2025-03-10
CVE-2025-25181,Advantive,VeraCore,2025-03-10
CVE-2025-22226,VMware,"ESXi, Workstation, and Fusion",2025-03-04
CVE-2025-22225,VMware,ESXi,2025-03-04
CVE-2025-22224,VMware,ESXi and Workstation,2025-03-04
CVE-2024-50302,Linux,Kernel,2025-03-04
CVE-2024-4885,Progress,WhatsUp Gold,2025-03-03
CVE-2018-8639,Microsoft,Windows,2025-03-03
CVE-2022-43769,Hitachi Vantara,Pentaho Business Analytics (BA) Server,2025-03-03
CVE-2022-43939,Hitachi Vantara,Pentaho Business Analytics (BA) Server,2025-03-03
CVE-2023-20118,Cisco,Small Business RV Series Routers,2025-03-03
CVE-2023-34192,Synacor,Zimbra Collaboration Suite (ZCS),2025-02-25
CVE-2024-49035,Microsoft,Partner Center,2025-02-25
CVE-2024-20953,Oracle,Agile Product Lifecycle Management (PLM),2025-02-24
CVE-2017-3066,Adobe,ColdFusion,2025-02-24
CVE-2025-24989,Microsoft,Power Pages,2025-02-21
CVE-2025-0111,Palo Alto Networks,PAN-OS,2025-02-20
CVE-2025-23209,Craft CMS,Craft CMS,2025-02-20
CVE-2025-0108,Palo Alto Networks,PAN-OS,2025-02-18
CVE-2024-53704,SonicWall,SonicOS,2025-02-18
CVE-2024-57727,SimpleHelp ,SimpleHelp,2025-02-13
CVE-2025-24200,Apple,iOS and iPadOS,2025-02-12
CVE-2024-41710,Mitel,SIP Phones,2025-02-12
CVE-2024-40891,Zyxel,DSL CPE Devices,2025-02-11
CVE-2024-40890,Zyxel,DSL CPE Devices,2025-02-11
CVE-2025-21418,Microsoft,Windows,2025-02-11
CVE-2025-21391,Microsoft,Windows,2025-02-11
CVE-2025-0994,Trimble,Cityworks,2025-02-07
CVE-2020-15069,Sophos,XG Firewall,2025-02-06
CVE-2020-29574,Sophos,CyberoamOS,2025-02-06
CVE-2024-21413,Microsoft,Office Outlook,2025-02-06
CVE-2022-23748,Audinate,Dante Discovery,2025-02-06
CVE-2025-0411,7-Zip,7-Zip,2025-02-06
CVE-2024-53104,Linux,Kernel,2025-02-05
CVE-2018-19410,Paessler,PRTG Network Monitor,2025-02-04
CVE-2018-9276,Paessler,PRTG Network Monitor,2025-02-04
CVE-2024-29059,Microsoft,.NET Framework,2025-02-04
CVE-2024-45195,Apache,OFBiz,2025-02-04
CVE-2025-24085,Apple,Multiple Products,2025-01-29
CVE-2025-23006,SonicWall,SMA1000 Appliances,2025-01-24
CVE-2020-11023,JQuery,JQuery,2025-01-23
CVE-2024-50603,Aviatrix,Controllers,2025-01-16
CVE-2025-21335,Microsoft,Windows,2025-01-14
CVE-2025-21334,Microsoft,Windows,2025-01-14
CVE-2025-21333,Microsoft,Windows,2025-01-14
CVE-2024-55591,Fortinet,FortiOS and FortiProxy,2025-01-14
CVE-2023-48365,Qlik,Sense,2025-01-13
CVE-2024-12686,BeyondTrust,Privileged Remote Access (PRA) and Remote Support (RS),2025-01-13
CVE-2025-0282,Ivanti,"Connect Secure, Policy Secure, and ZTA Gateways",2025-01-08
CVE-2020-2883,Oracle,WebLogic Server,2025-01-07
CVE-2024-55550,Mitel,MiCollab,2025-01-07
CVE-2024-41713,Mitel,MiCollab,2025-01-07
CVE-2024-3393,Palo Alto Networks,PAN-OS,2024-12-30
CVE-2021-44207,Acclaim Systems,USAHERDS,2024-12-23
CVE-2024-12356,BeyondTrust,Privileged Remote Access (PRA) and Remote Support (RS) ,2024-12-19
CVE-2021-40407,Reolink,RLC-410W IP Camera,2024-12-18
CVE-2019-11001,Reolink,Multiple IP Cameras,2024-12-18
CVE-2022-23227,NUUO,NVRmini2 Devices,2024-12-18
CVE-2018-14933,NUUO,NVRmini Devices,2024-12-18
CVE-2024-55956,Cleo,Multiple Products,2024-12-17
CVE-2024-35250,Microsoft,Windows,2024-12-16
CVE-2024-20767,Adobe,ColdFusion,2024-12-16
CVE-2024-50623,Cleo,Multiple Products,2024-12-13
CVE-2024-49138,Microsoft,Windows,2024-12-10
